Model,Embedding,Selected_Features,Train_ACC,Train_BACC,Train_PRE,Train_SPEC,Train_SENS,Train_F1,Train_MCC,Test_ACC,Test_BACC,Test_PRE,Test_SPEC,Test_SENS,Test_F1,Test_MCC,Selector,Selected_Feature_Names
Logistic Regression,RDKit,128,0.8255,0.777,0.7953,0.9379,0.777,0.7851,0.6967,0.8151,0.7554,0.7806,0.9342,0.7554,0.7664,0.6782,L1,MaxAbsEStateIndex|MinAbsEStateIndex|MinEStateIndex|qed|SPS|MaxPartialCharge|MinPartialCharge|MaxAbsPartialCharge|FpDensityMorgan1|FpDensityMorgan2|FpDensityMorgan3|BCUT2D_MWHI|BCUT2D_MWLOW|BCUT2D_CHGLO|BCUT2D_LOGPHI|BCUT2D_LOGPLOW|BCUT2D_MRHI|BCUT2D_MRLOW|AvgIpc|BalabanJ|BertzCT|HallKierAlpha|Ipc|Kappa2|Kappa3|PEOE_VSA10|PEOE_VSA11|PEOE_VSA12|PEOE_VSA13|PEOE_VSA14|PEOE_VSA2|PEOE_VSA3|PEOE_VSA4|PEOE_VSA5|PEOE_VSA6|PEOE_VSA7|PEOE_VSA8|PEOE_VSA9|SMR_VSA10|SMR_VSA2|SMR_VSA3|SMR_VSA4|SMR_VSA5|SMR_VSA6|SMR_VSA7|SlogP_VSA1|SlogP_VSA10|SlogP_VSA3|SlogP_VSA4|SlogP_VSA5|SlogP_VSA7|SlogP_VSA8|EState_VSA10|EState_VSA2|EState_VSA3|EState_VSA4|EState_VSA5|EState_VSA6|EState_VSA7|EState_VSA8|EState_VSA9|VSA_EState1|VSA_EState10|VSA_EState2|VSA_EState4|VSA_EState6|VSA_EState7|VSA_EState8|VSA_EState9|FractionCSP3|NHOHCount|NumAliphaticCarbocycles|NumAliphaticHeterocycles|NumAmideBonds|NumAromaticCarbocycles|NumAromaticHeterocycles|NumAromaticRings|NumBridgeheadAtoms|NumHeterocycles|NumRotatableBonds|NumSaturatedHeterocycles|NumSpiroAtoms|NumUnspecifiedAtomStereoCenters|MolLogP|fr_Al_COO|fr_Al_OH|fr_ArN|fr_Ar_COO|fr_Ar_N|fr_Ar_NH|fr_Ar_OH|fr_C_O|fr_C_O_noCOO|fr_Imine|fr_NH0|fr_NH1|fr_NH2|fr_Ndealkylation1|fr_Ndealkylation2|fr_SH|fr_aldehyde|fr_alkyl_halide|fr_allylic_oxid|fr_aniline|fr_aryl_methyl|fr_bicyclic|fr_ester|fr_ether|fr_furan|fr_halogen|fr_imidazole|fr_ketone|fr_ketone_Topliss|fr_lactone|fr_methoxy|fr_nitrile|fr_nitro|fr_nitro_arom|fr_nitro_arom_nonortho|fr_para_hydroxylation|fr_phos_ester|fr_piperdine|fr_priamide|fr_pyridine|fr_sulfide|fr_sulfonamd|fr_unbrch_alkane|fr_urea
Decision Tree,RDKit,128,0.9897,0.9824,0.9947,0.9952,0.9824,0.9883,0.9824,0.839,0.766,0.7881,0.9452,0.766,0.7766,0.721,L1,MaxAbsEStateIndex|MinAbsEStateIndex|MinEStateIndex|qed|SPS|MaxPartialCharge|MinPartialCharge|MaxAbsPartialCharge|FpDensityMorgan1|FpDensityMorgan2|FpDensityMorgan3|BCUT2D_MWHI|BCUT2D_MWLOW|BCUT2D_CHGLO|BCUT2D_LOGPHI|BCUT2D_LOGPLOW|BCUT2D_MRHI|BCUT2D_MRLOW|AvgIpc|BalabanJ|BertzCT|HallKierAlpha|Ipc|Kappa2|Kappa3|PEOE_VSA10|PEOE_VSA11|PEOE_VSA12|PEOE_VSA13|PEOE_VSA14|PEOE_VSA2|PEOE_VSA3|PEOE_VSA4|PEOE_VSA5|PEOE_VSA6|PEOE_VSA7|PEOE_VSA8|PEOE_VSA9|SMR_VSA10|SMR_VSA2|SMR_VSA3|SMR_VSA4|SMR_VSA5|SMR_VSA6|SMR_VSA7|SlogP_VSA1|SlogP_VSA10|SlogP_VSA3|SlogP_VSA4|SlogP_VSA5|SlogP_VSA7|SlogP_VSA8|EState_VSA10|EState_VSA2|EState_VSA3|EState_VSA4|EState_VSA5|EState_VSA6|EState_VSA7|EState_VSA8|EState_VSA9|VSA_EState1|VSA_EState10|VSA_EState2|VSA_EState4|VSA_EState6|VSA_EState7|VSA_EState8|VSA_EState9|FractionCSP3|NHOHCount|NumAliphaticCarbocycles|NumAliphaticHeterocycles|NumAmideBonds|NumAromaticCarbocycles|NumAromaticHeterocycles|NumAromaticRings|NumBridgeheadAtoms|NumHeterocycles|NumRotatableBonds|NumSaturatedHeterocycles|NumSpiroAtoms|NumUnspecifiedAtomStereoCenters|MolLogP|fr_Al_COO|fr_Al_OH|fr_ArN|fr_Ar_COO|fr_Ar_N|fr_Ar_NH|fr_Ar_OH|fr_C_O|fr_C_O_noCOO|fr_Imine|fr_NH0|fr_NH1|fr_NH2|fr_Ndealkylation1|fr_Ndealkylation2|fr_SH|fr_aldehyde|fr_alkyl_halide|fr_allylic_oxid|fr_aniline|fr_aryl_methyl|fr_bicyclic|fr_ester|fr_ether|fr_furan|fr_halogen|fr_imidazole|fr_ketone|fr_ketone_Topliss|fr_lactone|fr_methoxy|fr_nitrile|fr_nitro|fr_nitro_arom|fr_nitro_arom_nonortho|fr_para_hydroxylation|fr_phos_ester|fr_piperdine|fr_priamide|fr_pyridine|fr_sulfide|fr_sulfonamd|fr_unbrch_alkane|fr_urea
Random Forest,RDKit,128,0.9897,0.9896,0.9875,0.9966,0.9896,0.9886,0.9824,0.8906,0.8474,0.8691,0.9614,0.8474,0.8577,0.8108,L1,MaxAbsEStateIndex|MinAbsEStateIndex|MinEStateIndex|qed|SPS|MaxPartialCharge|MinPartialCharge|MaxAbsPartialCharge|FpDensityMorgan1|FpDensityMorgan2|FpDensityMorgan3|BCUT2D_MWHI|BCUT2D_MWLOW|BCUT2D_CHGLO|BCUT2D_LOGPHI|BCUT2D_LOGPLOW|BCUT2D_MRHI|BCUT2D_MRLOW|AvgIpc|BalabanJ|BertzCT|HallKierAlpha|Ipc|Kappa2|Kappa3|PEOE_VSA10|PEOE_VSA11|PEOE_VSA12|PEOE_VSA13|PEOE_VSA14|PEOE_VSA2|PEOE_VSA3|PEOE_VSA4|PEOE_VSA5|PEOE_VSA6|PEOE_VSA7|PEOE_VSA8|PEOE_VSA9|SMR_VSA10|SMR_VSA2|SMR_VSA3|SMR_VSA4|SMR_VSA5|SMR_VSA6|SMR_VSA7|SlogP_VSA1|SlogP_VSA10|SlogP_VSA3|SlogP_VSA4|SlogP_VSA5|SlogP_VSA7|SlogP_VSA8|EState_VSA10|EState_VSA2|EState_VSA3|EState_VSA4|EState_VSA5|EState_VSA6|EState_VSA7|EState_VSA8|EState_VSA9|VSA_EState1|VSA_EState10|VSA_EState2|VSA_EState4|VSA_EState6|VSA_EState7|VSA_EState8|VSA_EState9|FractionCSP3|NHOHCount|NumAliphaticCarbocycles|NumAliphaticHeterocycles|NumAmideBonds|NumAromaticCarbocycles|NumAromaticHeterocycles|NumAromaticRings|NumBridgeheadAtoms|NumHeterocycles|NumRotatableBonds|NumSaturatedHeterocycles|NumSpiroAtoms|NumUnspecifiedAtomStereoCenters|MolLogP|fr_Al_COO|fr_Al_OH|fr_ArN|fr_Ar_COO|fr_Ar_N|fr_Ar_NH|fr_Ar_OH|fr_C_O|fr_C_O_noCOO|fr_Imine|fr_NH0|fr_NH1|fr_NH2|fr_Ndealkylation1|fr_Ndealkylation2|fr_SH|fr_aldehyde|fr_alkyl_halide|fr_allylic_oxid|fr_aniline|fr_aryl_methyl|fr_bicyclic|fr_ester|fr_ether|fr_furan|fr_halogen|fr_imidazole|fr_ketone|fr_ketone_Topliss|fr_lactone|fr_methoxy|fr_nitrile|fr_nitro|fr_nitro_arom|fr_nitro_arom_nonortho|fr_para_hydroxylation|fr_phos_ester|fr_piperdine|fr_priamide|fr_pyridine|fr_sulfide|fr_sulfonamd|fr_unbrch_alkane|fr_urea
Extra Trees,RDKit,128,0.9897,0.9824,0.9947,0.9952,0.9824,0.9883,0.9824,0.8928,0.8524,0.8718,0.9615,0.8524,0.8615,0.8146,L1,MaxAbsEStateIndex|MinAbsEStateIndex|MinEStateIndex|qed|SPS|MaxPartialCharge|MinPartialCharge|MaxAbsPartialCharge|FpDensityMorgan1|FpDensityMorgan2|FpDensityMorgan3|BCUT2D_MWHI|BCUT2D_MWLOW|BCUT2D_CHGLO|BCUT2D_LOGPHI|BCUT2D_LOGPLOW|BCUT2D_MRHI|BCUT2D_MRLOW|AvgIpc|BalabanJ|BertzCT|HallKierAlpha|Ipc|Kappa2|Kappa3|PEOE_VSA10|PEOE_VSA11|PEOE_VSA12|PEOE_VSA13|PEOE_VSA14|PEOE_VSA2|PEOE_VSA3|PEOE_VSA4|PEOE_VSA5|PEOE_VSA6|PEOE_VSA7|PEOE_VSA8|PEOE_VSA9|SMR_VSA10|SMR_VSA2|SMR_VSA3|SMR_VSA4|SMR_VSA5|SMR_VSA6|SMR_VSA7|SlogP_VSA1|SlogP_VSA10|SlogP_VSA3|SlogP_VSA4|SlogP_VSA5|SlogP_VSA7|SlogP_VSA8|EState_VSA10|EState_VSA2|EState_VSA3|EState_VSA4|EState_VSA5|EState_VSA6|EState_VSA7|EState_VSA8|EState_VSA9|VSA_EState1|VSA_EState10|VSA_EState2|VSA_EState4|VSA_EState6|VSA_EState7|VSA_EState8|VSA_EState9|FractionCSP3|NHOHCount|NumAliphaticCarbocycles|NumAliphaticHeterocycles|NumAmideBonds|NumAromaticCarbocycles|NumAromaticHeterocycles|NumAromaticRings|NumBridgeheadAtoms|NumHeterocycles|NumRotatableBonds|NumSaturatedHeterocycles|NumSpiroAtoms|NumUnspecifiedAtomStereoCenters|MolLogP|fr_Al_COO|fr_Al_OH|fr_ArN|fr_Ar_COO|fr_Ar_N|fr_Ar_NH|fr_Ar_OH|fr_C_O|fr_C_O_noCOO|fr_Imine|fr_NH0|fr_NH1|fr_NH2|fr_Ndealkylation1|fr_Ndealkylation2|fr_SH|fr_aldehyde|fr_alkyl_halide|fr_allylic_oxid|fr_aniline|fr_aryl_methyl|fr_bicyclic|fr_ester|fr_ether|fr_furan|fr_halogen|fr_imidazole|fr_ketone|fr_ketone_Topliss|fr_lactone|fr_methoxy|fr_nitrile|fr_nitro|fr_nitro_arom|fr_nitro_arom_nonortho|fr_para_hydroxylation|fr_phos_ester|fr_piperdine|fr_priamide|fr_pyridine|fr_sulfide|fr_sulfonamd|fr_unbrch_alkane|fr_urea
Gradient Boosting,RDKit,128,0.983,0.9798,0.9833,0.9935,0.9798,0.9815,0.9708,0.8805,0.8278,0.8593,0.9569,0.8278,0.8427,0.7922,L1,MaxAbsEStateIndex|MinAbsEStateIndex|MinEStateIndex|qed|SPS|MaxPartialCharge|MinPartialCharge|MaxAbsPartialCharge|FpDensityMorgan1|FpDensityMorgan2|FpDensityMorgan3|BCUT2D_MWHI|BCUT2D_MWLOW|BCUT2D_CHGLO|BCUT2D_LOGPHI|BCUT2D_LOGPLOW|BCUT2D_MRHI|BCUT2D_MRLOW|AvgIpc|BalabanJ|BertzCT|HallKierAlpha|Ipc|Kappa2|Kappa3|PEOE_VSA10|PEOE_VSA11|PEOE_VSA12|PEOE_VSA13|PEOE_VSA14|PEOE_VSA2|PEOE_VSA3|PEOE_VSA4|PEOE_VSA5|PEOE_VSA6|PEOE_VSA7|PEOE_VSA8|PEOE_VSA9|SMR_VSA10|SMR_VSA2|SMR_VSA3|SMR_VSA4|SMR_VSA5|SMR_VSA6|SMR_VSA7|SlogP_VSA1|SlogP_VSA10|SlogP_VSA3|SlogP_VSA4|SlogP_VSA5|SlogP_VSA7|SlogP_VSA8|EState_VSA10|EState_VSA2|EState_VSA3|EState_VSA4|EState_VSA5|EState_VSA6|EState_VSA7|EState_VSA8|EState_VSA9|VSA_EState1|VSA_EState10|VSA_EState2|VSA_EState4|VSA_EState6|VSA_EState7|VSA_EState8|VSA_EState9|FractionCSP3|NHOHCount|NumAliphaticCarbocycles|NumAliphaticHeterocycles|NumAmideBonds|NumAromaticCarbocycles|NumAromaticHeterocycles|NumAromaticRings|NumBridgeheadAtoms|NumHeterocycles|NumRotatableBonds|NumSaturatedHeterocycles|NumSpiroAtoms|NumUnspecifiedAtomStereoCenters|MolLogP|fr_Al_COO|fr_Al_OH|fr_ArN|fr_Ar_COO|fr_Ar_N|fr_Ar_NH|fr_Ar_OH|fr_C_O|fr_C_O_noCOO|fr_Imine|fr_NH0|fr_NH1|fr_NH2|fr_Ndealkylation1|fr_Ndealkylation2|fr_SH|fr_aldehyde|fr_alkyl_halide|fr_allylic_oxid|fr_aniline|fr_aryl_methyl|fr_bicyclic|fr_ester|fr_ether|fr_furan|fr_halogen|fr_imidazole|fr_ketone|fr_ketone_Topliss|fr_lactone|fr_methoxy|fr_nitrile|fr_nitro|fr_nitro_arom|fr_nitro_arom_nonortho|fr_para_hydroxylation|fr_phos_ester|fr_piperdine|fr_priamide|fr_pyridine|fr_sulfide|fr_sulfonamd|fr_unbrch_alkane|fr_urea
AdaBoost,RDKit,128,0.6709,0.3919,0.4669,0.8595,0.3919,0.4047,0.3635,0.6853,0.4113,0.4915,0.8653,0.4113,0.4255,0.3966,L1,MaxAbsEStateIndex|MinAbsEStateIndex|MinEStateIndex|qed|SPS|MaxPartialCharge|MinPartialCharge|MaxAbsPartialCharge|FpDensityMorgan1|FpDensityMorgan2|FpDensityMorgan3|BCUT2D_MWHI|BCUT2D_MWLOW|BCUT2D_CHGLO|BCUT2D_LOGPHI|BCUT2D_LOGPLOW|BCUT2D_MRHI|BCUT2D_MRLOW|AvgIpc|BalabanJ|BertzCT|HallKierAlpha|Ipc|Kappa2|Kappa3|PEOE_VSA10|PEOE_VSA11|PEOE_VSA12|PEOE_VSA13|PEOE_VSA14|PEOE_VSA2|PEOE_VSA3|PEOE_VSA4|PEOE_VSA5|PEOE_VSA6|PEOE_VSA7|PEOE_VSA8|PEOE_VSA9|SMR_VSA10|SMR_VSA2|SMR_VSA3|SMR_VSA4|SMR_VSA5|SMR_VSA6|SMR_VSA7|SlogP_VSA1|SlogP_VSA10|SlogP_VSA3|SlogP_VSA4|SlogP_VSA5|SlogP_VSA7|SlogP_VSA8|EState_VSA10|EState_VSA2|EState_VSA3|EState_VSA4|EState_VSA5|EState_VSA6|EState_VSA7|EState_VSA8|EState_VSA9|VSA_EState1|VSA_EState10|VSA_EState2|VSA_EState4|VSA_EState6|VSA_EState7|VSA_EState8|VSA_EState9|FractionCSP3|NHOHCount|NumAliphaticCarbocycles|NumAliphaticHeterocycles|NumAmideBonds|NumAromaticCarbocycles|NumAromaticHeterocycles|NumAromaticRings|NumBridgeheadAtoms|NumHeterocycles|NumRotatableBonds|NumSaturatedHeterocycles|NumSpiroAtoms|NumUnspecifiedAtomStereoCenters|MolLogP|fr_Al_COO|fr_Al_OH|fr_ArN|fr_Ar_COO|fr_Ar_N|fr_Ar_NH|fr_Ar_OH|fr_C_O|fr_C_O_noCOO|fr_Imine|fr_NH0|fr_NH1|fr_NH2|fr_Ndealkylation1|fr_Ndealkylation2|fr_SH|fr_aldehyde|fr_alkyl_halide|fr_allylic_oxid|fr_aniline|fr_aryl_methyl|fr_bicyclic|fr_ester|fr_ether|fr_furan|fr_halogen|fr_imidazole|fr_ketone|fr_ketone_Topliss|fr_lactone|fr_methoxy|fr_nitrile|fr_nitro|fr_nitro_arom|fr_nitro_arom_nonortho|fr_para_hydroxylation|fr_phos_ester|fr_piperdine|fr_priamide|fr_pyridine|fr_sulfide|fr_sulfonamd|fr_unbrch_alkane|fr_urea
XGBoost,RDKit,128,0.9879,0.9876,0.9862,0.9958,0.9876,0.9869,0.9794,0.8931,0.8454,0.8785,0.9615,0.8454,0.8611,0.8147,L1,MaxAbsEStateIndex|MinAbsEStateIndex|MinEStateIndex|qed|SPS|MaxPartialCharge|MinPartialCharge|MaxAbsPartialCharge|FpDensityMorgan1|FpDensityMorgan2|FpDensityMorgan3|BCUT2D_MWHI|BCUT2D_MWLOW|BCUT2D_CHGLO|BCUT2D_LOGPHI|BCUT2D_LOGPLOW|BCUT2D_MRHI|BCUT2D_MRLOW|AvgIpc|BalabanJ|BertzCT|HallKierAlpha|Ipc|Kappa2|Kappa3|PEOE_VSA10|PEOE_VSA11|PEOE_VSA12|PEOE_VSA13|PEOE_VSA14|PEOE_VSA2|PEOE_VSA3|PEOE_VSA4|PEOE_VSA5|PEOE_VSA6|PEOE_VSA7|PEOE_VSA8|PEOE_VSA9|SMR_VSA10|SMR_VSA2|SMR_VSA3|SMR_VSA4|SMR_VSA5|SMR_VSA6|SMR_VSA7|SlogP_VSA1|SlogP_VSA10|SlogP_VSA3|SlogP_VSA4|SlogP_VSA5|SlogP_VSA7|SlogP_VSA8|EState_VSA10|EState_VSA2|EState_VSA3|EState_VSA4|EState_VSA5|EState_VSA6|EState_VSA7|EState_VSA8|EState_VSA9|VSA_EState1|VSA_EState10|VSA_EState2|VSA_EState4|VSA_EState6|VSA_EState7|VSA_EState8|VSA_EState9|FractionCSP3|NHOHCount|NumAliphaticCarbocycles|NumAliphaticHeterocycles|NumAmideBonds|NumAromaticCarbocycles|NumAromaticHeterocycles|NumAromaticRings|NumBridgeheadAtoms|NumHeterocycles|NumRotatableBonds|NumSaturatedHeterocycles|NumSpiroAtoms|NumUnspecifiedAtomStereoCenters|MolLogP|fr_Al_COO|fr_Al_OH|fr_ArN|fr_Ar_COO|fr_Ar_N|fr_Ar_NH|fr_Ar_OH|fr_C_O|fr_C_O_noCOO|fr_Imine|fr_NH0|fr_NH1|fr_NH2|fr_Ndealkylation1|fr_Ndealkylation2|fr_SH|fr_aldehyde|fr_alkyl_halide|fr_allylic_oxid|fr_aniline|fr_aryl_methyl|fr_bicyclic|fr_ester|fr_ether|fr_furan|fr_halogen|fr_imidazole|fr_ketone|fr_ketone_Topliss|fr_lactone|fr_methoxy|fr_nitrile|fr_nitro|fr_nitro_arom|fr_nitro_arom_nonortho|fr_para_hydroxylation|fr_phos_ester|fr_piperdine|fr_priamide|fr_pyridine|fr_sulfide|fr_sulfonamd|fr_unbrch_alkane|fr_urea
SVM,RDKit,128,0.885,0.8417,0.8645,0.9581,0.8417,0.8516,0.8004,0.8569,0.795,0.8333,0.9477,0.795,0.812,0.7504,L1,MaxAbsEStateIndex|MinAbsEStateIndex|MinEStateIndex|qed|SPS|MaxPartialCharge|MinPartialCharge|MaxAbsPartialCharge|FpDensityMorgan1|FpDensityMorgan2|FpDensityMorgan3|BCUT2D_MWHI|BCUT2D_MWLOW|BCUT2D_CHGLO|BCUT2D_LOGPHI|BCUT2D_LOGPLOW|BCUT2D_MRHI|BCUT2D_MRLOW|AvgIpc|BalabanJ|BertzCT|HallKierAlpha|Ipc|Kappa2|Kappa3|PEOE_VSA10|PEOE_VSA11|PEOE_VSA12|PEOE_VSA13|PEOE_VSA14|PEOE_VSA2|PEOE_VSA3|PEOE_VSA4|PEOE_VSA5|PEOE_VSA6|PEOE_VSA7|PEOE_VSA8|PEOE_VSA9|SMR_VSA10|SMR_VSA2|SMR_VSA3|SMR_VSA4|SMR_VSA5|SMR_VSA6|SMR_VSA7|SlogP_VSA1|SlogP_VSA10|SlogP_VSA3|SlogP_VSA4|SlogP_VSA5|SlogP_VSA7|SlogP_VSA8|EState_VSA10|EState_VSA2|EState_VSA3|EState_VSA4|EState_VSA5|EState_VSA6|EState_VSA7|EState_VSA8|EState_VSA9|VSA_EState1|VSA_EState10|VSA_EState2|VSA_EState4|VSA_EState6|VSA_EState7|VSA_EState8|VSA_EState9|FractionCSP3|NHOHCount|NumAliphaticCarbocycles|NumAliphaticHeterocycles|NumAmideBonds|NumAromaticCarbocycles|NumAromaticHeterocycles|NumAromaticRings|NumBridgeheadAtoms|NumHeterocycles|NumRotatableBonds|NumSaturatedHeterocycles|NumSpiroAtoms|NumUnspecifiedAtomStereoCenters|MolLogP|fr_Al_COO|fr_Al_OH|fr_ArN|fr_Ar_COO|fr_Ar_N|fr_Ar_NH|fr_Ar_OH|fr_C_O|fr_C_O_noCOO|fr_Imine|fr_NH0|fr_NH1|fr_NH2|fr_Ndealkylation1|fr_Ndealkylation2|fr_SH|fr_aldehyde|fr_alkyl_halide|fr_allylic_oxid|fr_aniline|fr_aryl_methyl|fr_bicyclic|fr_ester|fr_ether|fr_furan|fr_halogen|fr_imidazole|fr_ketone|fr_ketone_Topliss|fr_lactone|fr_methoxy|fr_nitrile|fr_nitro|fr_nitro_arom|fr_nitro_arom_nonortho|fr_para_hydroxylation|fr_phos_ester|fr_piperdine|fr_priamide|fr_pyridine|fr_sulfide|fr_sulfonamd|fr_unbrch_alkane|fr_urea
BiGRU,RDKit,128,0.9248,0.936,0.901,0.9787,0.936,0.9161,0.8761,0.8679,0.8461,0.8289,0.9597,0.8461,0.8357,0.7787,L1,MaxAbsEStateIndex|MinAbsEStateIndex|MinEStateIndex|qed|SPS|MaxPartialCharge|MinPartialCharge|MaxAbsPartialCharge|FpDensityMorgan1|FpDensityMorgan2|FpDensityMorgan3|BCUT2D_MWHI|BCUT2D_MWLOW|BCUT2D_CHGLO|BCUT2D_LOGPHI|BCUT2D_LOGPLOW|BCUT2D_MRHI|BCUT2D_MRLOW|AvgIpc|BalabanJ|BertzCT|HallKierAlpha|Ipc|Kappa2|Kappa3|PEOE_VSA10|PEOE_VSA11|PEOE_VSA12|PEOE_VSA13|PEOE_VSA14|PEOE_VSA2|PEOE_VSA3|PEOE_VSA4|PEOE_VSA5|PEOE_VSA6|PEOE_VSA7|PEOE_VSA8|PEOE_VSA9|SMR_VSA10|SMR_VSA2|SMR_VSA3|SMR_VSA4|SMR_VSA5|SMR_VSA6|SMR_VSA7|SlogP_VSA1|SlogP_VSA10|SlogP_VSA3|SlogP_VSA4|SlogP_VSA5|SlogP_VSA7|SlogP_VSA8|EState_VSA10|EState_VSA2|EState_VSA3|EState_VSA4|EState_VSA5|EState_VSA6|EState_VSA7|EState_VSA8|EState_VSA9|VSA_EState1|VSA_EState10|VSA_EState2|VSA_EState4|VSA_EState6|VSA_EState7|VSA_EState8|VSA_EState9|FractionCSP3|NHOHCount|NumAliphaticCarbocycles|NumAliphaticHeterocycles|NumAmideBonds|NumAromaticCarbocycles|NumAromaticHeterocycles|NumAromaticRings|NumBridgeheadAtoms|NumHeterocycles|NumRotatableBonds|NumSaturatedHeterocycles|NumSpiroAtoms|NumUnspecifiedAtomStereoCenters|MolLogP|fr_Al_COO|fr_Al_OH|fr_ArN|fr_Ar_COO|fr_Ar_N|fr_Ar_NH|fr_Ar_OH|fr_C_O|fr_C_O_noCOO|fr_Imine|fr_NH0|fr_NH1|fr_NH2|fr_Ndealkylation1|fr_Ndealkylation2|fr_SH|fr_aldehyde|fr_alkyl_halide|fr_allylic_oxid|fr_aniline|fr_aryl_methyl|fr_bicyclic|fr_ester|fr_ether|fr_furan|fr_halogen|fr_imidazole|fr_ketone|fr_ketone_Topliss|fr_lactone|fr_methoxy|fr_nitrile|fr_nitro|fr_nitro_arom|fr_nitro_arom_nonortho|fr_para_hydroxylation|fr_phos_ester|fr_piperdine|fr_priamide|fr_pyridine|fr_sulfide|fr_sulfonamd|fr_unbrch_alkane|fr_urea
BiLSTM,RDKit,128,0.8887,0.9096,0.859,0.9704,0.9096,0.8787,0.8226,0.8612,0.8653,0.8151,0.9629,0.8653,0.8344,0.7778,L1,MaxAbsEStateIndex|MinAbsEStateIndex|MinEStateIndex|qed|SPS|MaxPartialCharge|MinPartialCharge|MaxAbsPartialCharge|FpDensityMorgan1|FpDensityMorgan2|FpDensityMorgan3|BCUT2D_MWHI|BCUT2D_MWLOW|BCUT2D_CHGLO|BCUT2D_LOGPHI|BCUT2D_LOGPLOW|BCUT2D_MRHI|BCUT2D_MRLOW|AvgIpc|BalabanJ|BertzCT|HallKierAlpha|Ipc|Kappa2|Kappa3|PEOE_VSA10|PEOE_VSA11|PEOE_VSA12|PEOE_VSA13|PEOE_VSA14|PEOE_VSA2|PEOE_VSA3|PEOE_VSA4|PEOE_VSA5|PEOE_VSA6|PEOE_VSA7|PEOE_VSA8|PEOE_VSA9|SMR_VSA10|SMR_VSA2|SMR_VSA3|SMR_VSA4|SMR_VSA5|SMR_VSA6|SMR_VSA7|SlogP_VSA1|SlogP_VSA10|SlogP_VSA3|SlogP_VSA4|SlogP_VSA5|SlogP_VSA7|SlogP_VSA8|EState_VSA10|EState_VSA2|EState_VSA3|EState_VSA4|EState_VSA5|EState_VSA6|EState_VSA7|EState_VSA8|EState_VSA9|VSA_EState1|VSA_EState10|VSA_EState2|VSA_EState4|VSA_EState6|VSA_EState7|VSA_EState8|VSA_EState9|FractionCSP3|NHOHCount|NumAliphaticCarbocycles|NumAliphaticHeterocycles|NumAmideBonds|NumAromaticCarbocycles|NumAromaticHeterocycles|NumAromaticRings|NumBridgeheadAtoms|NumHeterocycles|NumRotatableBonds|NumSaturatedHeterocycles|NumSpiroAtoms|NumUnspecifiedAtomStereoCenters|MolLogP|fr_Al_COO|fr_Al_OH|fr_ArN|fr_Ar_COO|fr_Ar_N|fr_Ar_NH|fr_Ar_OH|fr_C_O|fr_C_O_noCOO|fr_Imine|fr_NH0|fr_NH1|fr_NH2|fr_Ndealkylation1|fr_Ndealkylation2|fr_SH|fr_aldehyde|fr_alkyl_halide|fr_allylic_oxid|fr_aniline|fr_aryl_methyl|fr_bicyclic|fr_ester|fr_ether|fr_furan|fr_halogen|fr_imidazole|fr_ketone|fr_ketone_Topliss|fr_lactone|fr_methoxy|fr_nitrile|fr_nitro|fr_nitro_arom|fr_nitro_arom_nonortho|fr_para_hydroxylation|fr_phos_ester|fr_piperdine|fr_priamide|fr_pyridine|fr_sulfide|fr_sulfonamd|fr_unbrch_alkane|fr_urea
Logistic Regression,Morgan FP,399,0.8764,0.8466,0.8531,0.957,0.8466,0.8495,0.7867,0.844,0.7753,0.7935,0.9485,0.7753,0.7839,0.7309,L1,fp_bit_1|fp_bit_2|fp_bit_9|fp_bit_13|fp_bit_14|fp_bit_16|fp_bit_23|fp_bit_25|fp_bit_31|fp_bit_35|fp_bit_40|fp_bit_41|fp_bit_54|fp_bit_74|fp_bit_79|fp_bit_80|fp_bit_81|fp_bit_94|fp_bit_97|fp_bit_101|fp_bit_102|fp_bit_114|fp_bit_115|fp_bit_116|fp_bit_117|fp_bit_118|fp_bit_119|fp_bit_125|fp_bit_140|fp_bit_144|fp_bit_145|fp_bit_147|fp_bit_155|fp_bit_167|fp_bit_176|fp_bit_184|fp_bit_189|fp_bit_191|fp_bit_193|fp_bit_197|fp_bit_202|fp_bit_203|fp_bit_207|fp_bit_208|fp_bit_222|fp_bit_224|fp_bit_227|fp_bit_229|fp_bit_231|fp_bit_234|fp_bit_235|fp_bit_242|fp_bit_253|fp_bit_254|fp_bit_267|fp_bit_268|fp_bit_276|fp_bit_283|fp_bit_294|fp_bit_305|fp_bit_310|fp_bit_314|fp_bit_319|fp_bit_322|fp_bit_333|fp_bit_350|fp_bit_352|fp_bit_354|fp_bit_363|fp_bit_366|fp_bit_376|fp_bit_378|fp_bit_381|fp_bit_385|fp_bit_386|fp_bit_389|fp_bit_390|fp_bit_399|fp_bit_401|fp_bit_414|fp_bit_417|fp_bit_418|fp_bit_428|fp_bit_432|fp_bit_441|fp_bit_456|fp_bit_469|fp_bit_471|fp_bit_474|fp_bit_478|fp_bit_479|fp_bit_482|fp_bit_485|fp_bit_486|fp_bit_489|fp_bit_497|fp_bit_508|fp_bit_519|fp_bit_523|fp_bit_524|fp_bit_526|fp_bit_528|fp_bit_529|fp_bit_573|fp_bit_575|fp_bit_576|fp_bit_589|fp_bit_606|fp_bit_610|fp_bit_614|fp_bit_628|fp_bit_636|fp_bit_650|fp_bit_656|fp_bit_657|fp_bit_667|fp_bit_669|fp_bit_674|fp_bit_675|fp_bit_679|fp_bit_680|fp_bit_682|fp_bit_694|fp_bit_695|fp_bit_696|fp_bit_700|fp_bit_706|fp_bit_713|fp_bit_714|fp_bit_715|fp_bit_718|fp_bit_725|fp_bit_726|fp_bit_728|fp_bit_729|fp_bit_733|fp_bit_736|fp_bit_739|fp_bit_745|fp_bit_750|fp_bit_755|fp_bit_768|fp_bit_775|fp_bit_780|fp_bit_786|fp_bit_787|fp_bit_794|fp_bit_798|fp_bit_806|fp_bit_807|fp_bit_819|fp_bit_828|fp_bit_829|fp_bit_831|fp_bit_832|fp_bit_833|fp_bit_837|fp_bit_838|fp_bit_841|fp_bit_844|fp_bit_845|fp_bit_846|fp_bit_848|fp_bit_849|fp_bit_857|fp_bit_864|fp_bit_875|fp_bit_881|fp_bit_888|fp_bit_899|fp_bit_910|fp_bit_918|fp_bit_926|fp_bit_931|fp_bit_932|fp_bit_935|fp_bit_937|fp_bit_941|fp_bit_955|fp_bit_960|fp_bit_961|fp_bit_973|fp_bit_976|fp_bit_978|fp_bit_983|fp_bit_998|fp_bit_1004|fp_bit_1005|fp_bit_1017|fp_bit_1018|fp_bit_1019|fp_bit_1022|fp_bit_1025|fp_bit_1027|fp_bit_1028|fp_bit_1033|fp_bit_1037|fp_bit_1057|fp_bit_1060|fp_bit_1063|fp_bit_1065|fp_bit_1066|fp_bit_1070|fp_bit_1076|fp_bit_1077|fp_bit_1082|fp_bit_1083|fp_bit_1088|fp_bit_1096|fp_bit_1098|fp_bit_1104|fp_bit_1110|fp_bit_1111|fp_bit_1114|fp_bit_1126|fp_bit_1132|fp_bit_1134|fp_bit_1135|fp_bit_1136|fp_bit_1141|fp_bit_1143|fp_bit_1145|fp_bit_1148|fp_bit_1152|fp_bit_1154|fp_bit_1160|fp_bit_1163|fp_bit_1164|fp_bit_1168|fp_bit_1171|fp_bit_1181|fp_bit_1195|fp_bit_1199|fp_bit_1201|fp_bit_1221|fp_bit_1224|fp_bit_1226|fp_bit_1232|fp_bit_1234|fp_bit_1238|fp_bit_1243|fp_bit_1249|fp_bit_1257|fp_bit_1265|fp_bit_1267|fp_bit_1274|fp_bit_1290|fp_bit_1292|fp_bit_1296|fp_bit_1302|fp_bit_1308|fp_bit_1309|fp_bit_1313|fp_bit_1325|fp_bit_1336|fp_bit_1348|fp_bit_1349|fp_bit_1353|fp_bit_1356|fp_bit_1357|fp_bit_1365|fp_bit_1366|fp_bit_1380|fp_bit_1385|fp_bit_1386|fp_bit_1387|fp_bit_1391|fp_bit_1407|fp_bit_1410|fp_bit_1420|fp_bit_1427|fp_bit_1428|fp_bit_1431|fp_bit_1432|fp_bit_1444|fp_bit_1447|fp_bit_1448|fp_bit_1452|fp_bit_1454|fp_bit_1457|fp_bit_1459|fp_bit_1469|fp_bit_1475|fp_bit_1476|fp_bit_1480|fp_bit_1482|fp_bit_1487|fp_bit_1496|fp_bit_1497|fp_bit_1500|fp_bit_1511|fp_bit_1516|fp_bit_1522|fp_bit_1536|fp_bit_1538|fp_bit_1547|fp_bit_1555|fp_bit_1564|fp_bit_1572|fp_bit_1573|fp_bit_1574|fp_bit_1579|fp_bit_1581|fp_bit_1586|fp_bit_1599|fp_bit_1600|fp_bit_1602|fp_bit_1604|fp_bit_1607|fp_bit_1612|fp_bit_1613|fp_bit_1616|fp_bit_1619|fp_bit_1624|fp_bit_1631|fp_bit_1648|fp_bit_1656|fp_bit_1663|fp_bit_1672|fp_bit_1683|fp_bit_1689|fp_bit_1691|fp_bit_1696|fp_bit_1708|fp_bit_1715|fp_bit_1716|fp_bit_1718|fp_bit_1722|fp_bit_1724|fp_bit_1733|fp_bit_1734|fp_bit_1737|fp_bit_1745|fp_bit_1747|fp_bit_1750|fp_bit_1753|fp_bit_1754|fp_bit_1763|fp_bit_1775|fp_bit_1778|fp_bit_1783|fp_bit_1799|fp_bit_1803|fp_bit_1804|fp_bit_1805|fp_bit_1807|fp_bit_1809|fp_bit_1814|fp_bit_1816|fp_bit_1817|fp_bit_1823|fp_bit_1827|fp_bit_1828|fp_bit_1840|fp_bit_1844|fp_bit_1847|fp_bit_1849|fp_bit_1854|fp_bit_1855|fp_bit_1866|fp_bit_1873|fp_bit_1876|fp_bit_1878|fp_bit_1886|fp_bit_1887|fp_bit_1898|fp_bit_1902|fp_bit_1908|fp_bit_1911|fp_bit_1915|fp_bit_1917|fp_bit_1921|fp_bit_1923|fp_bit_1928|fp_bit_1944|fp_bit_1948|fp_bit_1950|fp_bit_1951|fp_bit_1954|fp_bit_1959|fp_bit_1963|fp_bit_1970|fp_bit_1972|fp_bit_1977|fp_bit_1979|fp_bit_1980|fp_bit_1984|fp_bit_1989|fp_bit_1991|fp_bit_1999|fp_bit_2001|fp_bit_2004|fp_bit_2006|fp_bit_2016|fp_bit_2029|fp_bit_2033|fp_bit_2038|fp_bit_2041|fp_bit_2044
Decision Tree,Morgan FP,399,0.9835,0.9733,0.9862,0.9933,0.9733,0.9795,0.9718,0.8471,0.77,0.7988,0.9504,0.77,0.7831,0.7371,L1,fp_bit_1|fp_bit_2|fp_bit_9|fp_bit_13|fp_bit_14|fp_bit_16|fp_bit_23|fp_bit_25|fp_bit_31|fp_bit_35|fp_bit_40|fp_bit_41|fp_bit_54|fp_bit_74|fp_bit_79|fp_bit_80|fp_bit_81|fp_bit_94|fp_bit_97|fp_bit_101|fp_bit_102|fp_bit_114|fp_bit_115|fp_bit_116|fp_bit_117|fp_bit_118|fp_bit_119|fp_bit_125|fp_bit_140|fp_bit_144|fp_bit_145|fp_bit_147|fp_bit_155|fp_bit_167|fp_bit_176|fp_bit_184|fp_bit_189|fp_bit_191|fp_bit_193|fp_bit_197|fp_bit_202|fp_bit_203|fp_bit_207|fp_bit_208|fp_bit_222|fp_bit_224|fp_bit_227|fp_bit_229|fp_bit_231|fp_bit_234|fp_bit_235|fp_bit_242|fp_bit_253|fp_bit_254|fp_bit_267|fp_bit_268|fp_bit_276|fp_bit_283|fp_bit_294|fp_bit_305|fp_bit_310|fp_bit_314|fp_bit_319|fp_bit_322|fp_bit_333|fp_bit_350|fp_bit_352|fp_bit_354|fp_bit_363|fp_bit_366|fp_bit_376|fp_bit_378|fp_bit_381|fp_bit_385|fp_bit_386|fp_bit_389|fp_bit_390|fp_bit_399|fp_bit_401|fp_bit_414|fp_bit_417|fp_bit_418|fp_bit_428|fp_bit_432|fp_bit_441|fp_bit_456|fp_bit_469|fp_bit_471|fp_bit_474|fp_bit_478|fp_bit_479|fp_bit_482|fp_bit_485|fp_bit_486|fp_bit_489|fp_bit_497|fp_bit_508|fp_bit_519|fp_bit_523|fp_bit_524|fp_bit_526|fp_bit_528|fp_bit_529|fp_bit_573|fp_bit_575|fp_bit_576|fp_bit_589|fp_bit_606|fp_bit_610|fp_bit_614|fp_bit_628|fp_bit_636|fp_bit_650|fp_bit_656|fp_bit_657|fp_bit_667|fp_bit_669|fp_bit_674|fp_bit_675|fp_bit_679|fp_bit_680|fp_bit_682|fp_bit_694|fp_bit_695|fp_bit_696|fp_bit_700|fp_bit_706|fp_bit_713|fp_bit_714|fp_bit_715|fp_bit_718|fp_bit_725|fp_bit_726|fp_bit_728|fp_bit_729|fp_bit_733|fp_bit_736|fp_bit_739|fp_bit_745|fp_bit_750|fp_bit_755|fp_bit_768|fp_bit_775|fp_bit_780|fp_bit_786|fp_bit_787|fp_bit_794|fp_bit_798|fp_bit_806|fp_bit_807|fp_bit_819|fp_bit_828|fp_bit_829|fp_bit_831|fp_bit_832|fp_bit_833|fp_bit_837|fp_bit_838|fp_bit_841|fp_bit_844|fp_bit_845|fp_bit_846|fp_bit_848|fp_bit_849|fp_bit_857|fp_bit_864|fp_bit_875|fp_bit_881|fp_bit_888|fp_bit_899|fp_bit_910|fp_bit_918|fp_bit_926|fp_bit_931|fp_bit_932|fp_bit_935|fp_bit_937|fp_bit_941|fp_bit_955|fp_bit_960|fp_bit_961|fp_bit_973|fp_bit_976|fp_bit_978|fp_bit_983|fp_bit_998|fp_bit_1004|fp_bit_1005|fp_bit_1017|fp_bit_1018|fp_bit_1019|fp_bit_1022|fp_bit_1025|fp_bit_1027|fp_bit_1028|fp_bit_1033|fp_bit_1037|fp_bit_1057|fp_bit_1060|fp_bit_1063|fp_bit_1065|fp_bit_1066|fp_bit_1070|fp_bit_1076|fp_bit_1077|fp_bit_1082|fp_bit_1083|fp_bit_1088|fp_bit_1096|fp_bit_1098|fp_bit_1104|fp_bit_1110|fp_bit_1111|fp_bit_1114|fp_bit_1126|fp_bit_1132|fp_bit_1134|fp_bit_1135|fp_bit_1136|fp_bit_1141|fp_bit_1143|fp_bit_1145|fp_bit_1148|fp_bit_1152|fp_bit_1154|fp_bit_1160|fp_bit_1163|fp_bit_1164|fp_bit_1168|fp_bit_1171|fp_bit_1181|fp_bit_1195|fp_bit_1199|fp_bit_1201|fp_bit_1221|fp_bit_1224|fp_bit_1226|fp_bit_1232|fp_bit_1234|fp_bit_1238|fp_bit_1243|fp_bit_1249|fp_bit_1257|fp_bit_1265|fp_bit_1267|fp_bit_1274|fp_bit_1290|fp_bit_1292|fp_bit_1296|fp_bit_1302|fp_bit_1308|fp_bit_1309|fp_bit_1313|fp_bit_1325|fp_bit_1336|fp_bit_1348|fp_bit_1349|fp_bit_1353|fp_bit_1356|fp_bit_1357|fp_bit_1365|fp_bit_1366|fp_bit_1380|fp_bit_1385|fp_bit_1386|fp_bit_1387|fp_bit_1391|fp_bit_1407|fp_bit_1410|fp_bit_1420|fp_bit_1427|fp_bit_1428|fp_bit_1431|fp_bit_1432|fp_bit_1444|fp_bit_1447|fp_bit_1448|fp_bit_1452|fp_bit_1454|fp_bit_1457|fp_bit_1459|fp_bit_1469|fp_bit_1475|fp_bit_1476|fp_bit_1480|fp_bit_1482|fp_bit_1487|fp_bit_1496|fp_bit_1497|fp_bit_1500|fp_bit_1511|fp_bit_1516|fp_bit_1522|fp_bit_1536|fp_bit_1538|fp_bit_1547|fp_bit_1555|fp_bit_1564|fp_bit_1572|fp_bit_1573|fp_bit_1574|fp_bit_1579|fp_bit_1581|fp_bit_1586|fp_bit_1599|fp_bit_1600|fp_bit_1602|fp_bit_1604|fp_bit_1607|fp_bit_1612|fp_bit_1613|fp_bit_1616|fp_bit_1619|fp_bit_1624|fp_bit_1631|fp_bit_1648|fp_bit_1656|fp_bit_1663|fp_bit_1672|fp_bit_1683|fp_bit_1689|fp_bit_1691|fp_bit_1696|fp_bit_1708|fp_bit_1715|fp_bit_1716|fp_bit_1718|fp_bit_1722|fp_bit_1724|fp_bit_1733|fp_bit_1734|fp_bit_1737|fp_bit_1745|fp_bit_1747|fp_bit_1750|fp_bit_1753|fp_bit_1754|fp_bit_1763|fp_bit_1775|fp_bit_1778|fp_bit_1783|fp_bit_1799|fp_bit_1803|fp_bit_1804|fp_bit_1805|fp_bit_1807|fp_bit_1809|fp_bit_1814|fp_bit_1816|fp_bit_1817|fp_bit_1823|fp_bit_1827|fp_bit_1828|fp_bit_1840|fp_bit_1844|fp_bit_1847|fp_bit_1849|fp_bit_1854|fp_bit_1855|fp_bit_1866|fp_bit_1873|fp_bit_1876|fp_bit_1878|fp_bit_1886|fp_bit_1887|fp_bit_1898|fp_bit_1902|fp_bit_1908|fp_bit_1911|fp_bit_1915|fp_bit_1917|fp_bit_1921|fp_bit_1923|fp_bit_1928|fp_bit_1944|fp_bit_1948|fp_bit_1950|fp_bit_1951|fp_bit_1954|fp_bit_1959|fp_bit_1963|fp_bit_1970|fp_bit_1972|fp_bit_1977|fp_bit_1979|fp_bit_1980|fp_bit_1984|fp_bit_1989|fp_bit_1991|fp_bit_1999|fp_bit_2001|fp_bit_2004|fp_bit_2006|fp_bit_2016|fp_bit_2029|fp_bit_2033|fp_bit_2038|fp_bit_2041|fp_bit_2044
Random Forest,Morgan FP,399,0.9835,0.9811,0.9788,0.9947,0.9811,0.98,0.9719,0.8811,0.8339,0.8492,0.9594,0.8339,0.8411,0.7949,L1,fp_bit_1|fp_bit_2|fp_bit_9|fp_bit_13|fp_bit_14|fp_bit_16|fp_bit_23|fp_bit_25|fp_bit_31|fp_bit_35|fp_bit_40|fp_bit_41|fp_bit_54|fp_bit_74|fp_bit_79|fp_bit_80|fp_bit_81|fp_bit_94|fp_bit_97|fp_bit_101|fp_bit_102|fp_bit_114|fp_bit_115|fp_bit_116|fp_bit_117|fp_bit_118|fp_bit_119|fp_bit_125|fp_bit_140|fp_bit_144|fp_bit_145|fp_bit_147|fp_bit_155|fp_bit_167|fp_bit_176|fp_bit_184|fp_bit_189|fp_bit_191|fp_bit_193|fp_bit_197|fp_bit_202|fp_bit_203|fp_bit_207|fp_bit_208|fp_bit_222|fp_bit_224|fp_bit_227|fp_bit_229|fp_bit_231|fp_bit_234|fp_bit_235|fp_bit_242|fp_bit_253|fp_bit_254|fp_bit_267|fp_bit_268|fp_bit_276|fp_bit_283|fp_bit_294|fp_bit_305|fp_bit_310|fp_bit_314|fp_bit_319|fp_bit_322|fp_bit_333|fp_bit_350|fp_bit_352|fp_bit_354|fp_bit_363|fp_bit_366|fp_bit_376|fp_bit_378|fp_bit_381|fp_bit_385|fp_bit_386|fp_bit_389|fp_bit_390|fp_bit_399|fp_bit_401|fp_bit_414|fp_bit_417|fp_bit_418|fp_bit_428|fp_bit_432|fp_bit_441|fp_bit_456|fp_bit_469|fp_bit_471|fp_bit_474|fp_bit_478|fp_bit_479|fp_bit_482|fp_bit_485|fp_bit_486|fp_bit_489|fp_bit_497|fp_bit_508|fp_bit_519|fp_bit_523|fp_bit_524|fp_bit_526|fp_bit_528|fp_bit_529|fp_bit_573|fp_bit_575|fp_bit_576|fp_bit_589|fp_bit_606|fp_bit_610|fp_bit_614|fp_bit_628|fp_bit_636|fp_bit_650|fp_bit_656|fp_bit_657|fp_bit_667|fp_bit_669|fp_bit_674|fp_bit_675|fp_bit_679|fp_bit_680|fp_bit_682|fp_bit_694|fp_bit_695|fp_bit_696|fp_bit_700|fp_bit_706|fp_bit_713|fp_bit_714|fp_bit_715|fp_bit_718|fp_bit_725|fp_bit_726|fp_bit_728|fp_bit_729|fp_bit_733|fp_bit_736|fp_bit_739|fp_bit_745|fp_bit_750|fp_bit_755|fp_bit_768|fp_bit_775|fp_bit_780|fp_bit_786|fp_bit_787|fp_bit_794|fp_bit_798|fp_bit_806|fp_bit_807|fp_bit_819|fp_bit_828|fp_bit_829|fp_bit_831|fp_bit_832|fp_bit_833|fp_bit_837|fp_bit_838|fp_bit_841|fp_bit_844|fp_bit_845|fp_bit_846|fp_bit_848|fp_bit_849|fp_bit_857|fp_bit_864|fp_bit_875|fp_bit_881|fp_bit_888|fp_bit_899|fp_bit_910|fp_bit_918|fp_bit_926|fp_bit_931|fp_bit_932|fp_bit_935|fp_bit_937|fp_bit_941|fp_bit_955|fp_bit_960|fp_bit_961|fp_bit_973|fp_bit_976|fp_bit_978|fp_bit_983|fp_bit_998|fp_bit_1004|fp_bit_1005|fp_bit_1017|fp_bit_1018|fp_bit_1019|fp_bit_1022|fp_bit_1025|fp_bit_1027|fp_bit_1028|fp_bit_1033|fp_bit_1037|fp_bit_1057|fp_bit_1060|fp_bit_1063|fp_bit_1065|fp_bit_1066|fp_bit_1070|fp_bit_1076|fp_bit_1077|fp_bit_1082|fp_bit_1083|fp_bit_1088|fp_bit_1096|fp_bit_1098|fp_bit_1104|fp_bit_1110|fp_bit_1111|fp_bit_1114|fp_bit_1126|fp_bit_1132|fp_bit_1134|fp_bit_1135|fp_bit_1136|fp_bit_1141|fp_bit_1143|fp_bit_1145|fp_bit_1148|fp_bit_1152|fp_bit_1154|fp_bit_1160|fp_bit_1163|fp_bit_1164|fp_bit_1168|fp_bit_1171|fp_bit_1181|fp_bit_1195|fp_bit_1199|fp_bit_1201|fp_bit_1221|fp_bit_1224|fp_bit_1226|fp_bit_1232|fp_bit_1234|fp_bit_1238|fp_bit_1243|fp_bit_1249|fp_bit_1257|fp_bit_1265|fp_bit_1267|fp_bit_1274|fp_bit_1290|fp_bit_1292|fp_bit_1296|fp_bit_1302|fp_bit_1308|fp_bit_1309|fp_bit_1313|fp_bit_1325|fp_bit_1336|fp_bit_1348|fp_bit_1349|fp_bit_1353|fp_bit_1356|fp_bit_1357|fp_bit_1365|fp_bit_1366|fp_bit_1380|fp_bit_1385|fp_bit_1386|fp_bit_1387|fp_bit_1391|fp_bit_1407|fp_bit_1410|fp_bit_1420|fp_bit_1427|fp_bit_1428|fp_bit_1431|fp_bit_1432|fp_bit_1444|fp_bit_1447|fp_bit_1448|fp_bit_1452|fp_bit_1454|fp_bit_1457|fp_bit_1459|fp_bit_1469|fp_bit_1475|fp_bit_1476|fp_bit_1480|fp_bit_1482|fp_bit_1487|fp_bit_1496|fp_bit_1497|fp_bit_1500|fp_bit_1511|fp_bit_1516|fp_bit_1522|fp_bit_1536|fp_bit_1538|fp_bit_1547|fp_bit_1555|fp_bit_1564|fp_bit_1572|fp_bit_1573|fp_bit_1574|fp_bit_1579|fp_bit_1581|fp_bit_1586|fp_bit_1599|fp_bit_1600|fp_bit_1602|fp_bit_1604|fp_bit_1607|fp_bit_1612|fp_bit_1613|fp_bit_1616|fp_bit_1619|fp_bit_1624|fp_bit_1631|fp_bit_1648|fp_bit_1656|fp_bit_1663|fp_bit_1672|fp_bit_1683|fp_bit_1689|fp_bit_1691|fp_bit_1696|fp_bit_1708|fp_bit_1715|fp_bit_1716|fp_bit_1718|fp_bit_1722|fp_bit_1724|fp_bit_1733|fp_bit_1734|fp_bit_1737|fp_bit_1745|fp_bit_1747|fp_bit_1750|fp_bit_1753|fp_bit_1754|fp_bit_1763|fp_bit_1775|fp_bit_1778|fp_bit_1783|fp_bit_1799|fp_bit_1803|fp_bit_1804|fp_bit_1805|fp_bit_1807|fp_bit_1809|fp_bit_1814|fp_bit_1816|fp_bit_1817|fp_bit_1823|fp_bit_1827|fp_bit_1828|fp_bit_1840|fp_bit_1844|fp_bit_1847|fp_bit_1849|fp_bit_1854|fp_bit_1855|fp_bit_1866|fp_bit_1873|fp_bit_1876|fp_bit_1878|fp_bit_1886|fp_bit_1887|fp_bit_1898|fp_bit_1902|fp_bit_1908|fp_bit_1911|fp_bit_1915|fp_bit_1917|fp_bit_1921|fp_bit_1923|fp_bit_1928|fp_bit_1944|fp_bit_1948|fp_bit_1950|fp_bit_1951|fp_bit_1954|fp_bit_1959|fp_bit_1963|fp_bit_1970|fp_bit_1972|fp_bit_1977|fp_bit_1979|fp_bit_1980|fp_bit_1984|fp_bit_1989|fp_bit_1991|fp_bit_1999|fp_bit_2001|fp_bit_2004|fp_bit_2006|fp_bit_2016|fp_bit_2029|fp_bit_2033|fp_bit_2038|fp_bit_2041|fp_bit_2044
Extra Trees,Morgan FP,399,0.9835,0.9733,0.9862,0.9933,0.9733,0.9795,0.9718,0.8794,0.8341,0.8465,0.9588,0.8341,0.8397,0.7922,L1,fp_bit_1|fp_bit_2|fp_bit_9|fp_bit_13|fp_bit_14|fp_bit_16|fp_bit_23|fp_bit_25|fp_bit_31|fp_bit_35|fp_bit_40|fp_bit_41|fp_bit_54|fp_bit_74|fp_bit_79|fp_bit_80|fp_bit_81|fp_bit_94|fp_bit_97|fp_bit_101|fp_bit_102|fp_bit_114|fp_bit_115|fp_bit_116|fp_bit_117|fp_bit_118|fp_bit_119|fp_bit_125|fp_bit_140|fp_bit_144|fp_bit_145|fp_bit_147|fp_bit_155|fp_bit_167|fp_bit_176|fp_bit_184|fp_bit_189|fp_bit_191|fp_bit_193|fp_bit_197|fp_bit_202|fp_bit_203|fp_bit_207|fp_bit_208|fp_bit_222|fp_bit_224|fp_bit_227|fp_bit_229|fp_bit_231|fp_bit_234|fp_bit_235|fp_bit_242|fp_bit_253|fp_bit_254|fp_bit_267|fp_bit_268|fp_bit_276|fp_bit_283|fp_bit_294|fp_bit_305|fp_bit_310|fp_bit_314|fp_bit_319|fp_bit_322|fp_bit_333|fp_bit_350|fp_bit_352|fp_bit_354|fp_bit_363|fp_bit_366|fp_bit_376|fp_bit_378|fp_bit_381|fp_bit_385|fp_bit_386|fp_bit_389|fp_bit_390|fp_bit_399|fp_bit_401|fp_bit_414|fp_bit_417|fp_bit_418|fp_bit_428|fp_bit_432|fp_bit_441|fp_bit_456|fp_bit_469|fp_bit_471|fp_bit_474|fp_bit_478|fp_bit_479|fp_bit_482|fp_bit_485|fp_bit_486|fp_bit_489|fp_bit_497|fp_bit_508|fp_bit_519|fp_bit_523|fp_bit_524|fp_bit_526|fp_bit_528|fp_bit_529|fp_bit_573|fp_bit_575|fp_bit_576|fp_bit_589|fp_bit_606|fp_bit_610|fp_bit_614|fp_bit_628|fp_bit_636|fp_bit_650|fp_bit_656|fp_bit_657|fp_bit_667|fp_bit_669|fp_bit_674|fp_bit_675|fp_bit_679|fp_bit_680|fp_bit_682|fp_bit_694|fp_bit_695|fp_bit_696|fp_bit_700|fp_bit_706|fp_bit_713|fp_bit_714|fp_bit_715|fp_bit_718|fp_bit_725|fp_bit_726|fp_bit_728|fp_bit_729|fp_bit_733|fp_bit_736|fp_bit_739|fp_bit_745|fp_bit_750|fp_bit_755|fp_bit_768|fp_bit_775|fp_bit_780|fp_bit_786|fp_bit_787|fp_bit_794|fp_bit_798|fp_bit_806|fp_bit_807|fp_bit_819|fp_bit_828|fp_bit_829|fp_bit_831|fp_bit_832|fp_bit_833|fp_bit_837|fp_bit_838|fp_bit_841|fp_bit_844|fp_bit_845|fp_bit_846|fp_bit_848|fp_bit_849|fp_bit_857|fp_bit_864|fp_bit_875|fp_bit_881|fp_bit_888|fp_bit_899|fp_bit_910|fp_bit_918|fp_bit_926|fp_bit_931|fp_bit_932|fp_bit_935|fp_bit_937|fp_bit_941|fp_bit_955|fp_bit_960|fp_bit_961|fp_bit_973|fp_bit_976|fp_bit_978|fp_bit_983|fp_bit_998|fp_bit_1004|fp_bit_1005|fp_bit_1017|fp_bit_1018|fp_bit_1019|fp_bit_1022|fp_bit_1025|fp_bit_1027|fp_bit_1028|fp_bit_1033|fp_bit_1037|fp_bit_1057|fp_bit_1060|fp_bit_1063|fp_bit_1065|fp_bit_1066|fp_bit_1070|fp_bit_1076|fp_bit_1077|fp_bit_1082|fp_bit_1083|fp_bit_1088|fp_bit_1096|fp_bit_1098|fp_bit_1104|fp_bit_1110|fp_bit_1111|fp_bit_1114|fp_bit_1126|fp_bit_1132|fp_bit_1134|fp_bit_1135|fp_bit_1136|fp_bit_1141|fp_bit_1143|fp_bit_1145|fp_bit_1148|fp_bit_1152|fp_bit_1154|fp_bit_1160|fp_bit_1163|fp_bit_1164|fp_bit_1168|fp_bit_1171|fp_bit_1181|fp_bit_1195|fp_bit_1199|fp_bit_1201|fp_bit_1221|fp_bit_1224|fp_bit_1226|fp_bit_1232|fp_bit_1234|fp_bit_1238|fp_bit_1243|fp_bit_1249|fp_bit_1257|fp_bit_1265|fp_bit_1267|fp_bit_1274|fp_bit_1290|fp_bit_1292|fp_bit_1296|fp_bit_1302|fp_bit_1308|fp_bit_1309|fp_bit_1313|fp_bit_1325|fp_bit_1336|fp_bit_1348|fp_bit_1349|fp_bit_1353|fp_bit_1356|fp_bit_1357|fp_bit_1365|fp_bit_1366|fp_bit_1380|fp_bit_1385|fp_bit_1386|fp_bit_1387|fp_bit_1391|fp_bit_1407|fp_bit_1410|fp_bit_1420|fp_bit_1427|fp_bit_1428|fp_bit_1431|fp_bit_1432|fp_bit_1444|fp_bit_1447|fp_bit_1448|fp_bit_1452|fp_bit_1454|fp_bit_1457|fp_bit_1459|fp_bit_1469|fp_bit_1475|fp_bit_1476|fp_bit_1480|fp_bit_1482|fp_bit_1487|fp_bit_1496|fp_bit_1497|fp_bit_1500|fp_bit_1511|fp_bit_1516|fp_bit_1522|fp_bit_1536|fp_bit_1538|fp_bit_1547|fp_bit_1555|fp_bit_1564|fp_bit_1572|fp_bit_1573|fp_bit_1574|fp_bit_1579|fp_bit_1581|fp_bit_1586|fp_bit_1599|fp_bit_1600|fp_bit_1602|fp_bit_1604|fp_bit_1607|fp_bit_1612|fp_bit_1613|fp_bit_1616|fp_bit_1619|fp_bit_1624|fp_bit_1631|fp_bit_1648|fp_bit_1656|fp_bit_1663|fp_bit_1672|fp_bit_1683|fp_bit_1689|fp_bit_1691|fp_bit_1696|fp_bit_1708|fp_bit_1715|fp_bit_1716|fp_bit_1718|fp_bit_1722|fp_bit_1724|fp_bit_1733|fp_bit_1734|fp_bit_1737|fp_bit_1745|fp_bit_1747|fp_bit_1750|fp_bit_1753|fp_bit_1754|fp_bit_1763|fp_bit_1775|fp_bit_1778|fp_bit_1783|fp_bit_1799|fp_bit_1803|fp_bit_1804|fp_bit_1805|fp_bit_1807|fp_bit_1809|fp_bit_1814|fp_bit_1816|fp_bit_1817|fp_bit_1823|fp_bit_1827|fp_bit_1828|fp_bit_1840|fp_bit_1844|fp_bit_1847|fp_bit_1849|fp_bit_1854|fp_bit_1855|fp_bit_1866|fp_bit_1873|fp_bit_1876|fp_bit_1878|fp_bit_1886|fp_bit_1887|fp_bit_1898|fp_bit_1902|fp_bit_1908|fp_bit_1911|fp_bit_1915|fp_bit_1917|fp_bit_1921|fp_bit_1923|fp_bit_1928|fp_bit_1944|fp_bit_1948|fp_bit_1950|fp_bit_1951|fp_bit_1954|fp_bit_1959|fp_bit_1963|fp_bit_1970|fp_bit_1972|fp_bit_1977|fp_bit_1979|fp_bit_1980|fp_bit_1984|fp_bit_1989|fp_bit_1991|fp_bit_1999|fp_bit_2001|fp_bit_2004|fp_bit_2006|fp_bit_2016|fp_bit_2029|fp_bit_2033|fp_bit_2038|fp_bit_2041|fp_bit_2044
Gradient Boosting,Morgan FP,399,0.9382,0.9244,0.9309,0.9775,0.9244,0.9272,0.8937,0.8682,0.8182,0.8381,0.9531,0.8182,0.8269,0.7712,L1,fp_bit_1|fp_bit_2|fp_bit_9|fp_bit_13|fp_bit_14|fp_bit_16|fp_bit_23|fp_bit_25|fp_bit_31|fp_bit_35|fp_bit_40|fp_bit_41|fp_bit_54|fp_bit_74|fp_bit_79|fp_bit_80|fp_bit_81|fp_bit_94|fp_bit_97|fp_bit_101|fp_bit_102|fp_bit_114|fp_bit_115|fp_bit_116|fp_bit_117|fp_bit_118|fp_bit_119|fp_bit_125|fp_bit_140|fp_bit_144|fp_bit_145|fp_bit_147|fp_bit_155|fp_bit_167|fp_bit_176|fp_bit_184|fp_bit_189|fp_bit_191|fp_bit_193|fp_bit_197|fp_bit_202|fp_bit_203|fp_bit_207|fp_bit_208|fp_bit_222|fp_bit_224|fp_bit_227|fp_bit_229|fp_bit_231|fp_bit_234|fp_bit_235|fp_bit_242|fp_bit_253|fp_bit_254|fp_bit_267|fp_bit_268|fp_bit_276|fp_bit_283|fp_bit_294|fp_bit_305|fp_bit_310|fp_bit_314|fp_bit_319|fp_bit_322|fp_bit_333|fp_bit_350|fp_bit_352|fp_bit_354|fp_bit_363|fp_bit_366|fp_bit_376|fp_bit_378|fp_bit_381|fp_bit_385|fp_bit_386|fp_bit_389|fp_bit_390|fp_bit_399|fp_bit_401|fp_bit_414|fp_bit_417|fp_bit_418|fp_bit_428|fp_bit_432|fp_bit_441|fp_bit_456|fp_bit_469|fp_bit_471|fp_bit_474|fp_bit_478|fp_bit_479|fp_bit_482|fp_bit_485|fp_bit_486|fp_bit_489|fp_bit_497|fp_bit_508|fp_bit_519|fp_bit_523|fp_bit_524|fp_bit_526|fp_bit_528|fp_bit_529|fp_bit_573|fp_bit_575|fp_bit_576|fp_bit_589|fp_bit_606|fp_bit_610|fp_bit_614|fp_bit_628|fp_bit_636|fp_bit_650|fp_bit_656|fp_bit_657|fp_bit_667|fp_bit_669|fp_bit_674|fp_bit_675|fp_bit_679|fp_bit_680|fp_bit_682|fp_bit_694|fp_bit_695|fp_bit_696|fp_bit_700|fp_bit_706|fp_bit_713|fp_bit_714|fp_bit_715|fp_bit_718|fp_bit_725|fp_bit_726|fp_bit_728|fp_bit_729|fp_bit_733|fp_bit_736|fp_bit_739|fp_bit_745|fp_bit_750|fp_bit_755|fp_bit_768|fp_bit_775|fp_bit_780|fp_bit_786|fp_bit_787|fp_bit_794|fp_bit_798|fp_bit_806|fp_bit_807|fp_bit_819|fp_bit_828|fp_bit_829|fp_bit_831|fp_bit_832|fp_bit_833|fp_bit_837|fp_bit_838|fp_bit_841|fp_bit_844|fp_bit_845|fp_bit_846|fp_bit_848|fp_bit_849|fp_bit_857|fp_bit_864|fp_bit_875|fp_bit_881|fp_bit_888|fp_bit_899|fp_bit_910|fp_bit_918|fp_bit_926|fp_bit_931|fp_bit_932|fp_bit_935|fp_bit_937|fp_bit_941|fp_bit_955|fp_bit_960|fp_bit_961|fp_bit_973|fp_bit_976|fp_bit_978|fp_bit_983|fp_bit_998|fp_bit_1004|fp_bit_1005|fp_bit_1017|fp_bit_1018|fp_bit_1019|fp_bit_1022|fp_bit_1025|fp_bit_1027|fp_bit_1028|fp_bit_1033|fp_bit_1037|fp_bit_1057|fp_bit_1060|fp_bit_1063|fp_bit_1065|fp_bit_1066|fp_bit_1070|fp_bit_1076|fp_bit_1077|fp_bit_1082|fp_bit_1083|fp_bit_1088|fp_bit_1096|fp_bit_1098|fp_bit_1104|fp_bit_1110|fp_bit_1111|fp_bit_1114|fp_bit_1126|fp_bit_1132|fp_bit_1134|fp_bit_1135|fp_bit_1136|fp_bit_1141|fp_bit_1143|fp_bit_1145|fp_bit_1148|fp_bit_1152|fp_bit_1154|fp_bit_1160|fp_bit_1163|fp_bit_1164|fp_bit_1168|fp_bit_1171|fp_bit_1181|fp_bit_1195|fp_bit_1199|fp_bit_1201|fp_bit_1221|fp_bit_1224|fp_bit_1226|fp_bit_1232|fp_bit_1234|fp_bit_1238|fp_bit_1243|fp_bit_1249|fp_bit_1257|fp_bit_1265|fp_bit_1267|fp_bit_1274|fp_bit_1290|fp_bit_1292|fp_bit_1296|fp_bit_1302|fp_bit_1308|fp_bit_1309|fp_bit_1313|fp_bit_1325|fp_bit_1336|fp_bit_1348|fp_bit_1349|fp_bit_1353|fp_bit_1356|fp_bit_1357|fp_bit_1365|fp_bit_1366|fp_bit_1380|fp_bit_1385|fp_bit_1386|fp_bit_1387|fp_bit_1391|fp_bit_1407|fp_bit_1410|fp_bit_1420|fp_bit_1427|fp_bit_1428|fp_bit_1431|fp_bit_1432|fp_bit_1444|fp_bit_1447|fp_bit_1448|fp_bit_1452|fp_bit_1454|fp_bit_1457|fp_bit_1459|fp_bit_1469|fp_bit_1475|fp_bit_1476|fp_bit_1480|fp_bit_1482|fp_bit_1487|fp_bit_1496|fp_bit_1497|fp_bit_1500|fp_bit_1511|fp_bit_1516|fp_bit_1522|fp_bit_1536|fp_bit_1538|fp_bit_1547|fp_bit_1555|fp_bit_1564|fp_bit_1572|fp_bit_1573|fp_bit_1574|fp_bit_1579|fp_bit_1581|fp_bit_1586|fp_bit_1599|fp_bit_1600|fp_bit_1602|fp_bit_1604|fp_bit_1607|fp_bit_1612|fp_bit_1613|fp_bit_1616|fp_bit_1619|fp_bit_1624|fp_bit_1631|fp_bit_1648|fp_bit_1656|fp_bit_1663|fp_bit_1672|fp_bit_1683|fp_bit_1689|fp_bit_1691|fp_bit_1696|fp_bit_1708|fp_bit_1715|fp_bit_1716|fp_bit_1718|fp_bit_1722|fp_bit_1724|fp_bit_1733|fp_bit_1734|fp_bit_1737|fp_bit_1745|fp_bit_1747|fp_bit_1750|fp_bit_1753|fp_bit_1754|fp_bit_1763|fp_bit_1775|fp_bit_1778|fp_bit_1783|fp_bit_1799|fp_bit_1803|fp_bit_1804|fp_bit_1805|fp_bit_1807|fp_bit_1809|fp_bit_1814|fp_bit_1816|fp_bit_1817|fp_bit_1823|fp_bit_1827|fp_bit_1828|fp_bit_1840|fp_bit_1844|fp_bit_1847|fp_bit_1849|fp_bit_1854|fp_bit_1855|fp_bit_1866|fp_bit_1873|fp_bit_1876|fp_bit_1878|fp_bit_1886|fp_bit_1887|fp_bit_1898|fp_bit_1902|fp_bit_1908|fp_bit_1911|fp_bit_1915|fp_bit_1917|fp_bit_1921|fp_bit_1923|fp_bit_1928|fp_bit_1944|fp_bit_1948|fp_bit_1950|fp_bit_1951|fp_bit_1954|fp_bit_1959|fp_bit_1963|fp_bit_1970|fp_bit_1972|fp_bit_1977|fp_bit_1979|fp_bit_1980|fp_bit_1984|fp_bit_1989|fp_bit_1991|fp_bit_1999|fp_bit_2001|fp_bit_2004|fp_bit_2006|fp_bit_2016|fp_bit_2029|fp_bit_2033|fp_bit_2038|fp_bit_2041|fp_bit_2044
AdaBoost,Morgan FP,399,0.6164,0.2229,0.2004,0.8148,0.2229,0.1929,0.1415,0.616,0.2215,0.1986,0.8143,0.2215,0.1908,0.1383,L1,fp_bit_1|fp_bit_2|fp_bit_9|fp_bit_13|fp_bit_14|fp_bit_16|fp_bit_23|fp_bit_25|fp_bit_31|fp_bit_35|fp_bit_40|fp_bit_41|fp_bit_54|fp_bit_74|fp_bit_79|fp_bit_80|fp_bit_81|fp_bit_94|fp_bit_97|fp_bit_101|fp_bit_102|fp_bit_114|fp_bit_115|fp_bit_116|fp_bit_117|fp_bit_118|fp_bit_119|fp_bit_125|fp_bit_140|fp_bit_144|fp_bit_145|fp_bit_147|fp_bit_155|fp_bit_167|fp_bit_176|fp_bit_184|fp_bit_189|fp_bit_191|fp_bit_193|fp_bit_197|fp_bit_202|fp_bit_203|fp_bit_207|fp_bit_208|fp_bit_222|fp_bit_224|fp_bit_227|fp_bit_229|fp_bit_231|fp_bit_234|fp_bit_235|fp_bit_242|fp_bit_253|fp_bit_254|fp_bit_267|fp_bit_268|fp_bit_276|fp_bit_283|fp_bit_294|fp_bit_305|fp_bit_310|fp_bit_314|fp_bit_319|fp_bit_322|fp_bit_333|fp_bit_350|fp_bit_352|fp_bit_354|fp_bit_363|fp_bit_366|fp_bit_376|fp_bit_378|fp_bit_381|fp_bit_385|fp_bit_386|fp_bit_389|fp_bit_390|fp_bit_399|fp_bit_401|fp_bit_414|fp_bit_417|fp_bit_418|fp_bit_428|fp_bit_432|fp_bit_441|fp_bit_456|fp_bit_469|fp_bit_471|fp_bit_474|fp_bit_478|fp_bit_479|fp_bit_482|fp_bit_485|fp_bit_486|fp_bit_489|fp_bit_497|fp_bit_508|fp_bit_519|fp_bit_523|fp_bit_524|fp_bit_526|fp_bit_528|fp_bit_529|fp_bit_573|fp_bit_575|fp_bit_576|fp_bit_589|fp_bit_606|fp_bit_610|fp_bit_614|fp_bit_628|fp_bit_636|fp_bit_650|fp_bit_656|fp_bit_657|fp_bit_667|fp_bit_669|fp_bit_674|fp_bit_675|fp_bit_679|fp_bit_680|fp_bit_682|fp_bit_694|fp_bit_695|fp_bit_696|fp_bit_700|fp_bit_706|fp_bit_713|fp_bit_714|fp_bit_715|fp_bit_718|fp_bit_725|fp_bit_726|fp_bit_728|fp_bit_729|fp_bit_733|fp_bit_736|fp_bit_739|fp_bit_745|fp_bit_750|fp_bit_755|fp_bit_768|fp_bit_775|fp_bit_780|fp_bit_786|fp_bit_787|fp_bit_794|fp_bit_798|fp_bit_806|fp_bit_807|fp_bit_819|fp_bit_828|fp_bit_829|fp_bit_831|fp_bit_832|fp_bit_833|fp_bit_837|fp_bit_838|fp_bit_841|fp_bit_844|fp_bit_845|fp_bit_846|fp_bit_848|fp_bit_849|fp_bit_857|fp_bit_864|fp_bit_875|fp_bit_881|fp_bit_888|fp_bit_899|fp_bit_910|fp_bit_918|fp_bit_926|fp_bit_931|fp_bit_932|fp_bit_935|fp_bit_937|fp_bit_941|fp_bit_955|fp_bit_960|fp_bit_961|fp_bit_973|fp_bit_976|fp_bit_978|fp_bit_983|fp_bit_998|fp_bit_1004|fp_bit_1005|fp_bit_1017|fp_bit_1018|fp_bit_1019|fp_bit_1022|fp_bit_1025|fp_bit_1027|fp_bit_1028|fp_bit_1033|fp_bit_1037|fp_bit_1057|fp_bit_1060|fp_bit_1063|fp_bit_1065|fp_bit_1066|fp_bit_1070|fp_bit_1076|fp_bit_1077|fp_bit_1082|fp_bit_1083|fp_bit_1088|fp_bit_1096|fp_bit_1098|fp_bit_1104|fp_bit_1110|fp_bit_1111|fp_bit_1114|fp_bit_1126|fp_bit_1132|fp_bit_1134|fp_bit_1135|fp_bit_1136|fp_bit_1141|fp_bit_1143|fp_bit_1145|fp_bit_1148|fp_bit_1152|fp_bit_1154|fp_bit_1160|fp_bit_1163|fp_bit_1164|fp_bit_1168|fp_bit_1171|fp_bit_1181|fp_bit_1195|fp_bit_1199|fp_bit_1201|fp_bit_1221|fp_bit_1224|fp_bit_1226|fp_bit_1232|fp_bit_1234|fp_bit_1238|fp_bit_1243|fp_bit_1249|fp_bit_1257|fp_bit_1265|fp_bit_1267|fp_bit_1274|fp_bit_1290|fp_bit_1292|fp_bit_1296|fp_bit_1302|fp_bit_1308|fp_bit_1309|fp_bit_1313|fp_bit_1325|fp_bit_1336|fp_bit_1348|fp_bit_1349|fp_bit_1353|fp_bit_1356|fp_bit_1357|fp_bit_1365|fp_bit_1366|fp_bit_1380|fp_bit_1385|fp_bit_1386|fp_bit_1387|fp_bit_1391|fp_bit_1407|fp_bit_1410|fp_bit_1420|fp_bit_1427|fp_bit_1428|fp_bit_1431|fp_bit_1432|fp_bit_1444|fp_bit_1447|fp_bit_1448|fp_bit_1452|fp_bit_1454|fp_bit_1457|fp_bit_1459|fp_bit_1469|fp_bit_1475|fp_bit_1476|fp_bit_1480|fp_bit_1482|fp_bit_1487|fp_bit_1496|fp_bit_1497|fp_bit_1500|fp_bit_1511|fp_bit_1516|fp_bit_1522|fp_bit_1536|fp_bit_1538|fp_bit_1547|fp_bit_1555|fp_bit_1564|fp_bit_1572|fp_bit_1573|fp_bit_1574|fp_bit_1579|fp_bit_1581|fp_bit_1586|fp_bit_1599|fp_bit_1600|fp_bit_1602|fp_bit_1604|fp_bit_1607|fp_bit_1612|fp_bit_1613|fp_bit_1616|fp_bit_1619|fp_bit_1624|fp_bit_1631|fp_bit_1648|fp_bit_1656|fp_bit_1663|fp_bit_1672|fp_bit_1683|fp_bit_1689|fp_bit_1691|fp_bit_1696|fp_bit_1708|fp_bit_1715|fp_bit_1716|fp_bit_1718|fp_bit_1722|fp_bit_1724|fp_bit_1733|fp_bit_1734|fp_bit_1737|fp_bit_1745|fp_bit_1747|fp_bit_1750|fp_bit_1753|fp_bit_1754|fp_bit_1763|fp_bit_1775|fp_bit_1778|fp_bit_1783|fp_bit_1799|fp_bit_1803|fp_bit_1804|fp_bit_1805|fp_bit_1807|fp_bit_1809|fp_bit_1814|fp_bit_1816|fp_bit_1817|fp_bit_1823|fp_bit_1827|fp_bit_1828|fp_bit_1840|fp_bit_1844|fp_bit_1847|fp_bit_1849|fp_bit_1854|fp_bit_1855|fp_bit_1866|fp_bit_1873|fp_bit_1876|fp_bit_1878|fp_bit_1886|fp_bit_1887|fp_bit_1898|fp_bit_1902|fp_bit_1908|fp_bit_1911|fp_bit_1915|fp_bit_1917|fp_bit_1921|fp_bit_1923|fp_bit_1928|fp_bit_1944|fp_bit_1948|fp_bit_1950|fp_bit_1951|fp_bit_1954|fp_bit_1959|fp_bit_1963|fp_bit_1970|fp_bit_1972|fp_bit_1977|fp_bit_1979|fp_bit_1980|fp_bit_1984|fp_bit_1989|fp_bit_1991|fp_bit_1999|fp_bit_2001|fp_bit_2004|fp_bit_2006|fp_bit_2016|fp_bit_2029|fp_bit_2033|fp_bit_2038|fp_bit_2041|fp_bit_2044
XGBoost,Morgan FP,399,0.9313,0.9206,0.9174,0.9764,0.9206,0.9185,0.8825,0.8715,0.8286,0.8397,0.9555,0.8286,0.8334,0.7781,L1,fp_bit_1|fp_bit_2|fp_bit_9|fp_bit_13|fp_bit_14|fp_bit_16|fp_bit_23|fp_bit_25|fp_bit_31|fp_bit_35|fp_bit_40|fp_bit_41|fp_bit_54|fp_bit_74|fp_bit_79|fp_bit_80|fp_bit_81|fp_bit_94|fp_bit_97|fp_bit_101|fp_bit_102|fp_bit_114|fp_bit_115|fp_bit_116|fp_bit_117|fp_bit_118|fp_bit_119|fp_bit_125|fp_bit_140|fp_bit_144|fp_bit_145|fp_bit_147|fp_bit_155|fp_bit_167|fp_bit_176|fp_bit_184|fp_bit_189|fp_bit_191|fp_bit_193|fp_bit_197|fp_bit_202|fp_bit_203|fp_bit_207|fp_bit_208|fp_bit_222|fp_bit_224|fp_bit_227|fp_bit_229|fp_bit_231|fp_bit_234|fp_bit_235|fp_bit_242|fp_bit_253|fp_bit_254|fp_bit_267|fp_bit_268|fp_bit_276|fp_bit_283|fp_bit_294|fp_bit_305|fp_bit_310|fp_bit_314|fp_bit_319|fp_bit_322|fp_bit_333|fp_bit_350|fp_bit_352|fp_bit_354|fp_bit_363|fp_bit_366|fp_bit_376|fp_bit_378|fp_bit_381|fp_bit_385|fp_bit_386|fp_bit_389|fp_bit_390|fp_bit_399|fp_bit_401|fp_bit_414|fp_bit_417|fp_bit_418|fp_bit_428|fp_bit_432|fp_bit_441|fp_bit_456|fp_bit_469|fp_bit_471|fp_bit_474|fp_bit_478|fp_bit_479|fp_bit_482|fp_bit_485|fp_bit_486|fp_bit_489|fp_bit_497|fp_bit_508|fp_bit_519|fp_bit_523|fp_bit_524|fp_bit_526|fp_bit_528|fp_bit_529|fp_bit_573|fp_bit_575|fp_bit_576|fp_bit_589|fp_bit_606|fp_bit_610|fp_bit_614|fp_bit_628|fp_bit_636|fp_bit_650|fp_bit_656|fp_bit_657|fp_bit_667|fp_bit_669|fp_bit_674|fp_bit_675|fp_bit_679|fp_bit_680|fp_bit_682|fp_bit_694|fp_bit_695|fp_bit_696|fp_bit_700|fp_bit_706|fp_bit_713|fp_bit_714|fp_bit_715|fp_bit_718|fp_bit_725|fp_bit_726|fp_bit_728|fp_bit_729|fp_bit_733|fp_bit_736|fp_bit_739|fp_bit_745|fp_bit_750|fp_bit_755|fp_bit_768|fp_bit_775|fp_bit_780|fp_bit_786|fp_bit_787|fp_bit_794|fp_bit_798|fp_bit_806|fp_bit_807|fp_bit_819|fp_bit_828|fp_bit_829|fp_bit_831|fp_bit_832|fp_bit_833|fp_bit_837|fp_bit_838|fp_bit_841|fp_bit_844|fp_bit_845|fp_bit_846|fp_bit_848|fp_bit_849|fp_bit_857|fp_bit_864|fp_bit_875|fp_bit_881|fp_bit_888|fp_bit_899|fp_bit_910|fp_bit_918|fp_bit_926|fp_bit_931|fp_bit_932|fp_bit_935|fp_bit_937|fp_bit_941|fp_bit_955|fp_bit_960|fp_bit_961|fp_bit_973|fp_bit_976|fp_bit_978|fp_bit_983|fp_bit_998|fp_bit_1004|fp_bit_1005|fp_bit_1017|fp_bit_1018|fp_bit_1019|fp_bit_1022|fp_bit_1025|fp_bit_1027|fp_bit_1028|fp_bit_1033|fp_bit_1037|fp_bit_1057|fp_bit_1060|fp_bit_1063|fp_bit_1065|fp_bit_1066|fp_bit_1070|fp_bit_1076|fp_bit_1077|fp_bit_1082|fp_bit_1083|fp_bit_1088|fp_bit_1096|fp_bit_1098|fp_bit_1104|fp_bit_1110|fp_bit_1111|fp_bit_1114|fp_bit_1126|fp_bit_1132|fp_bit_1134|fp_bit_1135|fp_bit_1136|fp_bit_1141|fp_bit_1143|fp_bit_1145|fp_bit_1148|fp_bit_1152|fp_bit_1154|fp_bit_1160|fp_bit_1163|fp_bit_1164|fp_bit_1168|fp_bit_1171|fp_bit_1181|fp_bit_1195|fp_bit_1199|fp_bit_1201|fp_bit_1221|fp_bit_1224|fp_bit_1226|fp_bit_1232|fp_bit_1234|fp_bit_1238|fp_bit_1243|fp_bit_1249|fp_bit_1257|fp_bit_1265|fp_bit_1267|fp_bit_1274|fp_bit_1290|fp_bit_1292|fp_bit_1296|fp_bit_1302|fp_bit_1308|fp_bit_1309|fp_bit_1313|fp_bit_1325|fp_bit_1336|fp_bit_1348|fp_bit_1349|fp_bit_1353|fp_bit_1356|fp_bit_1357|fp_bit_1365|fp_bit_1366|fp_bit_1380|fp_bit_1385|fp_bit_1386|fp_bit_1387|fp_bit_1391|fp_bit_1407|fp_bit_1410|fp_bit_1420|fp_bit_1427|fp_bit_1428|fp_bit_1431|fp_bit_1432|fp_bit_1444|fp_bit_1447|fp_bit_1448|fp_bit_1452|fp_bit_1454|fp_bit_1457|fp_bit_1459|fp_bit_1469|fp_bit_1475|fp_bit_1476|fp_bit_1480|fp_bit_1482|fp_bit_1487|fp_bit_1496|fp_bit_1497|fp_bit_1500|fp_bit_1511|fp_bit_1516|fp_bit_1522|fp_bit_1536|fp_bit_1538|fp_bit_1547|fp_bit_1555|fp_bit_1564|fp_bit_1572|fp_bit_1573|fp_bit_1574|fp_bit_1579|fp_bit_1581|fp_bit_1586|fp_bit_1599|fp_bit_1600|fp_bit_1602|fp_bit_1604|fp_bit_1607|fp_bit_1612|fp_bit_1613|fp_bit_1616|fp_bit_1619|fp_bit_1624|fp_bit_1631|fp_bit_1648|fp_bit_1656|fp_bit_1663|fp_bit_1672|fp_bit_1683|fp_bit_1689|fp_bit_1691|fp_bit_1696|fp_bit_1708|fp_bit_1715|fp_bit_1716|fp_bit_1718|fp_bit_1722|fp_bit_1724|fp_bit_1733|fp_bit_1734|fp_bit_1737|fp_bit_1745|fp_bit_1747|fp_bit_1750|fp_bit_1753|fp_bit_1754|fp_bit_1763|fp_bit_1775|fp_bit_1778|fp_bit_1783|fp_bit_1799|fp_bit_1803|fp_bit_1804|fp_bit_1805|fp_bit_1807|fp_bit_1809|fp_bit_1814|fp_bit_1816|fp_bit_1817|fp_bit_1823|fp_bit_1827|fp_bit_1828|fp_bit_1840|fp_bit_1844|fp_bit_1847|fp_bit_1849|fp_bit_1854|fp_bit_1855|fp_bit_1866|fp_bit_1873|fp_bit_1876|fp_bit_1878|fp_bit_1886|fp_bit_1887|fp_bit_1898|fp_bit_1902|fp_bit_1908|fp_bit_1911|fp_bit_1915|fp_bit_1917|fp_bit_1921|fp_bit_1923|fp_bit_1928|fp_bit_1944|fp_bit_1948|fp_bit_1950|fp_bit_1951|fp_bit_1954|fp_bit_1959|fp_bit_1963|fp_bit_1970|fp_bit_1972|fp_bit_1977|fp_bit_1979|fp_bit_1980|fp_bit_1984|fp_bit_1989|fp_bit_1991|fp_bit_1999|fp_bit_2001|fp_bit_2004|fp_bit_2006|fp_bit_2016|fp_bit_2029|fp_bit_2033|fp_bit_2038|fp_bit_2041|fp_bit_2044
SVM,Morgan FP,399,0.9189,0.8859,0.9026,0.9705,0.8859,0.8936,0.8599,0.8656,0.8013,0.8391,0.9509,0.8013,0.819,0.7652,L1,fp_bit_1|fp_bit_2|fp_bit_9|fp_bit_13|fp_bit_14|fp_bit_16|fp_bit_23|fp_bit_25|fp_bit_31|fp_bit_35|fp_bit_40|fp_bit_41|fp_bit_54|fp_bit_74|fp_bit_79|fp_bit_80|fp_bit_81|fp_bit_94|fp_bit_97|fp_bit_101|fp_bit_102|fp_bit_114|fp_bit_115|fp_bit_116|fp_bit_117|fp_bit_118|fp_bit_119|fp_bit_125|fp_bit_140|fp_bit_144|fp_bit_145|fp_bit_147|fp_bit_155|fp_bit_167|fp_bit_176|fp_bit_184|fp_bit_189|fp_bit_191|fp_bit_193|fp_bit_197|fp_bit_202|fp_bit_203|fp_bit_207|fp_bit_208|fp_bit_222|fp_bit_224|fp_bit_227|fp_bit_229|fp_bit_231|fp_bit_234|fp_bit_235|fp_bit_242|fp_bit_253|fp_bit_254|fp_bit_267|fp_bit_268|fp_bit_276|fp_bit_283|fp_bit_294|fp_bit_305|fp_bit_310|fp_bit_314|fp_bit_319|fp_bit_322|fp_bit_333|fp_bit_350|fp_bit_352|fp_bit_354|fp_bit_363|fp_bit_366|fp_bit_376|fp_bit_378|fp_bit_381|fp_bit_385|fp_bit_386|fp_bit_389|fp_bit_390|fp_bit_399|fp_bit_401|fp_bit_414|fp_bit_417|fp_bit_418|fp_bit_428|fp_bit_432|fp_bit_441|fp_bit_456|fp_bit_469|fp_bit_471|fp_bit_474|fp_bit_478|fp_bit_479|fp_bit_482|fp_bit_485|fp_bit_486|fp_bit_489|fp_bit_497|fp_bit_508|fp_bit_519|fp_bit_523|fp_bit_524|fp_bit_526|fp_bit_528|fp_bit_529|fp_bit_573|fp_bit_575|fp_bit_576|fp_bit_589|fp_bit_606|fp_bit_610|fp_bit_614|fp_bit_628|fp_bit_636|fp_bit_650|fp_bit_656|fp_bit_657|fp_bit_667|fp_bit_669|fp_bit_674|fp_bit_675|fp_bit_679|fp_bit_680|fp_bit_682|fp_bit_694|fp_bit_695|fp_bit_696|fp_bit_700|fp_bit_706|fp_bit_713|fp_bit_714|fp_bit_715|fp_bit_718|fp_bit_725|fp_bit_726|fp_bit_728|fp_bit_729|fp_bit_733|fp_bit_736|fp_bit_739|fp_bit_745|fp_bit_750|fp_bit_755|fp_bit_768|fp_bit_775|fp_bit_780|fp_bit_786|fp_bit_787|fp_bit_794|fp_bit_798|fp_bit_806|fp_bit_807|fp_bit_819|fp_bit_828|fp_bit_829|fp_bit_831|fp_bit_832|fp_bit_833|fp_bit_837|fp_bit_838|fp_bit_841|fp_bit_844|fp_bit_845|fp_bit_846|fp_bit_848|fp_bit_849|fp_bit_857|fp_bit_864|fp_bit_875|fp_bit_881|fp_bit_888|fp_bit_899|fp_bit_910|fp_bit_918|fp_bit_926|fp_bit_931|fp_bit_932|fp_bit_935|fp_bit_937|fp_bit_941|fp_bit_955|fp_bit_960|fp_bit_961|fp_bit_973|fp_bit_976|fp_bit_978|fp_bit_983|fp_bit_998|fp_bit_1004|fp_bit_1005|fp_bit_1017|fp_bit_1018|fp_bit_1019|fp_bit_1022|fp_bit_1025|fp_bit_1027|fp_bit_1028|fp_bit_1033|fp_bit_1037|fp_bit_1057|fp_bit_1060|fp_bit_1063|fp_bit_1065|fp_bit_1066|fp_bit_1070|fp_bit_1076|fp_bit_1077|fp_bit_1082|fp_bit_1083|fp_bit_1088|fp_bit_1096|fp_bit_1098|fp_bit_1104|fp_bit_1110|fp_bit_1111|fp_bit_1114|fp_bit_1126|fp_bit_1132|fp_bit_1134|fp_bit_1135|fp_bit_1136|fp_bit_1141|fp_bit_1143|fp_bit_1145|fp_bit_1148|fp_bit_1152|fp_bit_1154|fp_bit_1160|fp_bit_1163|fp_bit_1164|fp_bit_1168|fp_bit_1171|fp_bit_1181|fp_bit_1195|fp_bit_1199|fp_bit_1201|fp_bit_1221|fp_bit_1224|fp_bit_1226|fp_bit_1232|fp_bit_1234|fp_bit_1238|fp_bit_1243|fp_bit_1249|fp_bit_1257|fp_bit_1265|fp_bit_1267|fp_bit_1274|fp_bit_1290|fp_bit_1292|fp_bit_1296|fp_bit_1302|fp_bit_1308|fp_bit_1309|fp_bit_1313|fp_bit_1325|fp_bit_1336|fp_bit_1348|fp_bit_1349|fp_bit_1353|fp_bit_1356|fp_bit_1357|fp_bit_1365|fp_bit_1366|fp_bit_1380|fp_bit_1385|fp_bit_1386|fp_bit_1387|fp_bit_1391|fp_bit_1407|fp_bit_1410|fp_bit_1420|fp_bit_1427|fp_bit_1428|fp_bit_1431|fp_bit_1432|fp_bit_1444|fp_bit_1447|fp_bit_1448|fp_bit_1452|fp_bit_1454|fp_bit_1457|fp_bit_1459|fp_bit_1469|fp_bit_1475|fp_bit_1476|fp_bit_1480|fp_bit_1482|fp_bit_1487|fp_bit_1496|fp_bit_1497|fp_bit_1500|fp_bit_1511|fp_bit_1516|fp_bit_1522|fp_bit_1536|fp_bit_1538|fp_bit_1547|fp_bit_1555|fp_bit_1564|fp_bit_1572|fp_bit_1573|fp_bit_1574|fp_bit_1579|fp_bit_1581|fp_bit_1586|fp_bit_1599|fp_bit_1600|fp_bit_1602|fp_bit_1604|fp_bit_1607|fp_bit_1612|fp_bit_1613|fp_bit_1616|fp_bit_1619|fp_bit_1624|fp_bit_1631|fp_bit_1648|fp_bit_1656|fp_bit_1663|fp_bit_1672|fp_bit_1683|fp_bit_1689|fp_bit_1691|fp_bit_1696|fp_bit_1708|fp_bit_1715|fp_bit_1716|fp_bit_1718|fp_bit_1722|fp_bit_1724|fp_bit_1733|fp_bit_1734|fp_bit_1737|fp_bit_1745|fp_bit_1747|fp_bit_1750|fp_bit_1753|fp_bit_1754|fp_bit_1763|fp_bit_1775|fp_bit_1778|fp_bit_1783|fp_bit_1799|fp_bit_1803|fp_bit_1804|fp_bit_1805|fp_bit_1807|fp_bit_1809|fp_bit_1814|fp_bit_1816|fp_bit_1817|fp_bit_1823|fp_bit_1827|fp_bit_1828|fp_bit_1840|fp_bit_1844|fp_bit_1847|fp_bit_1849|fp_bit_1854|fp_bit_1855|fp_bit_1866|fp_bit_1873|fp_bit_1876|fp_bit_1878|fp_bit_1886|fp_bit_1887|fp_bit_1898|fp_bit_1902|fp_bit_1908|fp_bit_1911|fp_bit_1915|fp_bit_1917|fp_bit_1921|fp_bit_1923|fp_bit_1928|fp_bit_1944|fp_bit_1948|fp_bit_1950|fp_bit_1951|fp_bit_1954|fp_bit_1959|fp_bit_1963|fp_bit_1970|fp_bit_1972|fp_bit_1977|fp_bit_1979|fp_bit_1980|fp_bit_1984|fp_bit_1989|fp_bit_1991|fp_bit_1999|fp_bit_2001|fp_bit_2004|fp_bit_2006|fp_bit_2016|fp_bit_2029|fp_bit_2033|fp_bit_2038|fp_bit_2041|fp_bit_2044
BiGRU,Morgan FP,399,0.9531,0.9584,0.932,0.9871,0.9584,0.9439,0.9219,0.8676,0.8313,0.8191,0.9599,0.8313,0.8245,0.7771,L1,fp_bit_1|fp_bit_2|fp_bit_9|fp_bit_13|fp_bit_14|fp_bit_16|fp_bit_23|fp_bit_25|fp_bit_31|fp_bit_35|fp_bit_40|fp_bit_41|fp_bit_54|fp_bit_74|fp_bit_79|fp_bit_80|fp_bit_81|fp_bit_94|fp_bit_97|fp_bit_101|fp_bit_102|fp_bit_114|fp_bit_115|fp_bit_116|fp_bit_117|fp_bit_118|fp_bit_119|fp_bit_125|fp_bit_140|fp_bit_144|fp_bit_145|fp_bit_147|fp_bit_155|fp_bit_167|fp_bit_176|fp_bit_184|fp_bit_189|fp_bit_191|fp_bit_193|fp_bit_197|fp_bit_202|fp_bit_203|fp_bit_207|fp_bit_208|fp_bit_222|fp_bit_224|fp_bit_227|fp_bit_229|fp_bit_231|fp_bit_234|fp_bit_235|fp_bit_242|fp_bit_253|fp_bit_254|fp_bit_267|fp_bit_268|fp_bit_276|fp_bit_283|fp_bit_294|fp_bit_305|fp_bit_310|fp_bit_314|fp_bit_319|fp_bit_322|fp_bit_333|fp_bit_350|fp_bit_352|fp_bit_354|fp_bit_363|fp_bit_366|fp_bit_376|fp_bit_378|fp_bit_381|fp_bit_385|fp_bit_386|fp_bit_389|fp_bit_390|fp_bit_399|fp_bit_401|fp_bit_414|fp_bit_417|fp_bit_418|fp_bit_428|fp_bit_432|fp_bit_441|fp_bit_456|fp_bit_469|fp_bit_471|fp_bit_474|fp_bit_478|fp_bit_479|fp_bit_482|fp_bit_485|fp_bit_486|fp_bit_489|fp_bit_497|fp_bit_508|fp_bit_519|fp_bit_523|fp_bit_524|fp_bit_526|fp_bit_528|fp_bit_529|fp_bit_573|fp_bit_575|fp_bit_576|fp_bit_589|fp_bit_606|fp_bit_610|fp_bit_614|fp_bit_628|fp_bit_636|fp_bit_650|fp_bit_656|fp_bit_657|fp_bit_667|fp_bit_669|fp_bit_674|fp_bit_675|fp_bit_679|fp_bit_680|fp_bit_682|fp_bit_694|fp_bit_695|fp_bit_696|fp_bit_700|fp_bit_706|fp_bit_713|fp_bit_714|fp_bit_715|fp_bit_718|fp_bit_725|fp_bit_726|fp_bit_728|fp_bit_729|fp_bit_733|fp_bit_736|fp_bit_739|fp_bit_745|fp_bit_750|fp_bit_755|fp_bit_768|fp_bit_775|fp_bit_780|fp_bit_786|fp_bit_787|fp_bit_794|fp_bit_798|fp_bit_806|fp_bit_807|fp_bit_819|fp_bit_828|fp_bit_829|fp_bit_831|fp_bit_832|fp_bit_833|fp_bit_837|fp_bit_838|fp_bit_841|fp_bit_844|fp_bit_845|fp_bit_846|fp_bit_848|fp_bit_849|fp_bit_857|fp_bit_864|fp_bit_875|fp_bit_881|fp_bit_888|fp_bit_899|fp_bit_910|fp_bit_918|fp_bit_926|fp_bit_931|fp_bit_932|fp_bit_935|fp_bit_937|fp_bit_941|fp_bit_955|fp_bit_960|fp_bit_961|fp_bit_973|fp_bit_976|fp_bit_978|fp_bit_983|fp_bit_998|fp_bit_1004|fp_bit_1005|fp_bit_1017|fp_bit_1018|fp_bit_1019|fp_bit_1022|fp_bit_1025|fp_bit_1027|fp_bit_1028|fp_bit_1033|fp_bit_1037|fp_bit_1057|fp_bit_1060|fp_bit_1063|fp_bit_1065|fp_bit_1066|fp_bit_1070|fp_bit_1076|fp_bit_1077|fp_bit_1082|fp_bit_1083|fp_bit_1088|fp_bit_1096|fp_bit_1098|fp_bit_1104|fp_bit_1110|fp_bit_1111|fp_bit_1114|fp_bit_1126|fp_bit_1132|fp_bit_1134|fp_bit_1135|fp_bit_1136|fp_bit_1141|fp_bit_1143|fp_bit_1145|fp_bit_1148|fp_bit_1152|fp_bit_1154|fp_bit_1160|fp_bit_1163|fp_bit_1164|fp_bit_1168|fp_bit_1171|fp_bit_1181|fp_bit_1195|fp_bit_1199|fp_bit_1201|fp_bit_1221|fp_bit_1224|fp_bit_1226|fp_bit_1232|fp_bit_1234|fp_bit_1238|fp_bit_1243|fp_bit_1249|fp_bit_1257|fp_bit_1265|fp_bit_1267|fp_bit_1274|fp_bit_1290|fp_bit_1292|fp_bit_1296|fp_bit_1302|fp_bit_1308|fp_bit_1309|fp_bit_1313|fp_bit_1325|fp_bit_1336|fp_bit_1348|fp_bit_1349|fp_bit_1353|fp_bit_1356|fp_bit_1357|fp_bit_1365|fp_bit_1366|fp_bit_1380|fp_bit_1385|fp_bit_1386|fp_bit_1387|fp_bit_1391|fp_bit_1407|fp_bit_1410|fp_bit_1420|fp_bit_1427|fp_bit_1428|fp_bit_1431|fp_bit_1432|fp_bit_1444|fp_bit_1447|fp_bit_1448|fp_bit_1452|fp_bit_1454|fp_bit_1457|fp_bit_1459|fp_bit_1469|fp_bit_1475|fp_bit_1476|fp_bit_1480|fp_bit_1482|fp_bit_1487|fp_bit_1496|fp_bit_1497|fp_bit_1500|fp_bit_1511|fp_bit_1516|fp_bit_1522|fp_bit_1536|fp_bit_1538|fp_bit_1547|fp_bit_1555|fp_bit_1564|fp_bit_1572|fp_bit_1573|fp_bit_1574|fp_bit_1579|fp_bit_1581|fp_bit_1586|fp_bit_1599|fp_bit_1600|fp_bit_1602|fp_bit_1604|fp_bit_1607|fp_bit_1612|fp_bit_1613|fp_bit_1616|fp_bit_1619|fp_bit_1624|fp_bit_1631|fp_bit_1648|fp_bit_1656|fp_bit_1663|fp_bit_1672|fp_bit_1683|fp_bit_1689|fp_bit_1691|fp_bit_1696|fp_bit_1708|fp_bit_1715|fp_bit_1716|fp_bit_1718|fp_bit_1722|fp_bit_1724|fp_bit_1733|fp_bit_1734|fp_bit_1737|fp_bit_1745|fp_bit_1747|fp_bit_1750|fp_bit_1753|fp_bit_1754|fp_bit_1763|fp_bit_1775|fp_bit_1778|fp_bit_1783|fp_bit_1799|fp_bit_1803|fp_bit_1804|fp_bit_1805|fp_bit_1807|fp_bit_1809|fp_bit_1814|fp_bit_1816|fp_bit_1817|fp_bit_1823|fp_bit_1827|fp_bit_1828|fp_bit_1840|fp_bit_1844|fp_bit_1847|fp_bit_1849|fp_bit_1854|fp_bit_1855|fp_bit_1866|fp_bit_1873|fp_bit_1876|fp_bit_1878|fp_bit_1886|fp_bit_1887|fp_bit_1898|fp_bit_1902|fp_bit_1908|fp_bit_1911|fp_bit_1915|fp_bit_1917|fp_bit_1921|fp_bit_1923|fp_bit_1928|fp_bit_1944|fp_bit_1948|fp_bit_1950|fp_bit_1951|fp_bit_1954|fp_bit_1959|fp_bit_1963|fp_bit_1970|fp_bit_1972|fp_bit_1977|fp_bit_1979|fp_bit_1980|fp_bit_1984|fp_bit_1989|fp_bit_1991|fp_bit_1999|fp_bit_2001|fp_bit_2004|fp_bit_2006|fp_bit_2016|fp_bit_2029|fp_bit_2033|fp_bit_2038|fp_bit_2041|fp_bit_2044
BiLSTM,Morgan FP,399,0.9511,0.9564,0.9289,0.9865,0.9564,0.9414,0.9186,0.8673,0.8345,0.8236,0.9602,0.8345,0.8277,0.7775,L1,fp_bit_1|fp_bit_2|fp_bit_9|fp_bit_13|fp_bit_14|fp_bit_16|fp_bit_23|fp_bit_25|fp_bit_31|fp_bit_35|fp_bit_40|fp_bit_41|fp_bit_54|fp_bit_74|fp_bit_79|fp_bit_80|fp_bit_81|fp_bit_94|fp_bit_97|fp_bit_101|fp_bit_102|fp_bit_114|fp_bit_115|fp_bit_116|fp_bit_117|fp_bit_118|fp_bit_119|fp_bit_125|fp_bit_140|fp_bit_144|fp_bit_145|fp_bit_147|fp_bit_155|fp_bit_167|fp_bit_176|fp_bit_184|fp_bit_189|fp_bit_191|fp_bit_193|fp_bit_197|fp_bit_202|fp_bit_203|fp_bit_207|fp_bit_208|fp_bit_222|fp_bit_224|fp_bit_227|fp_bit_229|fp_bit_231|fp_bit_234|fp_bit_235|fp_bit_242|fp_bit_253|fp_bit_254|fp_bit_267|fp_bit_268|fp_bit_276|fp_bit_283|fp_bit_294|fp_bit_305|fp_bit_310|fp_bit_314|fp_bit_319|fp_bit_322|fp_bit_333|fp_bit_350|fp_bit_352|fp_bit_354|fp_bit_363|fp_bit_366|fp_bit_376|fp_bit_378|fp_bit_381|fp_bit_385|fp_bit_386|fp_bit_389|fp_bit_390|fp_bit_399|fp_bit_401|fp_bit_414|fp_bit_417|fp_bit_418|fp_bit_428|fp_bit_432|fp_bit_441|fp_bit_456|fp_bit_469|fp_bit_471|fp_bit_474|fp_bit_478|fp_bit_479|fp_bit_482|fp_bit_485|fp_bit_486|fp_bit_489|fp_bit_497|fp_bit_508|fp_bit_519|fp_bit_523|fp_bit_524|fp_bit_526|fp_bit_528|fp_bit_529|fp_bit_573|fp_bit_575|fp_bit_576|fp_bit_589|fp_bit_606|fp_bit_610|fp_bit_614|fp_bit_628|fp_bit_636|fp_bit_650|fp_bit_656|fp_bit_657|fp_bit_667|fp_bit_669|fp_bit_674|fp_bit_675|fp_bit_679|fp_bit_680|fp_bit_682|fp_bit_694|fp_bit_695|fp_bit_696|fp_bit_700|fp_bit_706|fp_bit_713|fp_bit_714|fp_bit_715|fp_bit_718|fp_bit_725|fp_bit_726|fp_bit_728|fp_bit_729|fp_bit_733|fp_bit_736|fp_bit_739|fp_bit_745|fp_bit_750|fp_bit_755|fp_bit_768|fp_bit_775|fp_bit_780|fp_bit_786|fp_bit_787|fp_bit_794|fp_bit_798|fp_bit_806|fp_bit_807|fp_bit_819|fp_bit_828|fp_bit_829|fp_bit_831|fp_bit_832|fp_bit_833|fp_bit_837|fp_bit_838|fp_bit_841|fp_bit_844|fp_bit_845|fp_bit_846|fp_bit_848|fp_bit_849|fp_bit_857|fp_bit_864|fp_bit_875|fp_bit_881|fp_bit_888|fp_bit_899|fp_bit_910|fp_bit_918|fp_bit_926|fp_bit_931|fp_bit_932|fp_bit_935|fp_bit_937|fp_bit_941|fp_bit_955|fp_bit_960|fp_bit_961|fp_bit_973|fp_bit_976|fp_bit_978|fp_bit_983|fp_bit_998|fp_bit_1004|fp_bit_1005|fp_bit_1017|fp_bit_1018|fp_bit_1019|fp_bit_1022|fp_bit_1025|fp_bit_1027|fp_bit_1028|fp_bit_1033|fp_bit_1037|fp_bit_1057|fp_bit_1060|fp_bit_1063|fp_bit_1065|fp_bit_1066|fp_bit_1070|fp_bit_1076|fp_bit_1077|fp_bit_1082|fp_bit_1083|fp_bit_1088|fp_bit_1096|fp_bit_1098|fp_bit_1104|fp_bit_1110|fp_bit_1111|fp_bit_1114|fp_bit_1126|fp_bit_1132|fp_bit_1134|fp_bit_1135|fp_bit_1136|fp_bit_1141|fp_bit_1143|fp_bit_1145|fp_bit_1148|fp_bit_1152|fp_bit_1154|fp_bit_1160|fp_bit_1163|fp_bit_1164|fp_bit_1168|fp_bit_1171|fp_bit_1181|fp_bit_1195|fp_bit_1199|fp_bit_1201|fp_bit_1221|fp_bit_1224|fp_bit_1226|fp_bit_1232|fp_bit_1234|fp_bit_1238|fp_bit_1243|fp_bit_1249|fp_bit_1257|fp_bit_1265|fp_bit_1267|fp_bit_1274|fp_bit_1290|fp_bit_1292|fp_bit_1296|fp_bit_1302|fp_bit_1308|fp_bit_1309|fp_bit_1313|fp_bit_1325|fp_bit_1336|fp_bit_1348|fp_bit_1349|fp_bit_1353|fp_bit_1356|fp_bit_1357|fp_bit_1365|fp_bit_1366|fp_bit_1380|fp_bit_1385|fp_bit_1386|fp_bit_1387|fp_bit_1391|fp_bit_1407|fp_bit_1410|fp_bit_1420|fp_bit_1427|fp_bit_1428|fp_bit_1431|fp_bit_1432|fp_bit_1444|fp_bit_1447|fp_bit_1448|fp_bit_1452|fp_bit_1454|fp_bit_1457|fp_bit_1459|fp_bit_1469|fp_bit_1475|fp_bit_1476|fp_bit_1480|fp_bit_1482|fp_bit_1487|fp_bit_1496|fp_bit_1497|fp_bit_1500|fp_bit_1511|fp_bit_1516|fp_bit_1522|fp_bit_1536|fp_bit_1538|fp_bit_1547|fp_bit_1555|fp_bit_1564|fp_bit_1572|fp_bit_1573|fp_bit_1574|fp_bit_1579|fp_bit_1581|fp_bit_1586|fp_bit_1599|fp_bit_1600|fp_bit_1602|fp_bit_1604|fp_bit_1607|fp_bit_1612|fp_bit_1613|fp_bit_1616|fp_bit_1619|fp_bit_1624|fp_bit_1631|fp_bit_1648|fp_bit_1656|fp_bit_1663|fp_bit_1672|fp_bit_1683|fp_bit_1689|fp_bit_1691|fp_bit_1696|fp_bit_1708|fp_bit_1715|fp_bit_1716|fp_bit_1718|fp_bit_1722|fp_bit_1724|fp_bit_1733|fp_bit_1734|fp_bit_1737|fp_bit_1745|fp_bit_1747|fp_bit_1750|fp_bit_1753|fp_bit_1754|fp_bit_1763|fp_bit_1775|fp_bit_1778|fp_bit_1783|fp_bit_1799|fp_bit_1803|fp_bit_1804|fp_bit_1805|fp_bit_1807|fp_bit_1809|fp_bit_1814|fp_bit_1816|fp_bit_1817|fp_bit_1823|fp_bit_1827|fp_bit_1828|fp_bit_1840|fp_bit_1844|fp_bit_1847|fp_bit_1849|fp_bit_1854|fp_bit_1855|fp_bit_1866|fp_bit_1873|fp_bit_1876|fp_bit_1878|fp_bit_1886|fp_bit_1887|fp_bit_1898|fp_bit_1902|fp_bit_1908|fp_bit_1911|fp_bit_1915|fp_bit_1917|fp_bit_1921|fp_bit_1923|fp_bit_1928|fp_bit_1944|fp_bit_1948|fp_bit_1950|fp_bit_1951|fp_bit_1954|fp_bit_1959|fp_bit_1963|fp_bit_1970|fp_bit_1972|fp_bit_1977|fp_bit_1979|fp_bit_1980|fp_bit_1984|fp_bit_1989|fp_bit_1991|fp_bit_1999|fp_bit_2001|fp_bit_2004|fp_bit_2006|fp_bit_2016|fp_bit_2029|fp_bit_2033|fp_bit_2038|fp_bit_2041|fp_bit_2044
Logistic Regression,MACCS,123,0.8213,0.7595,0.7807,0.9361,0.7595,0.7683,0.6886,0.8129,0.7423,0.7658,0.9348,0.7423,0.7521,0.6748,L1,maccs_3|maccs_16|maccs_25|maccs_26|maccs_29|maccs_32|maccs_33|maccs_34|maccs_36|maccs_37|maccs_38|maccs_41|maccs_42|maccs_43|maccs_44|maccs_47|maccs_49|maccs_50|maccs_52|maccs_53|maccs_54|maccs_56|maccs_57|maccs_58|maccs_60|maccs_62|maccs_64|maccs_65|maccs_66|maccs_67|maccs_68|maccs_69|maccs_71|maccs_72|maccs_73|maccs_74|maccs_75|maccs_77|maccs_78|maccs_79|maccs_80|maccs_81|maccs_82|maccs_83|maccs_84|maccs_85|maccs_86|maccs_87|maccs_88|maccs_89|maccs_90|maccs_91|maccs_92|maccs_93|maccs_94|maccs_95|maccs_96|maccs_97|maccs_98|maccs_99|maccs_100|maccs_101|maccs_102|maccs_103|maccs_104|maccs_106|maccs_107|maccs_108|maccs_109|maccs_110|maccs_111|maccs_112|maccs_113|maccs_114|maccs_115|maccs_116|maccs_117|maccs_118|maccs_120|maccs_121|maccs_122|maccs_123|maccs_125|maccs_126|maccs_127|maccs_128|maccs_129|maccs_130|maccs_131|maccs_132|maccs_133|maccs_134|maccs_135|maccs_136|maccs_138|maccs_139|maccs_140|maccs_141|maccs_142|maccs_143|maccs_144|maccs_145|maccs_146|maccs_147|maccs_148|maccs_149|maccs_150|maccs_151|maccs_152|maccs_153|maccs_154|maccs_155|maccs_156|maccs_157|maccs_158|maccs_159|maccs_160|maccs_161|maccs_162|maccs_163|maccs_164|maccs_165|maccs_166
Decision Tree,MACCS,123,0.9676,0.9527,0.9719,0.9868,0.9527,0.962,0.9442,0.8541,0.7754,0.8123,0.9495,0.7754,0.7925,0.7465,L1,maccs_3|maccs_16|maccs_25|maccs_26|maccs_29|maccs_32|maccs_33|maccs_34|maccs_36|maccs_37|maccs_38|maccs_41|maccs_42|maccs_43|maccs_44|maccs_47|maccs_49|maccs_50|maccs_52|maccs_53|maccs_54|maccs_56|maccs_57|maccs_58|maccs_60|maccs_62|maccs_64|maccs_65|maccs_66|maccs_67|maccs_68|maccs_69|maccs_71|maccs_72|maccs_73|maccs_74|maccs_75|maccs_77|maccs_78|maccs_79|maccs_80|maccs_81|maccs_82|maccs_83|maccs_84|maccs_85|maccs_86|maccs_87|maccs_88|maccs_89|maccs_90|maccs_91|maccs_92|maccs_93|maccs_94|maccs_95|maccs_96|maccs_97|maccs_98|maccs_99|maccs_100|maccs_101|maccs_102|maccs_103|maccs_104|maccs_106|maccs_107|maccs_108|maccs_109|maccs_110|maccs_111|maccs_112|maccs_113|maccs_114|maccs_115|maccs_116|maccs_117|maccs_118|maccs_120|maccs_121|maccs_122|maccs_123|maccs_125|maccs_126|maccs_127|maccs_128|maccs_129|maccs_130|maccs_131|maccs_132|maccs_133|maccs_134|maccs_135|maccs_136|maccs_138|maccs_139|maccs_140|maccs_141|maccs_142|maccs_143|maccs_144|maccs_145|maccs_146|maccs_147|maccs_148|maccs_149|maccs_150|maccs_151|maccs_152|maccs_153|maccs_154|maccs_155|maccs_156|maccs_157|maccs_158|maccs_159|maccs_160|maccs_161|maccs_162|maccs_163|maccs_164|maccs_165|maccs_166
Random Forest,MACCS,123,0.9676,0.9607,0.9651,0.9883,0.9607,0.9628,0.9445,0.8861,0.8361,0.8651,0.9603,0.8361,0.8497,0.8031,L1,maccs_3|maccs_16|maccs_25|maccs_26|maccs_29|maccs_32|maccs_33|maccs_34|maccs_36|maccs_37|maccs_38|maccs_41|maccs_42|maccs_43|maccs_44|maccs_47|maccs_49|maccs_50|maccs_52|maccs_53|maccs_54|maccs_56|maccs_57|maccs_58|maccs_60|maccs_62|maccs_64|maccs_65|maccs_66|maccs_67|maccs_68|maccs_69|maccs_71|maccs_72|maccs_73|maccs_74|maccs_75|maccs_77|maccs_78|maccs_79|maccs_80|maccs_81|maccs_82|maccs_83|maccs_84|maccs_85|maccs_86|maccs_87|maccs_88|maccs_89|maccs_90|maccs_91|maccs_92|maccs_93|maccs_94|maccs_95|maccs_96|maccs_97|maccs_98|maccs_99|maccs_100|maccs_101|maccs_102|maccs_103|maccs_104|maccs_106|maccs_107|maccs_108|maccs_109|maccs_110|maccs_111|maccs_112|maccs_113|maccs_114|maccs_115|maccs_116|maccs_117|maccs_118|maccs_120|maccs_121|maccs_122|maccs_123|maccs_125|maccs_126|maccs_127|maccs_128|maccs_129|maccs_130|maccs_131|maccs_132|maccs_133|maccs_134|maccs_135|maccs_136|maccs_138|maccs_139|maccs_140|maccs_141|maccs_142|maccs_143|maccs_144|maccs_145|maccs_146|maccs_147|maccs_148|maccs_149|maccs_150|maccs_151|maccs_152|maccs_153|maccs_154|maccs_155|maccs_156|maccs_157|maccs_158|maccs_159|maccs_160|maccs_161|maccs_162|maccs_163|maccs_164|maccs_165|maccs_166
Extra Trees,MACCS,123,0.9676,0.9527,0.9719,0.9868,0.9527,0.962,0.9442,0.8895,0.8428,0.869,0.961,0.8428,0.8552,0.8088,L1,maccs_3|maccs_16|maccs_25|maccs_26|maccs_29|maccs_32|maccs_33|maccs_34|maccs_36|maccs_37|maccs_38|maccs_41|maccs_42|maccs_43|maccs_44|maccs_47|maccs_49|maccs_50|maccs_52|maccs_53|maccs_54|maccs_56|maccs_57|maccs_58|maccs_60|maccs_62|maccs_64|maccs_65|maccs_66|maccs_67|maccs_68|maccs_69|maccs_71|maccs_72|maccs_73|maccs_74|maccs_75|maccs_77|maccs_78|maccs_79|maccs_80|maccs_81|maccs_82|maccs_83|maccs_84|maccs_85|maccs_86|maccs_87|maccs_88|maccs_89|maccs_90|maccs_91|maccs_92|maccs_93|maccs_94|maccs_95|maccs_96|maccs_97|maccs_98|maccs_99|maccs_100|maccs_101|maccs_102|maccs_103|maccs_104|maccs_106|maccs_107|maccs_108|maccs_109|maccs_110|maccs_111|maccs_112|maccs_113|maccs_114|maccs_115|maccs_116|maccs_117|maccs_118|maccs_120|maccs_121|maccs_122|maccs_123|maccs_125|maccs_126|maccs_127|maccs_128|maccs_129|maccs_130|maccs_131|maccs_132|maccs_133|maccs_134|maccs_135|maccs_136|maccs_138|maccs_139|maccs_140|maccs_141|maccs_142|maccs_143|maccs_144|maccs_145|maccs_146|maccs_147|maccs_148|maccs_149|maccs_150|maccs_151|maccs_152|maccs_153|maccs_154|maccs_155|maccs_156|maccs_157|maccs_158|maccs_159|maccs_160|maccs_161|maccs_162|maccs_163|maccs_164|maccs_165|maccs_166
Gradient Boosting,MACCS,123,0.9311,0.9164,0.923,0.9751,0.9164,0.9194,0.8815,0.8813,0.8333,0.8516,0.9596,0.8333,0.842,0.7954,L1,maccs_3|maccs_16|maccs_25|maccs_26|maccs_29|maccs_32|maccs_33|maccs_34|maccs_36|maccs_37|maccs_38|maccs_41|maccs_42|maccs_43|maccs_44|maccs_47|maccs_49|maccs_50|maccs_52|maccs_53|maccs_54|maccs_56|maccs_57|maccs_58|maccs_60|maccs_62|maccs_64|maccs_65|maccs_66|maccs_67|maccs_68|maccs_69|maccs_71|maccs_72|maccs_73|maccs_74|maccs_75|maccs_77|maccs_78|maccs_79|maccs_80|maccs_81|maccs_82|maccs_83|maccs_84|maccs_85|maccs_86|maccs_87|maccs_88|maccs_89|maccs_90|maccs_91|maccs_92|maccs_93|maccs_94|maccs_95|maccs_96|maccs_97|maccs_98|maccs_99|maccs_100|maccs_101|maccs_102|maccs_103|maccs_104|maccs_106|maccs_107|maccs_108|maccs_109|maccs_110|maccs_111|maccs_112|maccs_113|maccs_114|maccs_115|maccs_116|maccs_117|maccs_118|maccs_120|maccs_121|maccs_122|maccs_123|maccs_125|maccs_126|maccs_127|maccs_128|maccs_129|maccs_130|maccs_131|maccs_132|maccs_133|maccs_134|maccs_135|maccs_136|maccs_138|maccs_139|maccs_140|maccs_141|maccs_142|maccs_143|maccs_144|maccs_145|maccs_146|maccs_147|maccs_148|maccs_149|maccs_150|maccs_151|maccs_152|maccs_153|maccs_154|maccs_155|maccs_156|maccs_157|maccs_158|maccs_159|maccs_160|maccs_161|maccs_162|maccs_163|maccs_164|maccs_165|maccs_166
AdaBoost,MACCS,123,0.6585,0.3176,0.3357,0.8521,0.3176,0.3124,0.3207,0.6592,0.3159,0.3374,0.8519,0.3159,0.3117,0.3212,L1,maccs_3|maccs_16|maccs_25|maccs_26|maccs_29|maccs_32|maccs_33|maccs_34|maccs_36|maccs_37|maccs_38|maccs_41|maccs_42|maccs_43|maccs_44|maccs_47|maccs_49|maccs_50|maccs_52|maccs_53|maccs_54|maccs_56|maccs_57|maccs_58|maccs_60|maccs_62|maccs_64|maccs_65|maccs_66|maccs_67|maccs_68|maccs_69|maccs_71|maccs_72|maccs_73|maccs_74|maccs_75|maccs_77|maccs_78|maccs_79|maccs_80|maccs_81|maccs_82|maccs_83|maccs_84|maccs_85|maccs_86|maccs_87|maccs_88|maccs_89|maccs_90|maccs_91|maccs_92|maccs_93|maccs_94|maccs_95|maccs_96|maccs_97|maccs_98|maccs_99|maccs_100|maccs_101|maccs_102|maccs_103|maccs_104|maccs_106|maccs_107|maccs_108|maccs_109|maccs_110|maccs_111|maccs_112|maccs_113|maccs_114|maccs_115|maccs_116|maccs_117|maccs_118|maccs_120|maccs_121|maccs_122|maccs_123|maccs_125|maccs_126|maccs_127|maccs_128|maccs_129|maccs_130|maccs_131|maccs_132|maccs_133|maccs_134|maccs_135|maccs_136|maccs_138|maccs_139|maccs_140|maccs_141|maccs_142|maccs_143|maccs_144|maccs_145|maccs_146|maccs_147|maccs_148|maccs_149|maccs_150|maccs_151|maccs_152|maccs_153|maccs_154|maccs_155|maccs_156|maccs_157|maccs_158|maccs_159|maccs_160|maccs_161|maccs_162|maccs_163|maccs_164|maccs_165|maccs_166
XGBoost,MACCS,123,0.9326,0.9225,0.9237,0.976,0.9225,0.9228,0.8844,0.8825,0.8411,0.8484,0.9602,0.8411,0.8444,0.7976,L1,maccs_3|maccs_16|maccs_25|maccs_26|maccs_29|maccs_32|maccs_33|maccs_34|maccs_36|maccs_37|maccs_38|maccs_41|maccs_42|maccs_43|maccs_44|maccs_47|maccs_49|maccs_50|maccs_52|maccs_53|maccs_54|maccs_56|maccs_57|maccs_58|maccs_60|maccs_62|maccs_64|maccs_65|maccs_66|maccs_67|maccs_68|maccs_69|maccs_71|maccs_72|maccs_73|maccs_74|maccs_75|maccs_77|maccs_78|maccs_79|maccs_80|maccs_81|maccs_82|maccs_83|maccs_84|maccs_85|maccs_86|maccs_87|maccs_88|maccs_89|maccs_90|maccs_91|maccs_92|maccs_93|maccs_94|maccs_95|maccs_96|maccs_97|maccs_98|maccs_99|maccs_100|maccs_101|maccs_102|maccs_103|maccs_104|maccs_106|maccs_107|maccs_108|maccs_109|maccs_110|maccs_111|maccs_112|maccs_113|maccs_114|maccs_115|maccs_116|maccs_117|maccs_118|maccs_120|maccs_121|maccs_122|maccs_123|maccs_125|maccs_126|maccs_127|maccs_128|maccs_129|maccs_130|maccs_131|maccs_132|maccs_133|maccs_134|maccs_135|maccs_136|maccs_138|maccs_139|maccs_140|maccs_141|maccs_142|maccs_143|maccs_144|maccs_145|maccs_146|maccs_147|maccs_148|maccs_149|maccs_150|maccs_151|maccs_152|maccs_153|maccs_154|maccs_155|maccs_156|maccs_157|maccs_158|maccs_159|maccs_160|maccs_161|maccs_162|maccs_163|maccs_164|maccs_165|maccs_166
SVM,MACCS,123,0.8881,0.8544,0.8649,0.9599,0.8544,0.8583,0.8068,0.8651,0.815,0.8309,0.9521,0.815,0.8211,0.7662,L1,maccs_3|maccs_16|maccs_25|maccs_26|maccs_29|maccs_32|maccs_33|maccs_34|maccs_36|maccs_37|maccs_38|maccs_41|maccs_42|maccs_43|maccs_44|maccs_47|maccs_49|maccs_50|maccs_52|maccs_53|maccs_54|maccs_56|maccs_57|maccs_58|maccs_60|maccs_62|maccs_64|maccs_65|maccs_66|maccs_67|maccs_68|maccs_69|maccs_71|maccs_72|maccs_73|maccs_74|maccs_75|maccs_77|maccs_78|maccs_79|maccs_80|maccs_81|maccs_82|maccs_83|maccs_84|maccs_85|maccs_86|maccs_87|maccs_88|maccs_89|maccs_90|maccs_91|maccs_92|maccs_93|maccs_94|maccs_95|maccs_96|maccs_97|maccs_98|maccs_99|maccs_100|maccs_101|maccs_102|maccs_103|maccs_104|maccs_106|maccs_107|maccs_108|maccs_109|maccs_110|maccs_111|maccs_112|maccs_113|maccs_114|maccs_115|maccs_116|maccs_117|maccs_118|maccs_120|maccs_121|maccs_122|maccs_123|maccs_125|maccs_126|maccs_127|maccs_128|maccs_129|maccs_130|maccs_131|maccs_132|maccs_133|maccs_134|maccs_135|maccs_136|maccs_138|maccs_139|maccs_140|maccs_141|maccs_142|maccs_143|maccs_144|maccs_145|maccs_146|maccs_147|maccs_148|maccs_149|maccs_150|maccs_151|maccs_152|maccs_153|maccs_154|maccs_155|maccs_156|maccs_157|maccs_158|maccs_159|maccs_160|maccs_161|maccs_162|maccs_163|maccs_164|maccs_165|maccs_166
BiGRU,MACCS,123,0.9197,0.9265,0.897,0.9758,0.9265,0.9087,0.8666,0.8682,0.8489,0.822,0.9605,0.8489,0.832,0.7802,L1,maccs_3|maccs_16|maccs_25|maccs_26|maccs_29|maccs_32|maccs_33|maccs_34|maccs_36|maccs_37|maccs_38|maccs_41|maccs_42|maccs_43|maccs_44|maccs_47|maccs_49|maccs_50|maccs_52|maccs_53|maccs_54|maccs_56|maccs_57|maccs_58|maccs_60|maccs_62|maccs_64|maccs_65|maccs_66|maccs_67|maccs_68|maccs_69|maccs_71|maccs_72|maccs_73|maccs_74|maccs_75|maccs_77|maccs_78|maccs_79|maccs_80|maccs_81|maccs_82|maccs_83|maccs_84|maccs_85|maccs_86|maccs_87|maccs_88|maccs_89|maccs_90|maccs_91|maccs_92|maccs_93|maccs_94|maccs_95|maccs_96|maccs_97|maccs_98|maccs_99|maccs_100|maccs_101|maccs_102|maccs_103|maccs_104|maccs_106|maccs_107|maccs_108|maccs_109|maccs_110|maccs_111|maccs_112|maccs_113|maccs_114|maccs_115|maccs_116|maccs_117|maccs_118|maccs_120|maccs_121|maccs_122|maccs_123|maccs_125|maccs_126|maccs_127|maccs_128|maccs_129|maccs_130|maccs_131|maccs_132|maccs_133|maccs_134|maccs_135|maccs_136|maccs_138|maccs_139|maccs_140|maccs_141|maccs_142|maccs_143|maccs_144|maccs_145|maccs_146|maccs_147|maccs_148|maccs_149|maccs_150|maccs_151|maccs_152|maccs_153|maccs_154|maccs_155|maccs_156|maccs_157|maccs_158|maccs_159|maccs_160|maccs_161|maccs_162|maccs_163|maccs_164|maccs_165|maccs_166
BiLSTM,MACCS,123,0.9012,0.9175,0.8792,0.9726,0.9175,0.8928,0.8406,0.8651,0.8549,0.8281,0.9624,0.8549,0.8364,0.7804,L1,maccs_3|maccs_16|maccs_25|maccs_26|maccs_29|maccs_32|maccs_33|maccs_34|maccs_36|maccs_37|maccs_38|maccs_41|maccs_42|maccs_43|maccs_44|maccs_47|maccs_49|maccs_50|maccs_52|maccs_53|maccs_54|maccs_56|maccs_57|maccs_58|maccs_60|maccs_62|maccs_64|maccs_65|maccs_66|maccs_67|maccs_68|maccs_69|maccs_71|maccs_72|maccs_73|maccs_74|maccs_75|maccs_77|maccs_78|maccs_79|maccs_80|maccs_81|maccs_82|maccs_83|maccs_84|maccs_85|maccs_86|maccs_87|maccs_88|maccs_89|maccs_90|maccs_91|maccs_92|maccs_93|maccs_94|maccs_95|maccs_96|maccs_97|maccs_98|maccs_99|maccs_100|maccs_101|maccs_102|maccs_103|maccs_104|maccs_106|maccs_107|maccs_108|maccs_109|maccs_110|maccs_111|maccs_112|maccs_113|maccs_114|maccs_115|maccs_116|maccs_117|maccs_118|maccs_120|maccs_121|maccs_122|maccs_123|maccs_125|maccs_126|maccs_127|maccs_128|maccs_129|maccs_130|maccs_131|maccs_132|maccs_133|maccs_134|maccs_135|maccs_136|maccs_138|maccs_139|maccs_140|maccs_141|maccs_142|maccs_143|maccs_144|maccs_145|maccs_146|maccs_147|maccs_148|maccs_149|maccs_150|maccs_151|maccs_152|maccs_153|maccs_154|maccs_155|maccs_156|maccs_157|maccs_158|maccs_159|maccs_160|maccs_161|maccs_162|maccs_163|maccs_164|maccs_165|maccs_166
Logistic Regression,Mol2Vec,279,0.8435,0.7833,0.8157,0.9428,0.7833,0.798,0.7266,0.8129,0.7293,0.7664,0.9334,0.7293,0.746,0.6723,L1,mol2vec_0|mol2vec_1|mol2vec_2|mol2vec_3|mol2vec_4|mol2vec_5|mol2vec_6|mol2vec_7|mol2vec_8|mol2vec_9|mol2vec_10|mol2vec_11|mol2vec_12|mol2vec_13|mol2vec_14|mol2vec_15|mol2vec_16|mol2vec_17|mol2vec_18|mol2vec_19|mol2vec_20|mol2vec_21|mol2vec_22|mol2vec_23|mol2vec_24|mol2vec_25|mol2vec_26|mol2vec_27|mol2vec_28|mol2vec_29|mol2vec_30|mol2vec_31|mol2vec_32|mol2vec_33|mol2vec_34|mol2vec_35|mol2vec_36|mol2vec_37|mol2vec_38|mol2vec_39|mol2vec_40|mol2vec_41|mol2vec_42|mol2vec_43|mol2vec_44|mol2vec_45|mol2vec_46|mol2vec_47|mol2vec_48|mol2vec_49|mol2vec_50|mol2vec_51|mol2vec_54|mol2vec_55|mol2vec_56|mol2vec_57|mol2vec_58|mol2vec_59|mol2vec_60|mol2vec_61|mol2vec_62|mol2vec_63|mol2vec_64|mol2vec_66|mol2vec_67|mol2vec_68|mol2vec_69|mol2vec_70|mol2vec_71|mol2vec_72|mol2vec_74|mol2vec_75|mol2vec_76|mol2vec_77|mol2vec_78|mol2vec_79|mol2vec_81|mol2vec_82|mol2vec_83|mol2vec_84|mol2vec_85|mol2vec_86|mol2vec_88|mol2vec_89|mol2vec_90|mol2vec_91|mol2vec_92|mol2vec_93|mol2vec_94|mol2vec_95|mol2vec_96|mol2vec_97|mol2vec_98|mol2vec_99|mol2vec_100|mol2vec_101|mol2vec_102|mol2vec_103|mol2vec_104|mol2vec_105|mol2vec_106|mol2vec_107|mol2vec_108|mol2vec_109|mol2vec_110|mol2vec_111|mol2vec_113|mol2vec_114|mol2vec_115|mol2vec_116|mol2vec_117|mol2vec_118|mol2vec_119|mol2vec_120|mol2vec_121|mol2vec_122|mol2vec_123|mol2vec_124|mol2vec_125|mol2vec_126|mol2vec_127|mol2vec_128|mol2vec_129|mol2vec_130|mol2vec_132|mol2vec_133|mol2vec_134|mol2vec_135|mol2vec_136|mol2vec_137|mol2vec_138|mol2vec_139|mol2vec_140|mol2vec_141|mol2vec_142|mol2vec_143|mol2vec_144|mol2vec_145|mol2vec_146|mol2vec_147|mol2vec_148|mol2vec_151|mol2vec_152|mol2vec_153|mol2vec_154|mol2vec_155|mol2vec_156|mol2vec_157|mol2vec_158|mol2vec_159|mol2vec_160|mol2vec_161|mol2vec_162|mol2vec_163|mol2vec_164|mol2vec_165|mol2vec_166|mol2vec_167|mol2vec_168|mol2vec_169|mol2vec_170|mol2vec_171|mol2vec_172|mol2vec_173|mol2vec_174|mol2vec_175|mol2vec_176|mol2vec_177|mol2vec_178|mol2vec_179|mol2vec_180|mol2vec_181|mol2vec_182|mol2vec_183|mol2vec_184|mol2vec_185|mol2vec_186|mol2vec_187|mol2vec_188|mol2vec_189|mol2vec_190|mol2vec_191|mol2vec_192|mol2vec_193|mol2vec_194|mol2vec_195|mol2vec_196|mol2vec_197|mol2vec_198|mol2vec_199|mol2vec_200|mol2vec_201|mol2vec_202|mol2vec_203|mol2vec_204|mol2vec_205|mol2vec_206|mol2vec_207|mol2vec_208|mol2vec_209|mol2vec_210|mol2vec_211|mol2vec_212|mol2vec_213|mol2vec_214|mol2vec_215|mol2vec_216|mol2vec_217|mol2vec_219|mol2vec_220|mol2vec_221|mol2vec_222|mol2vec_223|mol2vec_224|mol2vec_225|mol2vec_226|mol2vec_227|mol2vec_229|mol2vec_230|mol2vec_232|mol2vec_233|mol2vec_234|mol2vec_236|mol2vec_237|mol2vec_238|mol2vec_239|mol2vec_240|mol2vec_241|mol2vec_242|mol2vec_243|mol2vec_244|mol2vec_245|mol2vec_246|mol2vec_247|mol2vec_248|mol2vec_249|mol2vec_250|mol2vec_251|mol2vec_252|mol2vec_253|mol2vec_254|mol2vec_257|mol2vec_258|mol2vec_259|mol2vec_261|mol2vec_262|mol2vec_263|mol2vec_264|mol2vec_265|mol2vec_266|mol2vec_267|mol2vec_268|mol2vec_269|mol2vec_271|mol2vec_272|mol2vec_273|mol2vec_274|mol2vec_275|mol2vec_276|mol2vec_277|mol2vec_278|mol2vec_279|mol2vec_280|mol2vec_281|mol2vec_282|mol2vec_283|mol2vec_284|mol2vec_285|mol2vec_286|mol2vec_287|mol2vec_288|mol2vec_289|mol2vec_290|mol2vec_291|mol2vec_292|mol2vec_293|mol2vec_294|mol2vec_295|mol2vec_298
Decision Tree,Mol2Vec,279,0.9964,0.9932,0.9962,0.9986,0.9932,0.9947,0.9939,0.7902,0.6834,0.6902,0.9335,0.6834,0.6866,0.6419,L1,mol2vec_0|mol2vec_1|mol2vec_2|mol2vec_3|mol2vec_4|mol2vec_5|mol2vec_6|mol2vec_7|mol2vec_8|mol2vec_9|mol2vec_10|mol2vec_11|mol2vec_12|mol2vec_13|mol2vec_14|mol2vec_15|mol2vec_16|mol2vec_17|mol2vec_18|mol2vec_19|mol2vec_20|mol2vec_21|mol2vec_22|mol2vec_23|mol2vec_24|mol2vec_25|mol2vec_26|mol2vec_27|mol2vec_28|mol2vec_29|mol2vec_30|mol2vec_31|mol2vec_32|mol2vec_33|mol2vec_34|mol2vec_35|mol2vec_36|mol2vec_37|mol2vec_38|mol2vec_39|mol2vec_40|mol2vec_41|mol2vec_42|mol2vec_43|mol2vec_44|mol2vec_45|mol2vec_46|mol2vec_47|mol2vec_48|mol2vec_49|mol2vec_50|mol2vec_51|mol2vec_54|mol2vec_55|mol2vec_56|mol2vec_57|mol2vec_58|mol2vec_59|mol2vec_60|mol2vec_61|mol2vec_62|mol2vec_63|mol2vec_64|mol2vec_66|mol2vec_67|mol2vec_68|mol2vec_69|mol2vec_70|mol2vec_71|mol2vec_72|mol2vec_74|mol2vec_75|mol2vec_76|mol2vec_77|mol2vec_78|mol2vec_79|mol2vec_81|mol2vec_82|mol2vec_83|mol2vec_84|mol2vec_85|mol2vec_86|mol2vec_88|mol2vec_89|mol2vec_90|mol2vec_91|mol2vec_92|mol2vec_93|mol2vec_94|mol2vec_95|mol2vec_96|mol2vec_97|mol2vec_98|mol2vec_99|mol2vec_100|mol2vec_101|mol2vec_102|mol2vec_103|mol2vec_104|mol2vec_105|mol2vec_106|mol2vec_107|mol2vec_108|mol2vec_109|mol2vec_110|mol2vec_111|mol2vec_113|mol2vec_114|mol2vec_115|mol2vec_116|mol2vec_117|mol2vec_118|mol2vec_119|mol2vec_120|mol2vec_121|mol2vec_122|mol2vec_123|mol2vec_124|mol2vec_125|mol2vec_126|mol2vec_127|mol2vec_128|mol2vec_129|mol2vec_130|mol2vec_132|mol2vec_133|mol2vec_134|mol2vec_135|mol2vec_136|mol2vec_137|mol2vec_138|mol2vec_139|mol2vec_140|mol2vec_141|mol2vec_142|mol2vec_143|mol2vec_144|mol2vec_145|mol2vec_146|mol2vec_147|mol2vec_148|mol2vec_151|mol2vec_152|mol2vec_153|mol2vec_154|mol2vec_155|mol2vec_156|mol2vec_157|mol2vec_158|mol2vec_159|mol2vec_160|mol2vec_161|mol2vec_162|mol2vec_163|mol2vec_164|mol2vec_165|mol2vec_166|mol2vec_167|mol2vec_168|mol2vec_169|mol2vec_170|mol2vec_171|mol2vec_172|mol2vec_173|mol2vec_174|mol2vec_175|mol2vec_176|mol2vec_177|mol2vec_178|mol2vec_179|mol2vec_180|mol2vec_181|mol2vec_182|mol2vec_183|mol2vec_184|mol2vec_185|mol2vec_186|mol2vec_187|mol2vec_188|mol2vec_189|mol2vec_190|mol2vec_191|mol2vec_192|mol2vec_193|mol2vec_194|mol2vec_195|mol2vec_196|mol2vec_197|mol2vec_198|mol2vec_199|mol2vec_200|mol2vec_201|mol2vec_202|mol2vec_203|mol2vec_204|mol2vec_205|mol2vec_206|mol2vec_207|mol2vec_208|mol2vec_209|mol2vec_210|mol2vec_211|mol2vec_212|mol2vec_213|mol2vec_214|mol2vec_215|mol2vec_216|mol2vec_217|mol2vec_219|mol2vec_220|mol2vec_221|mol2vec_222|mol2vec_223|mol2vec_224|mol2vec_225|mol2vec_226|mol2vec_227|mol2vec_229|mol2vec_230|mol2vec_232|mol2vec_233|mol2vec_234|mol2vec_236|mol2vec_237|mol2vec_238|mol2vec_239|mol2vec_240|mol2vec_241|mol2vec_242|mol2vec_243|mol2vec_244|mol2vec_245|mol2vec_246|mol2vec_247|mol2vec_248|mol2vec_249|mol2vec_250|mol2vec_251|mol2vec_252|mol2vec_253|mol2vec_254|mol2vec_257|mol2vec_258|mol2vec_259|mol2vec_261|mol2vec_262|mol2vec_263|mol2vec_264|mol2vec_265|mol2vec_266|mol2vec_267|mol2vec_268|mol2vec_269|mol2vec_271|mol2vec_272|mol2vec_273|mol2vec_274|mol2vec_275|mol2vec_276|mol2vec_277|mol2vec_278|mol2vec_279|mol2vec_280|mol2vec_281|mol2vec_282|mol2vec_283|mol2vec_284|mol2vec_285|mol2vec_286|mol2vec_287|mol2vec_288|mol2vec_289|mol2vec_290|mol2vec_291|mol2vec_292|mol2vec_293|mol2vec_294|mol2vec_295|mol2vec_298
Random Forest,Mol2Vec,279,0.9964,0.9944,0.995,0.9988,0.9944,0.9947,0.9939,0.8634,0.7839,0.8315,0.9511,0.7839,0.8055,0.7619,L1,mol2vec_0|mol2vec_1|mol2vec_2|mol2vec_3|mol2vec_4|mol2vec_5|mol2vec_6|mol2vec_7|mol2vec_8|mol2vec_9|mol2vec_10|mol2vec_11|mol2vec_12|mol2vec_13|mol2vec_14|mol2vec_15|mol2vec_16|mol2vec_17|mol2vec_18|mol2vec_19|mol2vec_20|mol2vec_21|mol2vec_22|mol2vec_23|mol2vec_24|mol2vec_25|mol2vec_26|mol2vec_27|mol2vec_28|mol2vec_29|mol2vec_30|mol2vec_31|mol2vec_32|mol2vec_33|mol2vec_34|mol2vec_35|mol2vec_36|mol2vec_37|mol2vec_38|mol2vec_39|mol2vec_40|mol2vec_41|mol2vec_42|mol2vec_43|mol2vec_44|mol2vec_45|mol2vec_46|mol2vec_47|mol2vec_48|mol2vec_49|mol2vec_50|mol2vec_51|mol2vec_54|mol2vec_55|mol2vec_56|mol2vec_57|mol2vec_58|mol2vec_59|mol2vec_60|mol2vec_61|mol2vec_62|mol2vec_63|mol2vec_64|mol2vec_66|mol2vec_67|mol2vec_68|mol2vec_69|mol2vec_70|mol2vec_71|mol2vec_72|mol2vec_74|mol2vec_75|mol2vec_76|mol2vec_77|mol2vec_78|mol2vec_79|mol2vec_81|mol2vec_82|mol2vec_83|mol2vec_84|mol2vec_85|mol2vec_86|mol2vec_88|mol2vec_89|mol2vec_90|mol2vec_91|mol2vec_92|mol2vec_93|mol2vec_94|mol2vec_95|mol2vec_96|mol2vec_97|mol2vec_98|mol2vec_99|mol2vec_100|mol2vec_101|mol2vec_102|mol2vec_103|mol2vec_104|mol2vec_105|mol2vec_106|mol2vec_107|mol2vec_108|mol2vec_109|mol2vec_110|mol2vec_111|mol2vec_113|mol2vec_114|mol2vec_115|mol2vec_116|mol2vec_117|mol2vec_118|mol2vec_119|mol2vec_120|mol2vec_121|mol2vec_122|mol2vec_123|mol2vec_124|mol2vec_125|mol2vec_126|mol2vec_127|mol2vec_128|mol2vec_129|mol2vec_130|mol2vec_132|mol2vec_133|mol2vec_134|mol2vec_135|mol2vec_136|mol2vec_137|mol2vec_138|mol2vec_139|mol2vec_140|mol2vec_141|mol2vec_142|mol2vec_143|mol2vec_144|mol2vec_145|mol2vec_146|mol2vec_147|mol2vec_148|mol2vec_151|mol2vec_152|mol2vec_153|mol2vec_154|mol2vec_155|mol2vec_156|mol2vec_157|mol2vec_158|mol2vec_159|mol2vec_160|mol2vec_161|mol2vec_162|mol2vec_163|mol2vec_164|mol2vec_165|mol2vec_166|mol2vec_167|mol2vec_168|mol2vec_169|mol2vec_170|mol2vec_171|mol2vec_172|mol2vec_173|mol2vec_174|mol2vec_175|mol2vec_176|mol2vec_177|mol2vec_178|mol2vec_179|mol2vec_180|mol2vec_181|mol2vec_182|mol2vec_183|mol2vec_184|mol2vec_185|mol2vec_186|mol2vec_187|mol2vec_188|mol2vec_189|mol2vec_190|mol2vec_191|mol2vec_192|mol2vec_193|mol2vec_194|mol2vec_195|mol2vec_196|mol2vec_197|mol2vec_198|mol2vec_199|mol2vec_200|mol2vec_201|mol2vec_202|mol2vec_203|mol2vec_204|mol2vec_205|mol2vec_206|mol2vec_207|mol2vec_208|mol2vec_209|mol2vec_210|mol2vec_211|mol2vec_212|mol2vec_213|mol2vec_214|mol2vec_215|mol2vec_216|mol2vec_217|mol2vec_219|mol2vec_220|mol2vec_221|mol2vec_222|mol2vec_223|mol2vec_224|mol2vec_225|mol2vec_226|mol2vec_227|mol2vec_229|mol2vec_230|mol2vec_232|mol2vec_233|mol2vec_234|mol2vec_236|mol2vec_237|mol2vec_238|mol2vec_239|mol2vec_240|mol2vec_241|mol2vec_242|mol2vec_243|mol2vec_244|mol2vec_245|mol2vec_246|mol2vec_247|mol2vec_248|mol2vec_249|mol2vec_250|mol2vec_251|mol2vec_252|mol2vec_253|mol2vec_254|mol2vec_257|mol2vec_258|mol2vec_259|mol2vec_261|mol2vec_262|mol2vec_263|mol2vec_264|mol2vec_265|mol2vec_266|mol2vec_267|mol2vec_268|mol2vec_269|mol2vec_271|mol2vec_272|mol2vec_273|mol2vec_274|mol2vec_275|mol2vec_276|mol2vec_277|mol2vec_278|mol2vec_279|mol2vec_280|mol2vec_281|mol2vec_282|mol2vec_283|mol2vec_284|mol2vec_285|mol2vec_286|mol2vec_287|mol2vec_288|mol2vec_289|mol2vec_290|mol2vec_291|mol2vec_292|mol2vec_293|mol2vec_294|mol2vec_295|mol2vec_298
Extra Trees,Mol2Vec,279,0.9964,0.9932,0.9962,0.9986,0.9932,0.9947,0.9939,0.8665,0.7953,0.8317,0.9526,0.7953,0.812,0.7679,L1,mol2vec_0|mol2vec_1|mol2vec_2|mol2vec_3|mol2vec_4|mol2vec_5|mol2vec_6|mol2vec_7|mol2vec_8|mol2vec_9|mol2vec_10|mol2vec_11|mol2vec_12|mol2vec_13|mol2vec_14|mol2vec_15|mol2vec_16|mol2vec_17|mol2vec_18|mol2vec_19|mol2vec_20|mol2vec_21|mol2vec_22|mol2vec_23|mol2vec_24|mol2vec_25|mol2vec_26|mol2vec_27|mol2vec_28|mol2vec_29|mol2vec_30|mol2vec_31|mol2vec_32|mol2vec_33|mol2vec_34|mol2vec_35|mol2vec_36|mol2vec_37|mol2vec_38|mol2vec_39|mol2vec_40|mol2vec_41|mol2vec_42|mol2vec_43|mol2vec_44|mol2vec_45|mol2vec_46|mol2vec_47|mol2vec_48|mol2vec_49|mol2vec_50|mol2vec_51|mol2vec_54|mol2vec_55|mol2vec_56|mol2vec_57|mol2vec_58|mol2vec_59|mol2vec_60|mol2vec_61|mol2vec_62|mol2vec_63|mol2vec_64|mol2vec_66|mol2vec_67|mol2vec_68|mol2vec_69|mol2vec_70|mol2vec_71|mol2vec_72|mol2vec_74|mol2vec_75|mol2vec_76|mol2vec_77|mol2vec_78|mol2vec_79|mol2vec_81|mol2vec_82|mol2vec_83|mol2vec_84|mol2vec_85|mol2vec_86|mol2vec_88|mol2vec_89|mol2vec_90|mol2vec_91|mol2vec_92|mol2vec_93|mol2vec_94|mol2vec_95|mol2vec_96|mol2vec_97|mol2vec_98|mol2vec_99|mol2vec_100|mol2vec_101|mol2vec_102|mol2vec_103|mol2vec_104|mol2vec_105|mol2vec_106|mol2vec_107|mol2vec_108|mol2vec_109|mol2vec_110|mol2vec_111|mol2vec_113|mol2vec_114|mol2vec_115|mol2vec_116|mol2vec_117|mol2vec_118|mol2vec_119|mol2vec_120|mol2vec_121|mol2vec_122|mol2vec_123|mol2vec_124|mol2vec_125|mol2vec_126|mol2vec_127|mol2vec_128|mol2vec_129|mol2vec_130|mol2vec_132|mol2vec_133|mol2vec_134|mol2vec_135|mol2vec_136|mol2vec_137|mol2vec_138|mol2vec_139|mol2vec_140|mol2vec_141|mol2vec_142|mol2vec_143|mol2vec_144|mol2vec_145|mol2vec_146|mol2vec_147|mol2vec_148|mol2vec_151|mol2vec_152|mol2vec_153|mol2vec_154|mol2vec_155|mol2vec_156|mol2vec_157|mol2vec_158|mol2vec_159|mol2vec_160|mol2vec_161|mol2vec_162|mol2vec_163|mol2vec_164|mol2vec_165|mol2vec_166|mol2vec_167|mol2vec_168|mol2vec_169|mol2vec_170|mol2vec_171|mol2vec_172|mol2vec_173|mol2vec_174|mol2vec_175|mol2vec_176|mol2vec_177|mol2vec_178|mol2vec_179|mol2vec_180|mol2vec_181|mol2vec_182|mol2vec_183|mol2vec_184|mol2vec_185|mol2vec_186|mol2vec_187|mol2vec_188|mol2vec_189|mol2vec_190|mol2vec_191|mol2vec_192|mol2vec_193|mol2vec_194|mol2vec_195|mol2vec_196|mol2vec_197|mol2vec_198|mol2vec_199|mol2vec_200|mol2vec_201|mol2vec_202|mol2vec_203|mol2vec_204|mol2vec_205|mol2vec_206|mol2vec_207|mol2vec_208|mol2vec_209|mol2vec_210|mol2vec_211|mol2vec_212|mol2vec_213|mol2vec_214|mol2vec_215|mol2vec_216|mol2vec_217|mol2vec_219|mol2vec_220|mol2vec_221|mol2vec_222|mol2vec_223|mol2vec_224|mol2vec_225|mol2vec_226|mol2vec_227|mol2vec_229|mol2vec_230|mol2vec_232|mol2vec_233|mol2vec_234|mol2vec_236|mol2vec_237|mol2vec_238|mol2vec_239|mol2vec_240|mol2vec_241|mol2vec_242|mol2vec_243|mol2vec_244|mol2vec_245|mol2vec_246|mol2vec_247|mol2vec_248|mol2vec_249|mol2vec_250|mol2vec_251|mol2vec_252|mol2vec_253|mol2vec_254|mol2vec_257|mol2vec_258|mol2vec_259|mol2vec_261|mol2vec_262|mol2vec_263|mol2vec_264|mol2vec_265|mol2vec_266|mol2vec_267|mol2vec_268|mol2vec_269|mol2vec_271|mol2vec_272|mol2vec_273|mol2vec_274|mol2vec_275|mol2vec_276|mol2vec_277|mol2vec_278|mol2vec_279|mol2vec_280|mol2vec_281|mol2vec_282|mol2vec_283|mol2vec_284|mol2vec_285|mol2vec_286|mol2vec_287|mol2vec_288|mol2vec_289|mol2vec_290|mol2vec_291|mol2vec_292|mol2vec_293|mol2vec_294|mol2vec_295|mol2vec_298
Gradient Boosting,Mol2Vec,279,0.993,0.9896,0.9929,0.9973,0.9896,0.9912,0.988,0.8634,0.7858,0.8322,0.9513,0.7858,0.8073,0.7623,L1,mol2vec_0|mol2vec_1|mol2vec_2|mol2vec_3|mol2vec_4|mol2vec_5|mol2vec_6|mol2vec_7|mol2vec_8|mol2vec_9|mol2vec_10|mol2vec_11|mol2vec_12|mol2vec_13|mol2vec_14|mol2vec_15|mol2vec_16|mol2vec_17|mol2vec_18|mol2vec_19|mol2vec_20|mol2vec_21|mol2vec_22|mol2vec_23|mol2vec_24|mol2vec_25|mol2vec_26|mol2vec_27|mol2vec_28|mol2vec_29|mol2vec_30|mol2vec_31|mol2vec_32|mol2vec_33|mol2vec_34|mol2vec_35|mol2vec_36|mol2vec_37|mol2vec_38|mol2vec_39|mol2vec_40|mol2vec_41|mol2vec_42|mol2vec_43|mol2vec_44|mol2vec_45|mol2vec_46|mol2vec_47|mol2vec_48|mol2vec_49|mol2vec_50|mol2vec_51|mol2vec_54|mol2vec_55|mol2vec_56|mol2vec_57|mol2vec_58|mol2vec_59|mol2vec_60|mol2vec_61|mol2vec_62|mol2vec_63|mol2vec_64|mol2vec_66|mol2vec_67|mol2vec_68|mol2vec_69|mol2vec_70|mol2vec_71|mol2vec_72|mol2vec_74|mol2vec_75|mol2vec_76|mol2vec_77|mol2vec_78|mol2vec_79|mol2vec_81|mol2vec_82|mol2vec_83|mol2vec_84|mol2vec_85|mol2vec_86|mol2vec_88|mol2vec_89|mol2vec_90|mol2vec_91|mol2vec_92|mol2vec_93|mol2vec_94|mol2vec_95|mol2vec_96|mol2vec_97|mol2vec_98|mol2vec_99|mol2vec_100|mol2vec_101|mol2vec_102|mol2vec_103|mol2vec_104|mol2vec_105|mol2vec_106|mol2vec_107|mol2vec_108|mol2vec_109|mol2vec_110|mol2vec_111|mol2vec_113|mol2vec_114|mol2vec_115|mol2vec_116|mol2vec_117|mol2vec_118|mol2vec_119|mol2vec_120|mol2vec_121|mol2vec_122|mol2vec_123|mol2vec_124|mol2vec_125|mol2vec_126|mol2vec_127|mol2vec_128|mol2vec_129|mol2vec_130|mol2vec_132|mol2vec_133|mol2vec_134|mol2vec_135|mol2vec_136|mol2vec_137|mol2vec_138|mol2vec_139|mol2vec_140|mol2vec_141|mol2vec_142|mol2vec_143|mol2vec_144|mol2vec_145|mol2vec_146|mol2vec_147|mol2vec_148|mol2vec_151|mol2vec_152|mol2vec_153|mol2vec_154|mol2vec_155|mol2vec_156|mol2vec_157|mol2vec_158|mol2vec_159|mol2vec_160|mol2vec_161|mol2vec_162|mol2vec_163|mol2vec_164|mol2vec_165|mol2vec_166|mol2vec_167|mol2vec_168|mol2vec_169|mol2vec_170|mol2vec_171|mol2vec_172|mol2vec_173|mol2vec_174|mol2vec_175|mol2vec_176|mol2vec_177|mol2vec_178|mol2vec_179|mol2vec_180|mol2vec_181|mol2vec_182|mol2vec_183|mol2vec_184|mol2vec_185|mol2vec_186|mol2vec_187|mol2vec_188|mol2vec_189|mol2vec_190|mol2vec_191|mol2vec_192|mol2vec_193|mol2vec_194|mol2vec_195|mol2vec_196|mol2vec_197|mol2vec_198|mol2vec_199|mol2vec_200|mol2vec_201|mol2vec_202|mol2vec_203|mol2vec_204|mol2vec_205|mol2vec_206|mol2vec_207|mol2vec_208|mol2vec_209|mol2vec_210|mol2vec_211|mol2vec_212|mol2vec_213|mol2vec_214|mol2vec_215|mol2vec_216|mol2vec_217|mol2vec_219|mol2vec_220|mol2vec_221|mol2vec_222|mol2vec_223|mol2vec_224|mol2vec_225|mol2vec_226|mol2vec_227|mol2vec_229|mol2vec_230|mol2vec_232|mol2vec_233|mol2vec_234|mol2vec_236|mol2vec_237|mol2vec_238|mol2vec_239|mol2vec_240|mol2vec_241|mol2vec_242|mol2vec_243|mol2vec_244|mol2vec_245|mol2vec_246|mol2vec_247|mol2vec_248|mol2vec_249|mol2vec_250|mol2vec_251|mol2vec_252|mol2vec_253|mol2vec_254|mol2vec_257|mol2vec_258|mol2vec_259|mol2vec_261|mol2vec_262|mol2vec_263|mol2vec_264|mol2vec_265|mol2vec_266|mol2vec_267|mol2vec_268|mol2vec_269|mol2vec_271|mol2vec_272|mol2vec_273|mol2vec_274|mol2vec_275|mol2vec_276|mol2vec_277|mol2vec_278|mol2vec_279|mol2vec_280|mol2vec_281|mol2vec_282|mol2vec_283|mol2vec_284|mol2vec_285|mol2vec_286|mol2vec_287|mol2vec_288|mol2vec_289|mol2vec_290|mol2vec_291|mol2vec_292|mol2vec_293|mol2vec_294|mol2vec_295|mol2vec_298
AdaBoost,Mol2Vec,279,0.6629,0.3419,0.4981,0.8542,0.3419,0.3676,0.3328,0.6567,0.3345,0.4733,0.8525,0.3345,0.3576,0.3188,L1,mol2vec_0|mol2vec_1|mol2vec_2|mol2vec_3|mol2vec_4|mol2vec_5|mol2vec_6|mol2vec_7|mol2vec_8|mol2vec_9|mol2vec_10|mol2vec_11|mol2vec_12|mol2vec_13|mol2vec_14|mol2vec_15|mol2vec_16|mol2vec_17|mol2vec_18|mol2vec_19|mol2vec_20|mol2vec_21|mol2vec_22|mol2vec_23|mol2vec_24|mol2vec_25|mol2vec_26|mol2vec_27|mol2vec_28|mol2vec_29|mol2vec_30|mol2vec_31|mol2vec_32|mol2vec_33|mol2vec_34|mol2vec_35|mol2vec_36|mol2vec_37|mol2vec_38|mol2vec_39|mol2vec_40|mol2vec_41|mol2vec_42|mol2vec_43|mol2vec_44|mol2vec_45|mol2vec_46|mol2vec_47|mol2vec_48|mol2vec_49|mol2vec_50|mol2vec_51|mol2vec_54|mol2vec_55|mol2vec_56|mol2vec_57|mol2vec_58|mol2vec_59|mol2vec_60|mol2vec_61|mol2vec_62|mol2vec_63|mol2vec_64|mol2vec_66|mol2vec_67|mol2vec_68|mol2vec_69|mol2vec_70|mol2vec_71|mol2vec_72|mol2vec_74|mol2vec_75|mol2vec_76|mol2vec_77|mol2vec_78|mol2vec_79|mol2vec_81|mol2vec_82|mol2vec_83|mol2vec_84|mol2vec_85|mol2vec_86|mol2vec_88|mol2vec_89|mol2vec_90|mol2vec_91|mol2vec_92|mol2vec_93|mol2vec_94|mol2vec_95|mol2vec_96|mol2vec_97|mol2vec_98|mol2vec_99|mol2vec_100|mol2vec_101|mol2vec_102|mol2vec_103|mol2vec_104|mol2vec_105|mol2vec_106|mol2vec_107|mol2vec_108|mol2vec_109|mol2vec_110|mol2vec_111|mol2vec_113|mol2vec_114|mol2vec_115|mol2vec_116|mol2vec_117|mol2vec_118|mol2vec_119|mol2vec_120|mol2vec_121|mol2vec_122|mol2vec_123|mol2vec_124|mol2vec_125|mol2vec_126|mol2vec_127|mol2vec_128|mol2vec_129|mol2vec_130|mol2vec_132|mol2vec_133|mol2vec_134|mol2vec_135|mol2vec_136|mol2vec_137|mol2vec_138|mol2vec_139|mol2vec_140|mol2vec_141|mol2vec_142|mol2vec_143|mol2vec_144|mol2vec_145|mol2vec_146|mol2vec_147|mol2vec_148|mol2vec_151|mol2vec_152|mol2vec_153|mol2vec_154|mol2vec_155|mol2vec_156|mol2vec_157|mol2vec_158|mol2vec_159|mol2vec_160|mol2vec_161|mol2vec_162|mol2vec_163|mol2vec_164|mol2vec_165|mol2vec_166|mol2vec_167|mol2vec_168|mol2vec_169|mol2vec_170|mol2vec_171|mol2vec_172|mol2vec_173|mol2vec_174|mol2vec_175|mol2vec_176|mol2vec_177|mol2vec_178|mol2vec_179|mol2vec_180|mol2vec_181|mol2vec_182|mol2vec_183|mol2vec_184|mol2vec_185|mol2vec_186|mol2vec_187|mol2vec_188|mol2vec_189|mol2vec_190|mol2vec_191|mol2vec_192|mol2vec_193|mol2vec_194|mol2vec_195|mol2vec_196|mol2vec_197|mol2vec_198|mol2vec_199|mol2vec_200|mol2vec_201|mol2vec_202|mol2vec_203|mol2vec_204|mol2vec_205|mol2vec_206|mol2vec_207|mol2vec_208|mol2vec_209|mol2vec_210|mol2vec_211|mol2vec_212|mol2vec_213|mol2vec_214|mol2vec_215|mol2vec_216|mol2vec_217|mol2vec_219|mol2vec_220|mol2vec_221|mol2vec_222|mol2vec_223|mol2vec_224|mol2vec_225|mol2vec_226|mol2vec_227|mol2vec_229|mol2vec_230|mol2vec_232|mol2vec_233|mol2vec_234|mol2vec_236|mol2vec_237|mol2vec_238|mol2vec_239|mol2vec_240|mol2vec_241|mol2vec_242|mol2vec_243|mol2vec_244|mol2vec_245|mol2vec_246|mol2vec_247|mol2vec_248|mol2vec_249|mol2vec_250|mol2vec_251|mol2vec_252|mol2vec_253|mol2vec_254|mol2vec_257|mol2vec_258|mol2vec_259|mol2vec_261|mol2vec_262|mol2vec_263|mol2vec_264|mol2vec_265|mol2vec_266|mol2vec_267|mol2vec_268|mol2vec_269|mol2vec_271|mol2vec_272|mol2vec_273|mol2vec_274|mol2vec_275|mol2vec_276|mol2vec_277|mol2vec_278|mol2vec_279|mol2vec_280|mol2vec_281|mol2vec_282|mol2vec_283|mol2vec_284|mol2vec_285|mol2vec_286|mol2vec_287|mol2vec_288|mol2vec_289|mol2vec_290|mol2vec_291|mol2vec_292|mol2vec_293|mol2vec_294|mol2vec_295|mol2vec_298
XGBoost,Mol2Vec,279,0.9926,0.9906,0.9908,0.9973,0.9906,0.9907,0.9874,0.8766,0.8148,0.8473,0.9564,0.8148,0.8302,0.7859,L1,mol2vec_0|mol2vec_1|mol2vec_2|mol2vec_3|mol2vec_4|mol2vec_5|mol2vec_6|mol2vec_7|mol2vec_8|mol2vec_9|mol2vec_10|mol2vec_11|mol2vec_12|mol2vec_13|mol2vec_14|mol2vec_15|mol2vec_16|mol2vec_17|mol2vec_18|mol2vec_19|mol2vec_20|mol2vec_21|mol2vec_22|mol2vec_23|mol2vec_24|mol2vec_25|mol2vec_26|mol2vec_27|mol2vec_28|mol2vec_29|mol2vec_30|mol2vec_31|mol2vec_32|mol2vec_33|mol2vec_34|mol2vec_35|mol2vec_36|mol2vec_37|mol2vec_38|mol2vec_39|mol2vec_40|mol2vec_41|mol2vec_42|mol2vec_43|mol2vec_44|mol2vec_45|mol2vec_46|mol2vec_47|mol2vec_48|mol2vec_49|mol2vec_50|mol2vec_51|mol2vec_54|mol2vec_55|mol2vec_56|mol2vec_57|mol2vec_58|mol2vec_59|mol2vec_60|mol2vec_61|mol2vec_62|mol2vec_63|mol2vec_64|mol2vec_66|mol2vec_67|mol2vec_68|mol2vec_69|mol2vec_70|mol2vec_71|mol2vec_72|mol2vec_74|mol2vec_75|mol2vec_76|mol2vec_77|mol2vec_78|mol2vec_79|mol2vec_81|mol2vec_82|mol2vec_83|mol2vec_84|mol2vec_85|mol2vec_86|mol2vec_88|mol2vec_89|mol2vec_90|mol2vec_91|mol2vec_92|mol2vec_93|mol2vec_94|mol2vec_95|mol2vec_96|mol2vec_97|mol2vec_98|mol2vec_99|mol2vec_100|mol2vec_101|mol2vec_102|mol2vec_103|mol2vec_104|mol2vec_105|mol2vec_106|mol2vec_107|mol2vec_108|mol2vec_109|mol2vec_110|mol2vec_111|mol2vec_113|mol2vec_114|mol2vec_115|mol2vec_116|mol2vec_117|mol2vec_118|mol2vec_119|mol2vec_120|mol2vec_121|mol2vec_122|mol2vec_123|mol2vec_124|mol2vec_125|mol2vec_126|mol2vec_127|mol2vec_128|mol2vec_129|mol2vec_130|mol2vec_132|mol2vec_133|mol2vec_134|mol2vec_135|mol2vec_136|mol2vec_137|mol2vec_138|mol2vec_139|mol2vec_140|mol2vec_141|mol2vec_142|mol2vec_143|mol2vec_144|mol2vec_145|mol2vec_146|mol2vec_147|mol2vec_148|mol2vec_151|mol2vec_152|mol2vec_153|mol2vec_154|mol2vec_155|mol2vec_156|mol2vec_157|mol2vec_158|mol2vec_159|mol2vec_160|mol2vec_161|mol2vec_162|mol2vec_163|mol2vec_164|mol2vec_165|mol2vec_166|mol2vec_167|mol2vec_168|mol2vec_169|mol2vec_170|mol2vec_171|mol2vec_172|mol2vec_173|mol2vec_174|mol2vec_175|mol2vec_176|mol2vec_177|mol2vec_178|mol2vec_179|mol2vec_180|mol2vec_181|mol2vec_182|mol2vec_183|mol2vec_184|mol2vec_185|mol2vec_186|mol2vec_187|mol2vec_188|mol2vec_189|mol2vec_190|mol2vec_191|mol2vec_192|mol2vec_193|mol2vec_194|mol2vec_195|mol2vec_196|mol2vec_197|mol2vec_198|mol2vec_199|mol2vec_200|mol2vec_201|mol2vec_202|mol2vec_203|mol2vec_204|mol2vec_205|mol2vec_206|mol2vec_207|mol2vec_208|mol2vec_209|mol2vec_210|mol2vec_211|mol2vec_212|mol2vec_213|mol2vec_214|mol2vec_215|mol2vec_216|mol2vec_217|mol2vec_219|mol2vec_220|mol2vec_221|mol2vec_222|mol2vec_223|mol2vec_224|mol2vec_225|mol2vec_226|mol2vec_227|mol2vec_229|mol2vec_230|mol2vec_232|mol2vec_233|mol2vec_234|mol2vec_236|mol2vec_237|mol2vec_238|mol2vec_239|mol2vec_240|mol2vec_241|mol2vec_242|mol2vec_243|mol2vec_244|mol2vec_245|mol2vec_246|mol2vec_247|mol2vec_248|mol2vec_249|mol2vec_250|mol2vec_251|mol2vec_252|mol2vec_253|mol2vec_254|mol2vec_257|mol2vec_258|mol2vec_259|mol2vec_261|mol2vec_262|mol2vec_263|mol2vec_264|mol2vec_265|mol2vec_266|mol2vec_267|mol2vec_268|mol2vec_269|mol2vec_271|mol2vec_272|mol2vec_273|mol2vec_274|mol2vec_275|mol2vec_276|mol2vec_277|mol2vec_278|mol2vec_279|mol2vec_280|mol2vec_281|mol2vec_282|mol2vec_283|mol2vec_284|mol2vec_285|mol2vec_286|mol2vec_287|mol2vec_288|mol2vec_289|mol2vec_290|mol2vec_291|mol2vec_292|mol2vec_293|mol2vec_294|mol2vec_295|mol2vec_298
SVM,Mol2Vec,279,0.8857,0.8326,0.8721,0.9562,0.8326,0.8498,0.8007,0.8511,0.7817,0.8255,0.9446,0.7817,0.8006,0.7393,L1,mol2vec_0|mol2vec_1|mol2vec_2|mol2vec_3|mol2vec_4|mol2vec_5|mol2vec_6|mol2vec_7|mol2vec_8|mol2vec_9|mol2vec_10|mol2vec_11|mol2vec_12|mol2vec_13|mol2vec_14|mol2vec_15|mol2vec_16|mol2vec_17|mol2vec_18|mol2vec_19|mol2vec_20|mol2vec_21|mol2vec_22|mol2vec_23|mol2vec_24|mol2vec_25|mol2vec_26|mol2vec_27|mol2vec_28|mol2vec_29|mol2vec_30|mol2vec_31|mol2vec_32|mol2vec_33|mol2vec_34|mol2vec_35|mol2vec_36|mol2vec_37|mol2vec_38|mol2vec_39|mol2vec_40|mol2vec_41|mol2vec_42|mol2vec_43|mol2vec_44|mol2vec_45|mol2vec_46|mol2vec_47|mol2vec_48|mol2vec_49|mol2vec_50|mol2vec_51|mol2vec_54|mol2vec_55|mol2vec_56|mol2vec_57|mol2vec_58|mol2vec_59|mol2vec_60|mol2vec_61|mol2vec_62|mol2vec_63|mol2vec_64|mol2vec_66|mol2vec_67|mol2vec_68|mol2vec_69|mol2vec_70|mol2vec_71|mol2vec_72|mol2vec_74|mol2vec_75|mol2vec_76|mol2vec_77|mol2vec_78|mol2vec_79|mol2vec_81|mol2vec_82|mol2vec_83|mol2vec_84|mol2vec_85|mol2vec_86|mol2vec_88|mol2vec_89|mol2vec_90|mol2vec_91|mol2vec_92|mol2vec_93|mol2vec_94|mol2vec_95|mol2vec_96|mol2vec_97|mol2vec_98|mol2vec_99|mol2vec_100|mol2vec_101|mol2vec_102|mol2vec_103|mol2vec_104|mol2vec_105|mol2vec_106|mol2vec_107|mol2vec_108|mol2vec_109|mol2vec_110|mol2vec_111|mol2vec_113|mol2vec_114|mol2vec_115|mol2vec_116|mol2vec_117|mol2vec_118|mol2vec_119|mol2vec_120|mol2vec_121|mol2vec_122|mol2vec_123|mol2vec_124|mol2vec_125|mol2vec_126|mol2vec_127|mol2vec_128|mol2vec_129|mol2vec_130|mol2vec_132|mol2vec_133|mol2vec_134|mol2vec_135|mol2vec_136|mol2vec_137|mol2vec_138|mol2vec_139|mol2vec_140|mol2vec_141|mol2vec_142|mol2vec_143|mol2vec_144|mol2vec_145|mol2vec_146|mol2vec_147|mol2vec_148|mol2vec_151|mol2vec_152|mol2vec_153|mol2vec_154|mol2vec_155|mol2vec_156|mol2vec_157|mol2vec_158|mol2vec_159|mol2vec_160|mol2vec_161|mol2vec_162|mol2vec_163|mol2vec_164|mol2vec_165|mol2vec_166|mol2vec_167|mol2vec_168|mol2vec_169|mol2vec_170|mol2vec_171|mol2vec_172|mol2vec_173|mol2vec_174|mol2vec_175|mol2vec_176|mol2vec_177|mol2vec_178|mol2vec_179|mol2vec_180|mol2vec_181|mol2vec_182|mol2vec_183|mol2vec_184|mol2vec_185|mol2vec_186|mol2vec_187|mol2vec_188|mol2vec_189|mol2vec_190|mol2vec_191|mol2vec_192|mol2vec_193|mol2vec_194|mol2vec_195|mol2vec_196|mol2vec_197|mol2vec_198|mol2vec_199|mol2vec_200|mol2vec_201|mol2vec_202|mol2vec_203|mol2vec_204|mol2vec_205|mol2vec_206|mol2vec_207|mol2vec_208|mol2vec_209|mol2vec_210|mol2vec_211|mol2vec_212|mol2vec_213|mol2vec_214|mol2vec_215|mol2vec_216|mol2vec_217|mol2vec_219|mol2vec_220|mol2vec_221|mol2vec_222|mol2vec_223|mol2vec_224|mol2vec_225|mol2vec_226|mol2vec_227|mol2vec_229|mol2vec_230|mol2vec_232|mol2vec_233|mol2vec_234|mol2vec_236|mol2vec_237|mol2vec_238|mol2vec_239|mol2vec_240|mol2vec_241|mol2vec_242|mol2vec_243|mol2vec_244|mol2vec_245|mol2vec_246|mol2vec_247|mol2vec_248|mol2vec_249|mol2vec_250|mol2vec_251|mol2vec_252|mol2vec_253|mol2vec_254|mol2vec_257|mol2vec_258|mol2vec_259|mol2vec_261|mol2vec_262|mol2vec_263|mol2vec_264|mol2vec_265|mol2vec_266|mol2vec_267|mol2vec_268|mol2vec_269|mol2vec_271|mol2vec_272|mol2vec_273|mol2vec_274|mol2vec_275|mol2vec_276|mol2vec_277|mol2vec_278|mol2vec_279|mol2vec_280|mol2vec_281|mol2vec_282|mol2vec_283|mol2vec_284|mol2vec_285|mol2vec_286|mol2vec_287|mol2vec_288|mol2vec_289|mol2vec_290|mol2vec_291|mol2vec_292|mol2vec_293|mol2vec_294|mol2vec_295|mol2vec_298
BiGRU,Mol2Vec,279,0.93,0.9374,0.9015,0.9799,0.9374,0.9177,0.8839,0.8634,0.841,0.8143,0.9595,0.841,0.8256,0.7726,L1,mol2vec_0|mol2vec_1|mol2vec_2|mol2vec_3|mol2vec_4|mol2vec_5|mol2vec_6|mol2vec_7|mol2vec_8|mol2vec_9|mol2vec_10|mol2vec_11|mol2vec_12|mol2vec_13|mol2vec_14|mol2vec_15|mol2vec_16|mol2vec_17|mol2vec_18|mol2vec_19|mol2vec_20|mol2vec_21|mol2vec_22|mol2vec_23|mol2vec_24|mol2vec_25|mol2vec_26|mol2vec_27|mol2vec_28|mol2vec_29|mol2vec_30|mol2vec_31|mol2vec_32|mol2vec_33|mol2vec_34|mol2vec_35|mol2vec_36|mol2vec_37|mol2vec_38|mol2vec_39|mol2vec_40|mol2vec_41|mol2vec_42|mol2vec_43|mol2vec_44|mol2vec_45|mol2vec_46|mol2vec_47|mol2vec_48|mol2vec_49|mol2vec_50|mol2vec_51|mol2vec_54|mol2vec_55|mol2vec_56|mol2vec_57|mol2vec_58|mol2vec_59|mol2vec_60|mol2vec_61|mol2vec_62|mol2vec_63|mol2vec_64|mol2vec_66|mol2vec_67|mol2vec_68|mol2vec_69|mol2vec_70|mol2vec_71|mol2vec_72|mol2vec_74|mol2vec_75|mol2vec_76|mol2vec_77|mol2vec_78|mol2vec_79|mol2vec_81|mol2vec_82|mol2vec_83|mol2vec_84|mol2vec_85|mol2vec_86|mol2vec_88|mol2vec_89|mol2vec_90|mol2vec_91|mol2vec_92|mol2vec_93|mol2vec_94|mol2vec_95|mol2vec_96|mol2vec_97|mol2vec_98|mol2vec_99|mol2vec_100|mol2vec_101|mol2vec_102|mol2vec_103|mol2vec_104|mol2vec_105|mol2vec_106|mol2vec_107|mol2vec_108|mol2vec_109|mol2vec_110|mol2vec_111|mol2vec_113|mol2vec_114|mol2vec_115|mol2vec_116|mol2vec_117|mol2vec_118|mol2vec_119|mol2vec_120|mol2vec_121|mol2vec_122|mol2vec_123|mol2vec_124|mol2vec_125|mol2vec_126|mol2vec_127|mol2vec_128|mol2vec_129|mol2vec_130|mol2vec_132|mol2vec_133|mol2vec_134|mol2vec_135|mol2vec_136|mol2vec_137|mol2vec_138|mol2vec_139|mol2vec_140|mol2vec_141|mol2vec_142|mol2vec_143|mol2vec_144|mol2vec_145|mol2vec_146|mol2vec_147|mol2vec_148|mol2vec_151|mol2vec_152|mol2vec_153|mol2vec_154|mol2vec_155|mol2vec_156|mol2vec_157|mol2vec_158|mol2vec_159|mol2vec_160|mol2vec_161|mol2vec_162|mol2vec_163|mol2vec_164|mol2vec_165|mol2vec_166|mol2vec_167|mol2vec_168|mol2vec_169|mol2vec_170|mol2vec_171|mol2vec_172|mol2vec_173|mol2vec_174|mol2vec_175|mol2vec_176|mol2vec_177|mol2vec_178|mol2vec_179|mol2vec_180|mol2vec_181|mol2vec_182|mol2vec_183|mol2vec_184|mol2vec_185|mol2vec_186|mol2vec_187|mol2vec_188|mol2vec_189|mol2vec_190|mol2vec_191|mol2vec_192|mol2vec_193|mol2vec_194|mol2vec_195|mol2vec_196|mol2vec_197|mol2vec_198|mol2vec_199|mol2vec_200|mol2vec_201|mol2vec_202|mol2vec_203|mol2vec_204|mol2vec_205|mol2vec_206|mol2vec_207|mol2vec_208|mol2vec_209|mol2vec_210|mol2vec_211|mol2vec_212|mol2vec_213|mol2vec_214|mol2vec_215|mol2vec_216|mol2vec_217|mol2vec_219|mol2vec_220|mol2vec_221|mol2vec_222|mol2vec_223|mol2vec_224|mol2vec_225|mol2vec_226|mol2vec_227|mol2vec_229|mol2vec_230|mol2vec_232|mol2vec_233|mol2vec_234|mol2vec_236|mol2vec_237|mol2vec_238|mol2vec_239|mol2vec_240|mol2vec_241|mol2vec_242|mol2vec_243|mol2vec_244|mol2vec_245|mol2vec_246|mol2vec_247|mol2vec_248|mol2vec_249|mol2vec_250|mol2vec_251|mol2vec_252|mol2vec_253|mol2vec_254|mol2vec_257|mol2vec_258|mol2vec_259|mol2vec_261|mol2vec_262|mol2vec_263|mol2vec_264|mol2vec_265|mol2vec_266|mol2vec_267|mol2vec_268|mol2vec_269|mol2vec_271|mol2vec_272|mol2vec_273|mol2vec_274|mol2vec_275|mol2vec_276|mol2vec_277|mol2vec_278|mol2vec_279|mol2vec_280|mol2vec_281|mol2vec_282|mol2vec_283|mol2vec_284|mol2vec_285|mol2vec_286|mol2vec_287|mol2vec_288|mol2vec_289|mol2vec_290|mol2vec_291|mol2vec_292|mol2vec_293|mol2vec_294|mol2vec_295|mol2vec_298
BiLSTM,Mol2Vec,279,0.9158,0.9318,0.8814,0.9774,0.9318,0.9023,0.8637,0.8595,0.853,0.8054,0.9615,0.853,0.824,0.7723,L1,mol2vec_0|mol2vec_1|mol2vec_2|mol2vec_3|mol2vec_4|mol2vec_5|mol2vec_6|mol2vec_7|mol2vec_8|mol2vec_9|mol2vec_10|mol2vec_11|mol2vec_12|mol2vec_13|mol2vec_14|mol2vec_15|mol2vec_16|mol2vec_17|mol2vec_18|mol2vec_19|mol2vec_20|mol2vec_21|mol2vec_22|mol2vec_23|mol2vec_24|mol2vec_25|mol2vec_26|mol2vec_27|mol2vec_28|mol2vec_29|mol2vec_30|mol2vec_31|mol2vec_32|mol2vec_33|mol2vec_34|mol2vec_35|mol2vec_36|mol2vec_37|mol2vec_38|mol2vec_39|mol2vec_40|mol2vec_41|mol2vec_42|mol2vec_43|mol2vec_44|mol2vec_45|mol2vec_46|mol2vec_47|mol2vec_48|mol2vec_49|mol2vec_50|mol2vec_51|mol2vec_54|mol2vec_55|mol2vec_56|mol2vec_57|mol2vec_58|mol2vec_59|mol2vec_60|mol2vec_61|mol2vec_62|mol2vec_63|mol2vec_64|mol2vec_66|mol2vec_67|mol2vec_68|mol2vec_69|mol2vec_70|mol2vec_71|mol2vec_72|mol2vec_74|mol2vec_75|mol2vec_76|mol2vec_77|mol2vec_78|mol2vec_79|mol2vec_81|mol2vec_82|mol2vec_83|mol2vec_84|mol2vec_85|mol2vec_86|mol2vec_88|mol2vec_89|mol2vec_90|mol2vec_91|mol2vec_92|mol2vec_93|mol2vec_94|mol2vec_95|mol2vec_96|mol2vec_97|mol2vec_98|mol2vec_99|mol2vec_100|mol2vec_101|mol2vec_102|mol2vec_103|mol2vec_104|mol2vec_105|mol2vec_106|mol2vec_107|mol2vec_108|mol2vec_109|mol2vec_110|mol2vec_111|mol2vec_113|mol2vec_114|mol2vec_115|mol2vec_116|mol2vec_117|mol2vec_118|mol2vec_119|mol2vec_120|mol2vec_121|mol2vec_122|mol2vec_123|mol2vec_124|mol2vec_125|mol2vec_126|mol2vec_127|mol2vec_128|mol2vec_129|mol2vec_130|mol2vec_132|mol2vec_133|mol2vec_134|mol2vec_135|mol2vec_136|mol2vec_137|mol2vec_138|mol2vec_139|mol2vec_140|mol2vec_141|mol2vec_142|mol2vec_143|mol2vec_144|mol2vec_145|mol2vec_146|mol2vec_147|mol2vec_148|mol2vec_151|mol2vec_152|mol2vec_153|mol2vec_154|mol2vec_155|mol2vec_156|mol2vec_157|mol2vec_158|mol2vec_159|mol2vec_160|mol2vec_161|mol2vec_162|mol2vec_163|mol2vec_164|mol2vec_165|mol2vec_166|mol2vec_167|mol2vec_168|mol2vec_169|mol2vec_170|mol2vec_171|mol2vec_172|mol2vec_173|mol2vec_174|mol2vec_175|mol2vec_176|mol2vec_177|mol2vec_178|mol2vec_179|mol2vec_180|mol2vec_181|mol2vec_182|mol2vec_183|mol2vec_184|mol2vec_185|mol2vec_186|mol2vec_187|mol2vec_188|mol2vec_189|mol2vec_190|mol2vec_191|mol2vec_192|mol2vec_193|mol2vec_194|mol2vec_195|mol2vec_196|mol2vec_197|mol2vec_198|mol2vec_199|mol2vec_200|mol2vec_201|mol2vec_202|mol2vec_203|mol2vec_204|mol2vec_205|mol2vec_206|mol2vec_207|mol2vec_208|mol2vec_209|mol2vec_210|mol2vec_211|mol2vec_212|mol2vec_213|mol2vec_214|mol2vec_215|mol2vec_216|mol2vec_217|mol2vec_219|mol2vec_220|mol2vec_221|mol2vec_222|mol2vec_223|mol2vec_224|mol2vec_225|mol2vec_226|mol2vec_227|mol2vec_229|mol2vec_230|mol2vec_232|mol2vec_233|mol2vec_234|mol2vec_236|mol2vec_237|mol2vec_238|mol2vec_239|mol2vec_240|mol2vec_241|mol2vec_242|mol2vec_243|mol2vec_244|mol2vec_245|mol2vec_246|mol2vec_247|mol2vec_248|mol2vec_249|mol2vec_250|mol2vec_251|mol2vec_252|mol2vec_253|mol2vec_254|mol2vec_257|mol2vec_258|mol2vec_259|mol2vec_261|mol2vec_262|mol2vec_263|mol2vec_264|mol2vec_265|mol2vec_266|mol2vec_267|mol2vec_268|mol2vec_269|mol2vec_271|mol2vec_272|mol2vec_273|mol2vec_274|mol2vec_275|mol2vec_276|mol2vec_277|mol2vec_278|mol2vec_279|mol2vec_280|mol2vec_281|mol2vec_282|mol2vec_283|mol2vec_284|mol2vec_285|mol2vec_286|mol2vec_287|mol2vec_288|mol2vec_289|mol2vec_290|mol2vec_291|mol2vec_292|mol2vec_293|mol2vec_294|mol2vec_295|mol2vec_298
Logistic Regression,ChemBERTa,676,0.8846,0.866,0.8765,0.9584,0.866,0.8705,0.8006,0.8171,0.7533,0.7776,0.9372,0.7533,0.7637,0.683,L1,chemberta_0|chemberta_1|chemberta_2|chemberta_3|chemberta_4|chemberta_5|chemberta_6|chemberta_7|chemberta_8|chemberta_9|chemberta_10|chemberta_11|chemberta_12|chemberta_14|chemberta_15|chemberta_17|chemberta_18|chemberta_19|chemberta_21|chemberta_22|chemberta_23|chemberta_24|chemberta_25|chemberta_26|chemberta_27|chemberta_28|chemberta_29|chemberta_30|chemberta_31|chemberta_32|chemberta_33|chemberta_34|chemberta_36|chemberta_37|chemberta_38|chemberta_39|chemberta_40|chemberta_42|chemberta_43|chemberta_44|chemberta_45|chemberta_46|chemberta_47|chemberta_49|chemberta_50|chemberta_52|chemberta_53|chemberta_54|chemberta_55|chemberta_56|chemberta_57|chemberta_58|chemberta_59|chemberta_60|chemberta_61|chemberta_62|chemberta_63|chemberta_64|chemberta_65|chemberta_66|chemberta_67|chemberta_68|chemberta_69|chemberta_70|chemberta_71|chemberta_72|chemberta_73|chemberta_74|chemberta_75|chemberta_76|chemberta_77|chemberta_78|chemberta_79|chemberta_81|chemberta_82|chemberta_83|chemberta_84|chemberta_85|chemberta_86|chemberta_87|chemberta_88|chemberta_89|chemberta_90|chemberta_91|chemberta_92|chemberta_93|chemberta_94|chemberta_95|chemberta_96|chemberta_97|chemberta_98|chemberta_99|chemberta_100|chemberta_102|chemberta_103|chemberta_104|chemberta_106|chemberta_108|chemberta_109|chemberta_110|chemberta_111|chemberta_112|chemberta_113|chemberta_114|chemberta_115|chemberta_116|chemberta_117|chemberta_118|chemberta_119|chemberta_121|chemberta_122|chemberta_123|chemberta_124|chemberta_125|chemberta_127|chemberta_128|chemberta_129|chemberta_130|chemberta_131|chemberta_132|chemberta_133|chemberta_134|chemberta_135|chemberta_136|chemberta_137|chemberta_138|chemberta_139|chemberta_141|chemberta_142|chemberta_144|chemberta_145|chemberta_146|chemberta_147|chemberta_148|chemberta_149|chemberta_150|chemberta_151|chemberta_154|chemberta_155|chemberta_156|chemberta_157|chemberta_158|chemberta_159|chemberta_160|chemberta_161|chemberta_162|chemberta_164|chemberta_165|chemberta_166|chemberta_167|chemberta_168|chemberta_169|chemberta_170|chemberta_171|chemberta_172|chemberta_173|chemberta_174|chemberta_175|chemberta_176|chemberta_177|chemberta_178|chemberta_179|chemberta_180|chemberta_181|chemberta_182|chemberta_183|chemberta_184|chemberta_185|chemberta_186|chemberta_187|chemberta_188|chemberta_189|chemberta_190|chemberta_191|chemberta_192|chemberta_193|chemberta_194|chemberta_195|chemberta_196|chemberta_197|chemberta_198|chemberta_199|chemberta_201|chemberta_202|chemberta_203|chemberta_204|chemberta_205|chemberta_206|chemberta_207|chemberta_208|chemberta_209|chemberta_212|chemberta_213|chemberta_214|chemberta_215|chemberta_216|chemberta_217|chemberta_218|chemberta_219|chemberta_220|chemberta_221|chemberta_222|chemberta_223|chemberta_225|chemberta_226|chemberta_227|chemberta_229|chemberta_230|chemberta_231|chemberta_232|chemberta_233|chemberta_234|chemberta_235|chemberta_237|chemberta_238|chemberta_239|chemberta_240|chemberta_241|chemberta_242|chemberta_243|chemberta_244|chemberta_245|chemberta_247|chemberta_248|chemberta_251|chemberta_252|chemberta_253|chemberta_254|chemberta_255|chemberta_257|chemberta_258|chemberta_259|chemberta_260|chemberta_261|chemberta_262|chemberta_263|chemberta_264|chemberta_265|chemberta_266|chemberta_267|chemberta_268|chemberta_269|chemberta_271|chemberta_272|chemberta_273|chemberta_274|chemberta_275|chemberta_277|chemberta_278|chemberta_279|chemberta_280|chemberta_281|chemberta_282|chemberta_283|chemberta_285|chemberta_286|chemberta_287|chemberta_288|chemberta_289|chemberta_290|chemberta_291|chemberta_292|chemberta_293|chemberta_295|chemberta_296|chemberta_297|chemberta_298|chemberta_299|chemberta_300|chemberta_301|chemberta_302|chemberta_303|chemberta_304|chemberta_305|chemberta_306|chemberta_309|chemberta_310|chemberta_311|chemberta_312|chemberta_313|chemberta_314|chemberta_315|chemberta_316|chemberta_318|chemberta_319|chemberta_320|chemberta_321|chemberta_322|chemberta_323|chemberta_324|chemberta_325|chemberta_326|chemberta_327|chemberta_328|chemberta_329|chemberta_331|chemberta_332|chemberta_333|chemberta_334|chemberta_335|chemberta_336|chemberta_337|chemberta_338|chemberta_339|chemberta_341|chemberta_342|chemberta_343|chemberta_344|chemberta_345|chemberta_346|chemberta_347|chemberta_348|chemberta_349|chemberta_350|chemberta_351|chemberta_352|chemberta_353|chemberta_354|chemberta_355|chemberta_356|chemberta_359|chemberta_360|chemberta_361|chemberta_362|chemberta_365|chemberta_366|chemberta_367|chemberta_368|chemberta_369|chemberta_370|chemberta_371|chemberta_372|chemberta_373|chemberta_374|chemberta_375|chemberta_376|chemberta_377|chemberta_378|chemberta_380|chemberta_381|chemberta_382|chemberta_383|chemberta_384|chemberta_385|chemberta_386|chemberta_387|chemberta_389|chemberta_390|chemberta_391|chemberta_392|chemberta_393|chemberta_394|chemberta_396|chemberta_398|chemberta_399|chemberta_400|chemberta_401|chemberta_402|chemberta_403|chemberta_404|chemberta_405|chemberta_406|chemberta_407|chemberta_408|chemberta_409|chemberta_410|chemberta_411|chemberta_412|chemberta_413|chemberta_414|chemberta_415|chemberta_416|chemberta_417|chemberta_418|chemberta_419|chemberta_420|chemberta_422|chemberta_423|chemberta_424|chemberta_425|chemberta_427|chemberta_428|chemberta_429|chemberta_430|chemberta_431|chemberta_432|chemberta_433|chemberta_434|chemberta_435|chemberta_436|chemberta_437|chemberta_438|chemberta_439|chemberta_440|chemberta_441|chemberta_442|chemberta_443|chemberta_444|chemberta_446|chemberta_447|chemberta_448|chemberta_449|chemberta_451|chemberta_452|chemberta_455|chemberta_457|chemberta_458|chemberta_459|chemberta_460|chemberta_461|chemberta_462|chemberta_464|chemberta_465|chemberta_466|chemberta_467|chemberta_468|chemberta_469|chemberta_470|chemberta_471|chemberta_472|chemberta_473|chemberta_474|chemberta_475|chemberta_476|chemberta_477|chemberta_478|chemberta_479|chemberta_480|chemberta_481|chemberta_482|chemberta_483|chemberta_486|chemberta_488|chemberta_489|chemberta_490|chemberta_491|chemberta_492|chemberta_493|chemberta_494|chemberta_495|chemberta_496|chemberta_497|chemberta_498|chemberta_499|chemberta_500|chemberta_502|chemberta_503|chemberta_505|chemberta_506|chemberta_507|chemberta_508|chemberta_509|chemberta_510|chemberta_511|chemberta_512|chemberta_513|chemberta_515|chemberta_516|chemberta_517|chemberta_518|chemberta_519|chemberta_520|chemberta_521|chemberta_522|chemberta_523|chemberta_525|chemberta_526|chemberta_527|chemberta_528|chemberta_529|chemberta_530|chemberta_531|chemberta_532|chemberta_533|chemberta_534|chemberta_535|chemberta_536|chemberta_538|chemberta_539|chemberta_540|chemberta_541|chemberta_542|chemberta_543|chemberta_544|chemberta_545|chemberta_546|chemberta_547|chemberta_548|chemberta_549|chemberta_550|chemberta_551|chemberta_552|chemberta_553|chemberta_556|chemberta_557|chemberta_558|chemberta_559|chemberta_560|chemberta_562|chemberta_563|chemberta_565|chemberta_566|chemberta_567|chemberta_569|chemberta_570|chemberta_571|chemberta_572|chemberta_573|chemberta_575|chemberta_576|chemberta_578|chemberta_579|chemberta_580|chemberta_582|chemberta_583|chemberta_584|chemberta_585|chemberta_586|chemberta_587|chemberta_588|chemberta_589|chemberta_590|chemberta_591|chemberta_592|chemberta_593|chemberta_595|chemberta_596|chemberta_597|chemberta_598|chemberta_599|chemberta_600|chemberta_601|chemberta_602|chemberta_603|chemberta_604|chemberta_605|chemberta_606|chemberta_607|chemberta_608|chemberta_609|chemberta_612|chemberta_613|chemberta_614|chemberta_615|chemberta_616|chemberta_617|chemberta_619|chemberta_620|chemberta_621|chemberta_622|chemberta_623|chemberta_624|chemberta_626|chemberta_627|chemberta_629|chemberta_630|chemberta_632|chemberta_633|chemberta_635|chemberta_636|chemberta_637|chemberta_638|chemberta_639|chemberta_640|chemberta_641|chemberta_643|chemberta_644|chemberta_645|chemberta_646|chemberta_647|chemberta_648|chemberta_649|chemberta_650|chemberta_651|chemberta_653|chemberta_654|chemberta_655|chemberta_656|chemberta_657|chemberta_659|chemberta_660|chemberta_661|chemberta_663|chemberta_664|chemberta_666|chemberta_667|chemberta_669|chemberta_670|chemberta_671|chemberta_672|chemberta_673|chemberta_674|chemberta_675|chemberta_676|chemberta_677|chemberta_678|chemberta_679|chemberta_680|chemberta_681|chemberta_682|chemberta_683|chemberta_684|chemberta_685|chemberta_686|chemberta_687|chemberta_688|chemberta_689|chemberta_690|chemberta_691|chemberta_692|chemberta_693|chemberta_694|chemberta_695|chemberta_696|chemberta_697|chemberta_699|chemberta_700|chemberta_701|chemberta_702|chemberta_703|chemberta_704|chemberta_705|chemberta_706|chemberta_707|chemberta_708|chemberta_709|chemberta_710|chemberta_712|chemberta_714|chemberta_715|chemberta_717|chemberta_719|chemberta_720|chemberta_721|chemberta_722|chemberta_723|chemberta_724|chemberta_725|chemberta_726|chemberta_727|chemberta_728|chemberta_729|chemberta_730|chemberta_731|chemberta_732|chemberta_733|chemberta_734|chemberta_735|chemberta_736|chemberta_737|chemberta_738|chemberta_739|chemberta_742|chemberta_743|chemberta_744|chemberta_745|chemberta_746|chemberta_747|chemberta_748|chemberta_749|chemberta_750|chemberta_752|chemberta_753|chemberta_754|chemberta_755|chemberta_756|chemberta_757|chemberta_758|chemberta_759|chemberta_761|chemberta_762|chemberta_763|chemberta_764|chemberta_765|chemberta_766|chemberta_767
Decision Tree,ChemBERTa,676,1.0,1.0,1.0,1.0,1.0,1.0,1.0,0.7161,0.596,0.6122,0.9091,0.596,0.6025,0.5167,L1,chemberta_0|chemberta_1|chemberta_2|chemberta_3|chemberta_4|chemberta_5|chemberta_6|chemberta_7|chemberta_8|chemberta_9|chemberta_10|chemberta_11|chemberta_12|chemberta_14|chemberta_15|chemberta_17|chemberta_18|chemberta_19|chemberta_21|chemberta_22|chemberta_23|chemberta_24|chemberta_25|chemberta_26|chemberta_27|chemberta_28|chemberta_29|chemberta_30|chemberta_31|chemberta_32|chemberta_33|chemberta_34|chemberta_36|chemberta_37|chemberta_38|chemberta_39|chemberta_40|chemberta_42|chemberta_43|chemberta_44|chemberta_45|chemberta_46|chemberta_47|chemberta_49|chemberta_50|chemberta_52|chemberta_53|chemberta_54|chemberta_55|chemberta_56|chemberta_57|chemberta_58|chemberta_59|chemberta_60|chemberta_61|chemberta_62|chemberta_63|chemberta_64|chemberta_65|chemberta_66|chemberta_67|chemberta_68|chemberta_69|chemberta_70|chemberta_71|chemberta_72|chemberta_73|chemberta_74|chemberta_75|chemberta_76|chemberta_77|chemberta_78|chemberta_79|chemberta_81|chemberta_82|chemberta_83|chemberta_84|chemberta_85|chemberta_86|chemberta_87|chemberta_88|chemberta_89|chemberta_90|chemberta_91|chemberta_92|chemberta_93|chemberta_94|chemberta_95|chemberta_96|chemberta_97|chemberta_98|chemberta_99|chemberta_100|chemberta_102|chemberta_103|chemberta_104|chemberta_106|chemberta_108|chemberta_109|chemberta_110|chemberta_111|chemberta_112|chemberta_113|chemberta_114|chemberta_115|chemberta_116|chemberta_117|chemberta_118|chemberta_119|chemberta_121|chemberta_122|chemberta_123|chemberta_124|chemberta_125|chemberta_127|chemberta_128|chemberta_129|chemberta_130|chemberta_131|chemberta_132|chemberta_133|chemberta_134|chemberta_135|chemberta_136|chemberta_137|chemberta_138|chemberta_139|chemberta_141|chemberta_142|chemberta_144|chemberta_145|chemberta_146|chemberta_147|chemberta_148|chemberta_149|chemberta_150|chemberta_151|chemberta_154|chemberta_155|chemberta_156|chemberta_157|chemberta_158|chemberta_159|chemberta_160|chemberta_161|chemberta_162|chemberta_164|chemberta_165|chemberta_166|chemberta_167|chemberta_168|chemberta_169|chemberta_170|chemberta_171|chemberta_172|chemberta_173|chemberta_174|chemberta_175|chemberta_176|chemberta_177|chemberta_178|chemberta_179|chemberta_180|chemberta_181|chemberta_182|chemberta_183|chemberta_184|chemberta_185|chemberta_186|chemberta_187|chemberta_188|chemberta_189|chemberta_190|chemberta_191|chemberta_192|chemberta_193|chemberta_194|chemberta_195|chemberta_196|chemberta_197|chemberta_198|chemberta_199|chemberta_201|chemberta_202|chemberta_203|chemberta_204|chemberta_205|chemberta_206|chemberta_207|chemberta_208|chemberta_209|chemberta_212|chemberta_213|chemberta_214|chemberta_215|chemberta_216|chemberta_217|chemberta_218|chemberta_219|chemberta_220|chemberta_221|chemberta_222|chemberta_223|chemberta_225|chemberta_226|chemberta_227|chemberta_229|chemberta_230|chemberta_231|chemberta_232|chemberta_233|chemberta_234|chemberta_235|chemberta_237|chemberta_238|chemberta_239|chemberta_240|chemberta_241|chemberta_242|chemberta_243|chemberta_244|chemberta_245|chemberta_247|chemberta_248|chemberta_251|chemberta_252|chemberta_253|chemberta_254|chemberta_255|chemberta_257|chemberta_258|chemberta_259|chemberta_260|chemberta_261|chemberta_262|chemberta_263|chemberta_264|chemberta_265|chemberta_266|chemberta_267|chemberta_268|chemberta_269|chemberta_271|chemberta_272|chemberta_273|chemberta_274|chemberta_275|chemberta_277|chemberta_278|chemberta_279|chemberta_280|chemberta_281|chemberta_282|chemberta_283|chemberta_285|chemberta_286|chemberta_287|chemberta_288|chemberta_289|chemberta_290|chemberta_291|chemberta_292|chemberta_293|chemberta_295|chemberta_296|chemberta_297|chemberta_298|chemberta_299|chemberta_300|chemberta_301|chemberta_302|chemberta_303|chemberta_304|chemberta_305|chemberta_306|chemberta_309|chemberta_310|chemberta_311|chemberta_312|chemberta_313|chemberta_314|chemberta_315|chemberta_316|chemberta_318|chemberta_319|chemberta_320|chemberta_321|chemberta_322|chemberta_323|chemberta_324|chemberta_325|chemberta_326|chemberta_327|chemberta_328|chemberta_329|chemberta_331|chemberta_332|chemberta_333|chemberta_334|chemberta_335|chemberta_336|chemberta_337|chemberta_338|chemberta_339|chemberta_341|chemberta_342|chemberta_343|chemberta_344|chemberta_345|chemberta_346|chemberta_347|chemberta_348|chemberta_349|chemberta_350|chemberta_351|chemberta_352|chemberta_353|chemberta_354|chemberta_355|chemberta_356|chemberta_359|chemberta_360|chemberta_361|chemberta_362|chemberta_365|chemberta_366|chemberta_367|chemberta_368|chemberta_369|chemberta_370|chemberta_371|chemberta_372|chemberta_373|chemberta_374|chemberta_375|chemberta_376|chemberta_377|chemberta_378|chemberta_380|chemberta_381|chemberta_382|chemberta_383|chemberta_384|chemberta_385|chemberta_386|chemberta_387|chemberta_389|chemberta_390|chemberta_391|chemberta_392|chemberta_393|chemberta_394|chemberta_396|chemberta_398|chemberta_399|chemberta_400|chemberta_401|chemberta_402|chemberta_403|chemberta_404|chemberta_405|chemberta_406|chemberta_407|chemberta_408|chemberta_409|chemberta_410|chemberta_411|chemberta_412|chemberta_413|chemberta_414|chemberta_415|chemberta_416|chemberta_417|chemberta_418|chemberta_419|chemberta_420|chemberta_422|chemberta_423|chemberta_424|chemberta_425|chemberta_427|chemberta_428|chemberta_429|chemberta_430|chemberta_431|chemberta_432|chemberta_433|chemberta_434|chemberta_435|chemberta_436|chemberta_437|chemberta_438|chemberta_439|chemberta_440|chemberta_441|chemberta_442|chemberta_443|chemberta_444|chemberta_446|chemberta_447|chemberta_448|chemberta_449|chemberta_451|chemberta_452|chemberta_455|chemberta_457|chemberta_458|chemberta_459|chemberta_460|chemberta_461|chemberta_462|chemberta_464|chemberta_465|chemberta_466|chemberta_467|chemberta_468|chemberta_469|chemberta_470|chemberta_471|chemberta_472|chemberta_473|chemberta_474|chemberta_475|chemberta_476|chemberta_477|chemberta_478|chemberta_479|chemberta_480|chemberta_481|chemberta_482|chemberta_483|chemberta_486|chemberta_488|chemberta_489|chemberta_490|chemberta_491|chemberta_492|chemberta_493|chemberta_494|chemberta_495|chemberta_496|chemberta_497|chemberta_498|chemberta_499|chemberta_500|chemberta_502|chemberta_503|chemberta_505|chemberta_506|chemberta_507|chemberta_508|chemberta_509|chemberta_510|chemberta_511|chemberta_512|chemberta_513|chemberta_515|chemberta_516|chemberta_517|chemberta_518|chemberta_519|chemberta_520|chemberta_521|chemberta_522|chemberta_523|chemberta_525|chemberta_526|chemberta_527|chemberta_528|chemberta_529|chemberta_530|chemberta_531|chemberta_532|chemberta_533|chemberta_534|chemberta_535|chemberta_536|chemberta_538|chemberta_539|chemberta_540|chemberta_541|chemberta_542|chemberta_543|chemberta_544|chemberta_545|chemberta_546|chemberta_547|chemberta_548|chemberta_549|chemberta_550|chemberta_551|chemberta_552|chemberta_553|chemberta_556|chemberta_557|chemberta_558|chemberta_559|chemberta_560|chemberta_562|chemberta_563|chemberta_565|chemberta_566|chemberta_567|chemberta_569|chemberta_570|chemberta_571|chemberta_572|chemberta_573|chemberta_575|chemberta_576|chemberta_578|chemberta_579|chemberta_580|chemberta_582|chemberta_583|chemberta_584|chemberta_585|chemberta_586|chemberta_587|chemberta_588|chemberta_589|chemberta_590|chemberta_591|chemberta_592|chemberta_593|chemberta_595|chemberta_596|chemberta_597|chemberta_598|chemberta_599|chemberta_600|chemberta_601|chemberta_602|chemberta_603|chemberta_604|chemberta_605|chemberta_606|chemberta_607|chemberta_608|chemberta_609|chemberta_612|chemberta_613|chemberta_614|chemberta_615|chemberta_616|chemberta_617|chemberta_619|chemberta_620|chemberta_621|chemberta_622|chemberta_623|chemberta_624|chemberta_626|chemberta_627|chemberta_629|chemberta_630|chemberta_632|chemberta_633|chemberta_635|chemberta_636|chemberta_637|chemberta_638|chemberta_639|chemberta_640|chemberta_641|chemberta_643|chemberta_644|chemberta_645|chemberta_646|chemberta_647|chemberta_648|chemberta_649|chemberta_650|chemberta_651|chemberta_653|chemberta_654|chemberta_655|chemberta_656|chemberta_657|chemberta_659|chemberta_660|chemberta_661|chemberta_663|chemberta_664|chemberta_666|chemberta_667|chemberta_669|chemberta_670|chemberta_671|chemberta_672|chemberta_673|chemberta_674|chemberta_675|chemberta_676|chemberta_677|chemberta_678|chemberta_679|chemberta_680|chemberta_681|chemberta_682|chemberta_683|chemberta_684|chemberta_685|chemberta_686|chemberta_687|chemberta_688|chemberta_689|chemberta_690|chemberta_691|chemberta_692|chemberta_693|chemberta_694|chemberta_695|chemberta_696|chemberta_697|chemberta_699|chemberta_700|chemberta_701|chemberta_702|chemberta_703|chemberta_704|chemberta_705|chemberta_706|chemberta_707|chemberta_708|chemberta_709|chemberta_710|chemberta_712|chemberta_714|chemberta_715|chemberta_717|chemberta_719|chemberta_720|chemberta_721|chemberta_722|chemberta_723|chemberta_724|chemberta_725|chemberta_726|chemberta_727|chemberta_728|chemberta_729|chemberta_730|chemberta_731|chemberta_732|chemberta_733|chemberta_734|chemberta_735|chemberta_736|chemberta_737|chemberta_738|chemberta_739|chemberta_742|chemberta_743|chemberta_744|chemberta_745|chemberta_746|chemberta_747|chemberta_748|chemberta_749|chemberta_750|chemberta_752|chemberta_753|chemberta_754|chemberta_755|chemberta_756|chemberta_757|chemberta_758|chemberta_759|chemberta_761|chemberta_762|chemberta_763|chemberta_764|chemberta_765|chemberta_766|chemberta_767
Random Forest,ChemBERTa,676,1.0,1.0,1.0,1.0,1.0,1.0,1.0,0.8199,0.7095,0.8064,0.9297,0.7095,0.749,0.6795,L1,chemberta_0|chemberta_1|chemberta_2|chemberta_3|chemberta_4|chemberta_5|chemberta_6|chemberta_7|chemberta_8|chemberta_9|chemberta_10|chemberta_11|chemberta_12|chemberta_14|chemberta_15|chemberta_17|chemberta_18|chemberta_19|chemberta_21|chemberta_22|chemberta_23|chemberta_24|chemberta_25|chemberta_26|chemberta_27|chemberta_28|chemberta_29|chemberta_30|chemberta_31|chemberta_32|chemberta_33|chemberta_34|chemberta_36|chemberta_37|chemberta_38|chemberta_39|chemberta_40|chemberta_42|chemberta_43|chemberta_44|chemberta_45|chemberta_46|chemberta_47|chemberta_49|chemberta_50|chemberta_52|chemberta_53|chemberta_54|chemberta_55|chemberta_56|chemberta_57|chemberta_58|chemberta_59|chemberta_60|chemberta_61|chemberta_62|chemberta_63|chemberta_64|chemberta_65|chemberta_66|chemberta_67|chemberta_68|chemberta_69|chemberta_70|chemberta_71|chemberta_72|chemberta_73|chemberta_74|chemberta_75|chemberta_76|chemberta_77|chemberta_78|chemberta_79|chemberta_81|chemberta_82|chemberta_83|chemberta_84|chemberta_85|chemberta_86|chemberta_87|chemberta_88|chemberta_89|chemberta_90|chemberta_91|chemberta_92|chemberta_93|chemberta_94|chemberta_95|chemberta_96|chemberta_97|chemberta_98|chemberta_99|chemberta_100|chemberta_102|chemberta_103|chemberta_104|chemberta_106|chemberta_108|chemberta_109|chemberta_110|chemberta_111|chemberta_112|chemberta_113|chemberta_114|chemberta_115|chemberta_116|chemberta_117|chemberta_118|chemberta_119|chemberta_121|chemberta_122|chemberta_123|chemberta_124|chemberta_125|chemberta_127|chemberta_128|chemberta_129|chemberta_130|chemberta_131|chemberta_132|chemberta_133|chemberta_134|chemberta_135|chemberta_136|chemberta_137|chemberta_138|chemberta_139|chemberta_141|chemberta_142|chemberta_144|chemberta_145|chemberta_146|chemberta_147|chemberta_148|chemberta_149|chemberta_150|chemberta_151|chemberta_154|chemberta_155|chemberta_156|chemberta_157|chemberta_158|chemberta_159|chemberta_160|chemberta_161|chemberta_162|chemberta_164|chemberta_165|chemberta_166|chemberta_167|chemberta_168|chemberta_169|chemberta_170|chemberta_171|chemberta_172|chemberta_173|chemberta_174|chemberta_175|chemberta_176|chemberta_177|chemberta_178|chemberta_179|chemberta_180|chemberta_181|chemberta_182|chemberta_183|chemberta_184|chemberta_185|chemberta_186|chemberta_187|chemberta_188|chemberta_189|chemberta_190|chemberta_191|chemberta_192|chemberta_193|chemberta_194|chemberta_195|chemberta_196|chemberta_197|chemberta_198|chemberta_199|chemberta_201|chemberta_202|chemberta_203|chemberta_204|chemberta_205|chemberta_206|chemberta_207|chemberta_208|chemberta_209|chemberta_212|chemberta_213|chemberta_214|chemberta_215|chemberta_216|chemberta_217|chemberta_218|chemberta_219|chemberta_220|chemberta_221|chemberta_222|chemberta_223|chemberta_225|chemberta_226|chemberta_227|chemberta_229|chemberta_230|chemberta_231|chemberta_232|chemberta_233|chemberta_234|chemberta_235|chemberta_237|chemberta_238|chemberta_239|chemberta_240|chemberta_241|chemberta_242|chemberta_243|chemberta_244|chemberta_245|chemberta_247|chemberta_248|chemberta_251|chemberta_252|chemberta_253|chemberta_254|chemberta_255|chemberta_257|chemberta_258|chemberta_259|chemberta_260|chemberta_261|chemberta_262|chemberta_263|chemberta_264|chemberta_265|chemberta_266|chemberta_267|chemberta_268|chemberta_269|chemberta_271|chemberta_272|chemberta_273|chemberta_274|chemberta_275|chemberta_277|chemberta_278|chemberta_279|chemberta_280|chemberta_281|chemberta_282|chemberta_283|chemberta_285|chemberta_286|chemberta_287|chemberta_288|chemberta_289|chemberta_290|chemberta_291|chemberta_292|chemberta_293|chemberta_295|chemberta_296|chemberta_297|chemberta_298|chemberta_299|chemberta_300|chemberta_301|chemberta_302|chemberta_303|chemberta_304|chemberta_305|chemberta_306|chemberta_309|chemberta_310|chemberta_311|chemberta_312|chemberta_313|chemberta_314|chemberta_315|chemberta_316|chemberta_318|chemberta_319|chemberta_320|chemberta_321|chemberta_322|chemberta_323|chemberta_324|chemberta_325|chemberta_326|chemberta_327|chemberta_328|chemberta_329|chemberta_331|chemberta_332|chemberta_333|chemberta_334|chemberta_335|chemberta_336|chemberta_337|chemberta_338|chemberta_339|chemberta_341|chemberta_342|chemberta_343|chemberta_344|chemberta_345|chemberta_346|chemberta_347|chemberta_348|chemberta_349|chemberta_350|chemberta_351|chemberta_352|chemberta_353|chemberta_354|chemberta_355|chemberta_356|chemberta_359|chemberta_360|chemberta_361|chemberta_362|chemberta_365|chemberta_366|chemberta_367|chemberta_368|chemberta_369|chemberta_370|chemberta_371|chemberta_372|chemberta_373|chemberta_374|chemberta_375|chemberta_376|chemberta_377|chemberta_378|chemberta_380|chemberta_381|chemberta_382|chemberta_383|chemberta_384|chemberta_385|chemberta_386|chemberta_387|chemberta_389|chemberta_390|chemberta_391|chemberta_392|chemberta_393|chemberta_394|chemberta_396|chemberta_398|chemberta_399|chemberta_400|chemberta_401|chemberta_402|chemberta_403|chemberta_404|chemberta_405|chemberta_406|chemberta_407|chemberta_408|chemberta_409|chemberta_410|chemberta_411|chemberta_412|chemberta_413|chemberta_414|chemberta_415|chemberta_416|chemberta_417|chemberta_418|chemberta_419|chemberta_420|chemberta_422|chemberta_423|chemberta_424|chemberta_425|chemberta_427|chemberta_428|chemberta_429|chemberta_430|chemberta_431|chemberta_432|chemberta_433|chemberta_434|chemberta_435|chemberta_436|chemberta_437|chemberta_438|chemberta_439|chemberta_440|chemberta_441|chemberta_442|chemberta_443|chemberta_444|chemberta_446|chemberta_447|chemberta_448|chemberta_449|chemberta_451|chemberta_452|chemberta_455|chemberta_457|chemberta_458|chemberta_459|chemberta_460|chemberta_461|chemberta_462|chemberta_464|chemberta_465|chemberta_466|chemberta_467|chemberta_468|chemberta_469|chemberta_470|chemberta_471|chemberta_472|chemberta_473|chemberta_474|chemberta_475|chemberta_476|chemberta_477|chemberta_478|chemberta_479|chemberta_480|chemberta_481|chemberta_482|chemberta_483|chemberta_486|chemberta_488|chemberta_489|chemberta_490|chemberta_491|chemberta_492|chemberta_493|chemberta_494|chemberta_495|chemberta_496|chemberta_497|chemberta_498|chemberta_499|chemberta_500|chemberta_502|chemberta_503|chemberta_505|chemberta_506|chemberta_507|chemberta_508|chemberta_509|chemberta_510|chemberta_511|chemberta_512|chemberta_513|chemberta_515|chemberta_516|chemberta_517|chemberta_518|chemberta_519|chemberta_520|chemberta_521|chemberta_522|chemberta_523|chemberta_525|chemberta_526|chemberta_527|chemberta_528|chemberta_529|chemberta_530|chemberta_531|chemberta_532|chemberta_533|chemberta_534|chemberta_535|chemberta_536|chemberta_538|chemberta_539|chemberta_540|chemberta_541|chemberta_542|chemberta_543|chemberta_544|chemberta_545|chemberta_546|chemberta_547|chemberta_548|chemberta_549|chemberta_550|chemberta_551|chemberta_552|chemberta_553|chemberta_556|chemberta_557|chemberta_558|chemberta_559|chemberta_560|chemberta_562|chemberta_563|chemberta_565|chemberta_566|chemberta_567|chemberta_569|chemberta_570|chemberta_571|chemberta_572|chemberta_573|chemberta_575|chemberta_576|chemberta_578|chemberta_579|chemberta_580|chemberta_582|chemberta_583|chemberta_584|chemberta_585|chemberta_586|chemberta_587|chemberta_588|chemberta_589|chemberta_590|chemberta_591|chemberta_592|chemberta_593|chemberta_595|chemberta_596|chemberta_597|chemberta_598|chemberta_599|chemberta_600|chemberta_601|chemberta_602|chemberta_603|chemberta_604|chemberta_605|chemberta_606|chemberta_607|chemberta_608|chemberta_609|chemberta_612|chemberta_613|chemberta_614|chemberta_615|chemberta_616|chemberta_617|chemberta_619|chemberta_620|chemberta_621|chemberta_622|chemberta_623|chemberta_624|chemberta_626|chemberta_627|chemberta_629|chemberta_630|chemberta_632|chemberta_633|chemberta_635|chemberta_636|chemberta_637|chemberta_638|chemberta_639|chemberta_640|chemberta_641|chemberta_643|chemberta_644|chemberta_645|chemberta_646|chemberta_647|chemberta_648|chemberta_649|chemberta_650|chemberta_651|chemberta_653|chemberta_654|chemberta_655|chemberta_656|chemberta_657|chemberta_659|chemberta_660|chemberta_661|chemberta_663|chemberta_664|chemberta_666|chemberta_667|chemberta_669|chemberta_670|chemberta_671|chemberta_672|chemberta_673|chemberta_674|chemberta_675|chemberta_676|chemberta_677|chemberta_678|chemberta_679|chemberta_680|chemberta_681|chemberta_682|chemberta_683|chemberta_684|chemberta_685|chemberta_686|chemberta_687|chemberta_688|chemberta_689|chemberta_690|chemberta_691|chemberta_692|chemberta_693|chemberta_694|chemberta_695|chemberta_696|chemberta_697|chemberta_699|chemberta_700|chemberta_701|chemberta_702|chemberta_703|chemberta_704|chemberta_705|chemberta_706|chemberta_707|chemberta_708|chemberta_709|chemberta_710|chemberta_712|chemberta_714|chemberta_715|chemberta_717|chemberta_719|chemberta_720|chemberta_721|chemberta_722|chemberta_723|chemberta_724|chemberta_725|chemberta_726|chemberta_727|chemberta_728|chemberta_729|chemberta_730|chemberta_731|chemberta_732|chemberta_733|chemberta_734|chemberta_735|chemberta_736|chemberta_737|chemberta_738|chemberta_739|chemberta_742|chemberta_743|chemberta_744|chemberta_745|chemberta_746|chemberta_747|chemberta_748|chemberta_749|chemberta_750|chemberta_752|chemberta_753|chemberta_754|chemberta_755|chemberta_756|chemberta_757|chemberta_758|chemberta_759|chemberta_761|chemberta_762|chemberta_763|chemberta_764|chemberta_765|chemberta_766|chemberta_767
Extra Trees,ChemBERTa,676,1.0,1.0,1.0,1.0,1.0,1.0,1.0,0.8165,0.7054,0.8075,0.9276,0.7054,0.7468,0.6728,L1,chemberta_0|chemberta_1|chemberta_2|chemberta_3|chemberta_4|chemberta_5|chemberta_6|chemberta_7|chemberta_8|chemberta_9|chemberta_10|chemberta_11|chemberta_12|chemberta_14|chemberta_15|chemberta_17|chemberta_18|chemberta_19|chemberta_21|chemberta_22|chemberta_23|chemberta_24|chemberta_25|chemberta_26|chemberta_27|chemberta_28|chemberta_29|chemberta_30|chemberta_31|chemberta_32|chemberta_33|chemberta_34|chemberta_36|chemberta_37|chemberta_38|chemberta_39|chemberta_40|chemberta_42|chemberta_43|chemberta_44|chemberta_45|chemberta_46|chemberta_47|chemberta_49|chemberta_50|chemberta_52|chemberta_53|chemberta_54|chemberta_55|chemberta_56|chemberta_57|chemberta_58|chemberta_59|chemberta_60|chemberta_61|chemberta_62|chemberta_63|chemberta_64|chemberta_65|chemberta_66|chemberta_67|chemberta_68|chemberta_69|chemberta_70|chemberta_71|chemberta_72|chemberta_73|chemberta_74|chemberta_75|chemberta_76|chemberta_77|chemberta_78|chemberta_79|chemberta_81|chemberta_82|chemberta_83|chemberta_84|chemberta_85|chemberta_86|chemberta_87|chemberta_88|chemberta_89|chemberta_90|chemberta_91|chemberta_92|chemberta_93|chemberta_94|chemberta_95|chemberta_96|chemberta_97|chemberta_98|chemberta_99|chemberta_100|chemberta_102|chemberta_103|chemberta_104|chemberta_106|chemberta_108|chemberta_109|chemberta_110|chemberta_111|chemberta_112|chemberta_113|chemberta_114|chemberta_115|chemberta_116|chemberta_117|chemberta_118|chemberta_119|chemberta_121|chemberta_122|chemberta_123|chemberta_124|chemberta_125|chemberta_127|chemberta_128|chemberta_129|chemberta_130|chemberta_131|chemberta_132|chemberta_133|chemberta_134|chemberta_135|chemberta_136|chemberta_137|chemberta_138|chemberta_139|chemberta_141|chemberta_142|chemberta_144|chemberta_145|chemberta_146|chemberta_147|chemberta_148|chemberta_149|chemberta_150|chemberta_151|chemberta_154|chemberta_155|chemberta_156|chemberta_157|chemberta_158|chemberta_159|chemberta_160|chemberta_161|chemberta_162|chemberta_164|chemberta_165|chemberta_166|chemberta_167|chemberta_168|chemberta_169|chemberta_170|chemberta_171|chemberta_172|chemberta_173|chemberta_174|chemberta_175|chemberta_176|chemberta_177|chemberta_178|chemberta_179|chemberta_180|chemberta_181|chemberta_182|chemberta_183|chemberta_184|chemberta_185|chemberta_186|chemberta_187|chemberta_188|chemberta_189|chemberta_190|chemberta_191|chemberta_192|chemberta_193|chemberta_194|chemberta_195|chemberta_196|chemberta_197|chemberta_198|chemberta_199|chemberta_201|chemberta_202|chemberta_203|chemberta_204|chemberta_205|chemberta_206|chemberta_207|chemberta_208|chemberta_209|chemberta_212|chemberta_213|chemberta_214|chemberta_215|chemberta_216|chemberta_217|chemberta_218|chemberta_219|chemberta_220|chemberta_221|chemberta_222|chemberta_223|chemberta_225|chemberta_226|chemberta_227|chemberta_229|chemberta_230|chemberta_231|chemberta_232|chemberta_233|chemberta_234|chemberta_235|chemberta_237|chemberta_238|chemberta_239|chemberta_240|chemberta_241|chemberta_242|chemberta_243|chemberta_244|chemberta_245|chemberta_247|chemberta_248|chemberta_251|chemberta_252|chemberta_253|chemberta_254|chemberta_255|chemberta_257|chemberta_258|chemberta_259|chemberta_260|chemberta_261|chemberta_262|chemberta_263|chemberta_264|chemberta_265|chemberta_266|chemberta_267|chemberta_268|chemberta_269|chemberta_271|chemberta_272|chemberta_273|chemberta_274|chemberta_275|chemberta_277|chemberta_278|chemberta_279|chemberta_280|chemberta_281|chemberta_282|chemberta_283|chemberta_285|chemberta_286|chemberta_287|chemberta_288|chemberta_289|chemberta_290|chemberta_291|chemberta_292|chemberta_293|chemberta_295|chemberta_296|chemberta_297|chemberta_298|chemberta_299|chemberta_300|chemberta_301|chemberta_302|chemberta_303|chemberta_304|chemberta_305|chemberta_306|chemberta_309|chemberta_310|chemberta_311|chemberta_312|chemberta_313|chemberta_314|chemberta_315|chemberta_316|chemberta_318|chemberta_319|chemberta_320|chemberta_321|chemberta_322|chemberta_323|chemberta_324|chemberta_325|chemberta_326|chemberta_327|chemberta_328|chemberta_329|chemberta_331|chemberta_332|chemberta_333|chemberta_334|chemberta_335|chemberta_336|chemberta_337|chemberta_338|chemberta_339|chemberta_341|chemberta_342|chemberta_343|chemberta_344|chemberta_345|chemberta_346|chemberta_347|chemberta_348|chemberta_349|chemberta_350|chemberta_351|chemberta_352|chemberta_353|chemberta_354|chemberta_355|chemberta_356|chemberta_359|chemberta_360|chemberta_361|chemberta_362|chemberta_365|chemberta_366|chemberta_367|chemberta_368|chemberta_369|chemberta_370|chemberta_371|chemberta_372|chemberta_373|chemberta_374|chemberta_375|chemberta_376|chemberta_377|chemberta_378|chemberta_380|chemberta_381|chemberta_382|chemberta_383|chemberta_384|chemberta_385|chemberta_386|chemberta_387|chemberta_389|chemberta_390|chemberta_391|chemberta_392|chemberta_393|chemberta_394|chemberta_396|chemberta_398|chemberta_399|chemberta_400|chemberta_401|chemberta_402|chemberta_403|chemberta_404|chemberta_405|chemberta_406|chemberta_407|chemberta_408|chemberta_409|chemberta_410|chemberta_411|chemberta_412|chemberta_413|chemberta_414|chemberta_415|chemberta_416|chemberta_417|chemberta_418|chemberta_419|chemberta_420|chemberta_422|chemberta_423|chemberta_424|chemberta_425|chemberta_427|chemberta_428|chemberta_429|chemberta_430|chemberta_431|chemberta_432|chemberta_433|chemberta_434|chemberta_435|chemberta_436|chemberta_437|chemberta_438|chemberta_439|chemberta_440|chemberta_441|chemberta_442|chemberta_443|chemberta_444|chemberta_446|chemberta_447|chemberta_448|chemberta_449|chemberta_451|chemberta_452|chemberta_455|chemberta_457|chemberta_458|chemberta_459|chemberta_460|chemberta_461|chemberta_462|chemberta_464|chemberta_465|chemberta_466|chemberta_467|chemberta_468|chemberta_469|chemberta_470|chemberta_471|chemberta_472|chemberta_473|chemberta_474|chemberta_475|chemberta_476|chemberta_477|chemberta_478|chemberta_479|chemberta_480|chemberta_481|chemberta_482|chemberta_483|chemberta_486|chemberta_488|chemberta_489|chemberta_490|chemberta_491|chemberta_492|chemberta_493|chemberta_494|chemberta_495|chemberta_496|chemberta_497|chemberta_498|chemberta_499|chemberta_500|chemberta_502|chemberta_503|chemberta_505|chemberta_506|chemberta_507|chemberta_508|chemberta_509|chemberta_510|chemberta_511|chemberta_512|chemberta_513|chemberta_515|chemberta_516|chemberta_517|chemberta_518|chemberta_519|chemberta_520|chemberta_521|chemberta_522|chemberta_523|chemberta_525|chemberta_526|chemberta_527|chemberta_528|chemberta_529|chemberta_530|chemberta_531|chemberta_532|chemberta_533|chemberta_534|chemberta_535|chemberta_536|chemberta_538|chemberta_539|chemberta_540|chemberta_541|chemberta_542|chemberta_543|chemberta_544|chemberta_545|chemberta_546|chemberta_547|chemberta_548|chemberta_549|chemberta_550|chemberta_551|chemberta_552|chemberta_553|chemberta_556|chemberta_557|chemberta_558|chemberta_559|chemberta_560|chemberta_562|chemberta_563|chemberta_565|chemberta_566|chemberta_567|chemberta_569|chemberta_570|chemberta_571|chemberta_572|chemberta_573|chemberta_575|chemberta_576|chemberta_578|chemberta_579|chemberta_580|chemberta_582|chemberta_583|chemberta_584|chemberta_585|chemberta_586|chemberta_587|chemberta_588|chemberta_589|chemberta_590|chemberta_591|chemberta_592|chemberta_593|chemberta_595|chemberta_596|chemberta_597|chemberta_598|chemberta_599|chemberta_600|chemberta_601|chemberta_602|chemberta_603|chemberta_604|chemberta_605|chemberta_606|chemberta_607|chemberta_608|chemberta_609|chemberta_612|chemberta_613|chemberta_614|chemberta_615|chemberta_616|chemberta_617|chemberta_619|chemberta_620|chemberta_621|chemberta_622|chemberta_623|chemberta_624|chemberta_626|chemberta_627|chemberta_629|chemberta_630|chemberta_632|chemberta_633|chemberta_635|chemberta_636|chemberta_637|chemberta_638|chemberta_639|chemberta_640|chemberta_641|chemberta_643|chemberta_644|chemberta_645|chemberta_646|chemberta_647|chemberta_648|chemberta_649|chemberta_650|chemberta_651|chemberta_653|chemberta_654|chemberta_655|chemberta_656|chemberta_657|chemberta_659|chemberta_660|chemberta_661|chemberta_663|chemberta_664|chemberta_666|chemberta_667|chemberta_669|chemberta_670|chemberta_671|chemberta_672|chemberta_673|chemberta_674|chemberta_675|chemberta_676|chemberta_677|chemberta_678|chemberta_679|chemberta_680|chemberta_681|chemberta_682|chemberta_683|chemberta_684|chemberta_685|chemberta_686|chemberta_687|chemberta_688|chemberta_689|chemberta_690|chemberta_691|chemberta_692|chemberta_693|chemberta_694|chemberta_695|chemberta_696|chemberta_697|chemberta_699|chemberta_700|chemberta_701|chemberta_702|chemberta_703|chemberta_704|chemberta_705|chemberta_706|chemberta_707|chemberta_708|chemberta_709|chemberta_710|chemberta_712|chemberta_714|chemberta_715|chemberta_717|chemberta_719|chemberta_720|chemberta_721|chemberta_722|chemberta_723|chemberta_724|chemberta_725|chemberta_726|chemberta_727|chemberta_728|chemberta_729|chemberta_730|chemberta_731|chemberta_732|chemberta_733|chemberta_734|chemberta_735|chemberta_736|chemberta_737|chemberta_738|chemberta_739|chemberta_742|chemberta_743|chemberta_744|chemberta_745|chemberta_746|chemberta_747|chemberta_748|chemberta_749|chemberta_750|chemberta_752|chemberta_753|chemberta_754|chemberta_755|chemberta_756|chemberta_757|chemberta_758|chemberta_759|chemberta_761|chemberta_762|chemberta_763|chemberta_764|chemberta_765|chemberta_766|chemberta_767
Gradient Boosting,ChemBERTa,676,0.9874,0.9819,0.9921,0.9944,0.9819,0.9869,0.9785,0.8219,0.717,0.7971,0.9346,0.717,0.7498,0.6858,L1,chemberta_0|chemberta_1|chemberta_2|chemberta_3|chemberta_4|chemberta_5|chemberta_6|chemberta_7|chemberta_8|chemberta_9|chemberta_10|chemberta_11|chemberta_12|chemberta_14|chemberta_15|chemberta_17|chemberta_18|chemberta_19|chemberta_21|chemberta_22|chemberta_23|chemberta_24|chemberta_25|chemberta_26|chemberta_27|chemberta_28|chemberta_29|chemberta_30|chemberta_31|chemberta_32|chemberta_33|chemberta_34|chemberta_36|chemberta_37|chemberta_38|chemberta_39|chemberta_40|chemberta_42|chemberta_43|chemberta_44|chemberta_45|chemberta_46|chemberta_47|chemberta_49|chemberta_50|chemberta_52|chemberta_53|chemberta_54|chemberta_55|chemberta_56|chemberta_57|chemberta_58|chemberta_59|chemberta_60|chemberta_61|chemberta_62|chemberta_63|chemberta_64|chemberta_65|chemberta_66|chemberta_67|chemberta_68|chemberta_69|chemberta_70|chemberta_71|chemberta_72|chemberta_73|chemberta_74|chemberta_75|chemberta_76|chemberta_77|chemberta_78|chemberta_79|chemberta_81|chemberta_82|chemberta_83|chemberta_84|chemberta_85|chemberta_86|chemberta_87|chemberta_88|chemberta_89|chemberta_90|chemberta_91|chemberta_92|chemberta_93|chemberta_94|chemberta_95|chemberta_96|chemberta_97|chemberta_98|chemberta_99|chemberta_100|chemberta_102|chemberta_103|chemberta_104|chemberta_106|chemberta_108|chemberta_109|chemberta_110|chemberta_111|chemberta_112|chemberta_113|chemberta_114|chemberta_115|chemberta_116|chemberta_117|chemberta_118|chemberta_119|chemberta_121|chemberta_122|chemberta_123|chemberta_124|chemberta_125|chemberta_127|chemberta_128|chemberta_129|chemberta_130|chemberta_131|chemberta_132|chemberta_133|chemberta_134|chemberta_135|chemberta_136|chemberta_137|chemberta_138|chemberta_139|chemberta_141|chemberta_142|chemberta_144|chemberta_145|chemberta_146|chemberta_147|chemberta_148|chemberta_149|chemberta_150|chemberta_151|chemberta_154|chemberta_155|chemberta_156|chemberta_157|chemberta_158|chemberta_159|chemberta_160|chemberta_161|chemberta_162|chemberta_164|chemberta_165|chemberta_166|chemberta_167|chemberta_168|chemberta_169|chemberta_170|chemberta_171|chemberta_172|chemberta_173|chemberta_174|chemberta_175|chemberta_176|chemberta_177|chemberta_178|chemberta_179|chemberta_180|chemberta_181|chemberta_182|chemberta_183|chemberta_184|chemberta_185|chemberta_186|chemberta_187|chemberta_188|chemberta_189|chemberta_190|chemberta_191|chemberta_192|chemberta_193|chemberta_194|chemberta_195|chemberta_196|chemberta_197|chemberta_198|chemberta_199|chemberta_201|chemberta_202|chemberta_203|chemberta_204|chemberta_205|chemberta_206|chemberta_207|chemberta_208|chemberta_209|chemberta_212|chemberta_213|chemberta_214|chemberta_215|chemberta_216|chemberta_217|chemberta_218|chemberta_219|chemberta_220|chemberta_221|chemberta_222|chemberta_223|chemberta_225|chemberta_226|chemberta_227|chemberta_229|chemberta_230|chemberta_231|chemberta_232|chemberta_233|chemberta_234|chemberta_235|chemberta_237|chemberta_238|chemberta_239|chemberta_240|chemberta_241|chemberta_242|chemberta_243|chemberta_244|chemberta_245|chemberta_247|chemberta_248|chemberta_251|chemberta_252|chemberta_253|chemberta_254|chemberta_255|chemberta_257|chemberta_258|chemberta_259|chemberta_260|chemberta_261|chemberta_262|chemberta_263|chemberta_264|chemberta_265|chemberta_266|chemberta_267|chemberta_268|chemberta_269|chemberta_271|chemberta_272|chemberta_273|chemberta_274|chemberta_275|chemberta_277|chemberta_278|chemberta_279|chemberta_280|chemberta_281|chemberta_282|chemberta_283|chemberta_285|chemberta_286|chemberta_287|chemberta_288|chemberta_289|chemberta_290|chemberta_291|chemberta_292|chemberta_293|chemberta_295|chemberta_296|chemberta_297|chemberta_298|chemberta_299|chemberta_300|chemberta_301|chemberta_302|chemberta_303|chemberta_304|chemberta_305|chemberta_306|chemberta_309|chemberta_310|chemberta_311|chemberta_312|chemberta_313|chemberta_314|chemberta_315|chemberta_316|chemberta_318|chemberta_319|chemberta_320|chemberta_321|chemberta_322|chemberta_323|chemberta_324|chemberta_325|chemberta_326|chemberta_327|chemberta_328|chemberta_329|chemberta_331|chemberta_332|chemberta_333|chemberta_334|chemberta_335|chemberta_336|chemberta_337|chemberta_338|chemberta_339|chemberta_341|chemberta_342|chemberta_343|chemberta_344|chemberta_345|chemberta_346|chemberta_347|chemberta_348|chemberta_349|chemberta_350|chemberta_351|chemberta_352|chemberta_353|chemberta_354|chemberta_355|chemberta_356|chemberta_359|chemberta_360|chemberta_361|chemberta_362|chemberta_365|chemberta_366|chemberta_367|chemberta_368|chemberta_369|chemberta_370|chemberta_371|chemberta_372|chemberta_373|chemberta_374|chemberta_375|chemberta_376|chemberta_377|chemberta_378|chemberta_380|chemberta_381|chemberta_382|chemberta_383|chemberta_384|chemberta_385|chemberta_386|chemberta_387|chemberta_389|chemberta_390|chemberta_391|chemberta_392|chemberta_393|chemberta_394|chemberta_396|chemberta_398|chemberta_399|chemberta_400|chemberta_401|chemberta_402|chemberta_403|chemberta_404|chemberta_405|chemberta_406|chemberta_407|chemberta_408|chemberta_409|chemberta_410|chemberta_411|chemberta_412|chemberta_413|chemberta_414|chemberta_415|chemberta_416|chemberta_417|chemberta_418|chemberta_419|chemberta_420|chemberta_422|chemberta_423|chemberta_424|chemberta_425|chemberta_427|chemberta_428|chemberta_429|chemberta_430|chemberta_431|chemberta_432|chemberta_433|chemberta_434|chemberta_435|chemberta_436|chemberta_437|chemberta_438|chemberta_439|chemberta_440|chemberta_441|chemberta_442|chemberta_443|chemberta_444|chemberta_446|chemberta_447|chemberta_448|chemberta_449|chemberta_451|chemberta_452|chemberta_455|chemberta_457|chemberta_458|chemberta_459|chemberta_460|chemberta_461|chemberta_462|chemberta_464|chemberta_465|chemberta_466|chemberta_467|chemberta_468|chemberta_469|chemberta_470|chemberta_471|chemberta_472|chemberta_473|chemberta_474|chemberta_475|chemberta_476|chemberta_477|chemberta_478|chemberta_479|chemberta_480|chemberta_481|chemberta_482|chemberta_483|chemberta_486|chemberta_488|chemberta_489|chemberta_490|chemberta_491|chemberta_492|chemberta_493|chemberta_494|chemberta_495|chemberta_496|chemberta_497|chemberta_498|chemberta_499|chemberta_500|chemberta_502|chemberta_503|chemberta_505|chemberta_506|chemberta_507|chemberta_508|chemberta_509|chemberta_510|chemberta_511|chemberta_512|chemberta_513|chemberta_515|chemberta_516|chemberta_517|chemberta_518|chemberta_519|chemberta_520|chemberta_521|chemberta_522|chemberta_523|chemberta_525|chemberta_526|chemberta_527|chemberta_528|chemberta_529|chemberta_530|chemberta_531|chemberta_532|chemberta_533|chemberta_534|chemberta_535|chemberta_536|chemberta_538|chemberta_539|chemberta_540|chemberta_541|chemberta_542|chemberta_543|chemberta_544|chemberta_545|chemberta_546|chemberta_547|chemberta_548|chemberta_549|chemberta_550|chemberta_551|chemberta_552|chemberta_553|chemberta_556|chemberta_557|chemberta_558|chemberta_559|chemberta_560|chemberta_562|chemberta_563|chemberta_565|chemberta_566|chemberta_567|chemberta_569|chemberta_570|chemberta_571|chemberta_572|chemberta_573|chemberta_575|chemberta_576|chemberta_578|chemberta_579|chemberta_580|chemberta_582|chemberta_583|chemberta_584|chemberta_585|chemberta_586|chemberta_587|chemberta_588|chemberta_589|chemberta_590|chemberta_591|chemberta_592|chemberta_593|chemberta_595|chemberta_596|chemberta_597|chemberta_598|chemberta_599|chemberta_600|chemberta_601|chemberta_602|chemberta_603|chemberta_604|chemberta_605|chemberta_606|chemberta_607|chemberta_608|chemberta_609|chemberta_612|chemberta_613|chemberta_614|chemberta_615|chemberta_616|chemberta_617|chemberta_619|chemberta_620|chemberta_621|chemberta_622|chemberta_623|chemberta_624|chemberta_626|chemberta_627|chemberta_629|chemberta_630|chemberta_632|chemberta_633|chemberta_635|chemberta_636|chemberta_637|chemberta_638|chemberta_639|chemberta_640|chemberta_641|chemberta_643|chemberta_644|chemberta_645|chemberta_646|chemberta_647|chemberta_648|chemberta_649|chemberta_650|chemberta_651|chemberta_653|chemberta_654|chemberta_655|chemberta_656|chemberta_657|chemberta_659|chemberta_660|chemberta_661|chemberta_663|chemberta_664|chemberta_666|chemberta_667|chemberta_669|chemberta_670|chemberta_671|chemberta_672|chemberta_673|chemberta_674|chemberta_675|chemberta_676|chemberta_677|chemberta_678|chemberta_679|chemberta_680|chemberta_681|chemberta_682|chemberta_683|chemberta_684|chemberta_685|chemberta_686|chemberta_687|chemberta_688|chemberta_689|chemberta_690|chemberta_691|chemberta_692|chemberta_693|chemberta_694|chemberta_695|chemberta_696|chemberta_697|chemberta_699|chemberta_700|chemberta_701|chemberta_702|chemberta_703|chemberta_704|chemberta_705|chemberta_706|chemberta_707|chemberta_708|chemberta_709|chemberta_710|chemberta_712|chemberta_714|chemberta_715|chemberta_717|chemberta_719|chemberta_720|chemberta_721|chemberta_722|chemberta_723|chemberta_724|chemberta_725|chemberta_726|chemberta_727|chemberta_728|chemberta_729|chemberta_730|chemberta_731|chemberta_732|chemberta_733|chemberta_734|chemberta_735|chemberta_736|chemberta_737|chemberta_738|chemberta_739|chemberta_742|chemberta_743|chemberta_744|chemberta_745|chemberta_746|chemberta_747|chemberta_748|chemberta_749|chemberta_750|chemberta_752|chemberta_753|chemberta_754|chemberta_755|chemberta_756|chemberta_757|chemberta_758|chemberta_759|chemberta_761|chemberta_762|chemberta_763|chemberta_764|chemberta_765|chemberta_766|chemberta_767
AdaBoost,ChemBERTa,676,0.6521,0.3369,0.481,0.8465,0.3369,0.3484,0.3074,0.6544,0.3331,0.4692,0.8481,0.3331,0.3428,0.3126,L1,chemberta_0|chemberta_1|chemberta_2|chemberta_3|chemberta_4|chemberta_5|chemberta_6|chemberta_7|chemberta_8|chemberta_9|chemberta_10|chemberta_11|chemberta_12|chemberta_14|chemberta_15|chemberta_17|chemberta_18|chemberta_19|chemberta_21|chemberta_22|chemberta_23|chemberta_24|chemberta_25|chemberta_26|chemberta_27|chemberta_28|chemberta_29|chemberta_30|chemberta_31|chemberta_32|chemberta_33|chemberta_34|chemberta_36|chemberta_37|chemberta_38|chemberta_39|chemberta_40|chemberta_42|chemberta_43|chemberta_44|chemberta_45|chemberta_46|chemberta_47|chemberta_49|chemberta_50|chemberta_52|chemberta_53|chemberta_54|chemberta_55|chemberta_56|chemberta_57|chemberta_58|chemberta_59|chemberta_60|chemberta_61|chemberta_62|chemberta_63|chemberta_64|chemberta_65|chemberta_66|chemberta_67|chemberta_68|chemberta_69|chemberta_70|chemberta_71|chemberta_72|chemberta_73|chemberta_74|chemberta_75|chemberta_76|chemberta_77|chemberta_78|chemberta_79|chemberta_81|chemberta_82|chemberta_83|chemberta_84|chemberta_85|chemberta_86|chemberta_87|chemberta_88|chemberta_89|chemberta_90|chemberta_91|chemberta_92|chemberta_93|chemberta_94|chemberta_95|chemberta_96|chemberta_97|chemberta_98|chemberta_99|chemberta_100|chemberta_102|chemberta_103|chemberta_104|chemberta_106|chemberta_108|chemberta_109|chemberta_110|chemberta_111|chemberta_112|chemberta_113|chemberta_114|chemberta_115|chemberta_116|chemberta_117|chemberta_118|chemberta_119|chemberta_121|chemberta_122|chemberta_123|chemberta_124|chemberta_125|chemberta_127|chemberta_128|chemberta_129|chemberta_130|chemberta_131|chemberta_132|chemberta_133|chemberta_134|chemberta_135|chemberta_136|chemberta_137|chemberta_138|chemberta_139|chemberta_141|chemberta_142|chemberta_144|chemberta_145|chemberta_146|chemberta_147|chemberta_148|chemberta_149|chemberta_150|chemberta_151|chemberta_154|chemberta_155|chemberta_156|chemberta_157|chemberta_158|chemberta_159|chemberta_160|chemberta_161|chemberta_162|chemberta_164|chemberta_165|chemberta_166|chemberta_167|chemberta_168|chemberta_169|chemberta_170|chemberta_171|chemberta_172|chemberta_173|chemberta_174|chemberta_175|chemberta_176|chemberta_177|chemberta_178|chemberta_179|chemberta_180|chemberta_181|chemberta_182|chemberta_183|chemberta_184|chemberta_185|chemberta_186|chemberta_187|chemberta_188|chemberta_189|chemberta_190|chemberta_191|chemberta_192|chemberta_193|chemberta_194|chemberta_195|chemberta_196|chemberta_197|chemberta_198|chemberta_199|chemberta_201|chemberta_202|chemberta_203|chemberta_204|chemberta_205|chemberta_206|chemberta_207|chemberta_208|chemberta_209|chemberta_212|chemberta_213|chemberta_214|chemberta_215|chemberta_216|chemberta_217|chemberta_218|chemberta_219|chemberta_220|chemberta_221|chemberta_222|chemberta_223|chemberta_225|chemberta_226|chemberta_227|chemberta_229|chemberta_230|chemberta_231|chemberta_232|chemberta_233|chemberta_234|chemberta_235|chemberta_237|chemberta_238|chemberta_239|chemberta_240|chemberta_241|chemberta_242|chemberta_243|chemberta_244|chemberta_245|chemberta_247|chemberta_248|chemberta_251|chemberta_252|chemberta_253|chemberta_254|chemberta_255|chemberta_257|chemberta_258|chemberta_259|chemberta_260|chemberta_261|chemberta_262|chemberta_263|chemberta_264|chemberta_265|chemberta_266|chemberta_267|chemberta_268|chemberta_269|chemberta_271|chemberta_272|chemberta_273|chemberta_274|chemberta_275|chemberta_277|chemberta_278|chemberta_279|chemberta_280|chemberta_281|chemberta_282|chemberta_283|chemberta_285|chemberta_286|chemberta_287|chemberta_288|chemberta_289|chemberta_290|chemberta_291|chemberta_292|chemberta_293|chemberta_295|chemberta_296|chemberta_297|chemberta_298|chemberta_299|chemberta_300|chemberta_301|chemberta_302|chemberta_303|chemberta_304|chemberta_305|chemberta_306|chemberta_309|chemberta_310|chemberta_311|chemberta_312|chemberta_313|chemberta_314|chemberta_315|chemberta_316|chemberta_318|chemberta_319|chemberta_320|chemberta_321|chemberta_322|chemberta_323|chemberta_324|chemberta_325|chemberta_326|chemberta_327|chemberta_328|chemberta_329|chemberta_331|chemberta_332|chemberta_333|chemberta_334|chemberta_335|chemberta_336|chemberta_337|chemberta_338|chemberta_339|chemberta_341|chemberta_342|chemberta_343|chemberta_344|chemberta_345|chemberta_346|chemberta_347|chemberta_348|chemberta_349|chemberta_350|chemberta_351|chemberta_352|chemberta_353|chemberta_354|chemberta_355|chemberta_356|chemberta_359|chemberta_360|chemberta_361|chemberta_362|chemberta_365|chemberta_366|chemberta_367|chemberta_368|chemberta_369|chemberta_370|chemberta_371|chemberta_372|chemberta_373|chemberta_374|chemberta_375|chemberta_376|chemberta_377|chemberta_378|chemberta_380|chemberta_381|chemberta_382|chemberta_383|chemberta_384|chemberta_385|chemberta_386|chemberta_387|chemberta_389|chemberta_390|chemberta_391|chemberta_392|chemberta_393|chemberta_394|chemberta_396|chemberta_398|chemberta_399|chemberta_400|chemberta_401|chemberta_402|chemberta_403|chemberta_404|chemberta_405|chemberta_406|chemberta_407|chemberta_408|chemberta_409|chemberta_410|chemberta_411|chemberta_412|chemberta_413|chemberta_414|chemberta_415|chemberta_416|chemberta_417|chemberta_418|chemberta_419|chemberta_420|chemberta_422|chemberta_423|chemberta_424|chemberta_425|chemberta_427|chemberta_428|chemberta_429|chemberta_430|chemberta_431|chemberta_432|chemberta_433|chemberta_434|chemberta_435|chemberta_436|chemberta_437|chemberta_438|chemberta_439|chemberta_440|chemberta_441|chemberta_442|chemberta_443|chemberta_444|chemberta_446|chemberta_447|chemberta_448|chemberta_449|chemberta_451|chemberta_452|chemberta_455|chemberta_457|chemberta_458|chemberta_459|chemberta_460|chemberta_461|chemberta_462|chemberta_464|chemberta_465|chemberta_466|chemberta_467|chemberta_468|chemberta_469|chemberta_470|chemberta_471|chemberta_472|chemberta_473|chemberta_474|chemberta_475|chemberta_476|chemberta_477|chemberta_478|chemberta_479|chemberta_480|chemberta_481|chemberta_482|chemberta_483|chemberta_486|chemberta_488|chemberta_489|chemberta_490|chemberta_491|chemberta_492|chemberta_493|chemberta_494|chemberta_495|chemberta_496|chemberta_497|chemberta_498|chemberta_499|chemberta_500|chemberta_502|chemberta_503|chemberta_505|chemberta_506|chemberta_507|chemberta_508|chemberta_509|chemberta_510|chemberta_511|chemberta_512|chemberta_513|chemberta_515|chemberta_516|chemberta_517|chemberta_518|chemberta_519|chemberta_520|chemberta_521|chemberta_522|chemberta_523|chemberta_525|chemberta_526|chemberta_527|chemberta_528|chemberta_529|chemberta_530|chemberta_531|chemberta_532|chemberta_533|chemberta_534|chemberta_535|chemberta_536|chemberta_538|chemberta_539|chemberta_540|chemberta_541|chemberta_542|chemberta_543|chemberta_544|chemberta_545|chemberta_546|chemberta_547|chemberta_548|chemberta_549|chemberta_550|chemberta_551|chemberta_552|chemberta_553|chemberta_556|chemberta_557|chemberta_558|chemberta_559|chemberta_560|chemberta_562|chemberta_563|chemberta_565|chemberta_566|chemberta_567|chemberta_569|chemberta_570|chemberta_571|chemberta_572|chemberta_573|chemberta_575|chemberta_576|chemberta_578|chemberta_579|chemberta_580|chemberta_582|chemberta_583|chemberta_584|chemberta_585|chemberta_586|chemberta_587|chemberta_588|chemberta_589|chemberta_590|chemberta_591|chemberta_592|chemberta_593|chemberta_595|chemberta_596|chemberta_597|chemberta_598|chemberta_599|chemberta_600|chemberta_601|chemberta_602|chemberta_603|chemberta_604|chemberta_605|chemberta_606|chemberta_607|chemberta_608|chemberta_609|chemberta_612|chemberta_613|chemberta_614|chemberta_615|chemberta_616|chemberta_617|chemberta_619|chemberta_620|chemberta_621|chemberta_622|chemberta_623|chemberta_624|chemberta_626|chemberta_627|chemberta_629|chemberta_630|chemberta_632|chemberta_633|chemberta_635|chemberta_636|chemberta_637|chemberta_638|chemberta_639|chemberta_640|chemberta_641|chemberta_643|chemberta_644|chemberta_645|chemberta_646|chemberta_647|chemberta_648|chemberta_649|chemberta_650|chemberta_651|chemberta_653|chemberta_654|chemberta_655|chemberta_656|chemberta_657|chemberta_659|chemberta_660|chemberta_661|chemberta_663|chemberta_664|chemberta_666|chemberta_667|chemberta_669|chemberta_670|chemberta_671|chemberta_672|chemberta_673|chemberta_674|chemberta_675|chemberta_676|chemberta_677|chemberta_678|chemberta_679|chemberta_680|chemberta_681|chemberta_682|chemberta_683|chemberta_684|chemberta_685|chemberta_686|chemberta_687|chemberta_688|chemberta_689|chemberta_690|chemberta_691|chemberta_692|chemberta_693|chemberta_694|chemberta_695|chemberta_696|chemberta_697|chemberta_699|chemberta_700|chemberta_701|chemberta_702|chemberta_703|chemberta_704|chemberta_705|chemberta_706|chemberta_707|chemberta_708|chemberta_709|chemberta_710|chemberta_712|chemberta_714|chemberta_715|chemberta_717|chemberta_719|chemberta_720|chemberta_721|chemberta_722|chemberta_723|chemberta_724|chemberta_725|chemberta_726|chemberta_727|chemberta_728|chemberta_729|chemberta_730|chemberta_731|chemberta_732|chemberta_733|chemberta_734|chemberta_735|chemberta_736|chemberta_737|chemberta_738|chemberta_739|chemberta_742|chemberta_743|chemberta_744|chemberta_745|chemberta_746|chemberta_747|chemberta_748|chemberta_749|chemberta_750|chemberta_752|chemberta_753|chemberta_754|chemberta_755|chemberta_756|chemberta_757|chemberta_758|chemberta_759|chemberta_761|chemberta_762|chemberta_763|chemberta_764|chemberta_765|chemberta_766|chemberta_767
XGBoost,ChemBERTa,676,1.0,1.0,1.0,1.0,1.0,1.0,1.0,0.841,0.7623,0.8228,0.941,0.7623,0.7894,0.7204,L1,chemberta_0|chemberta_1|chemberta_2|chemberta_3|chemberta_4|chemberta_5|chemberta_6|chemberta_7|chemberta_8|chemberta_9|chemberta_10|chemberta_11|chemberta_12|chemberta_14|chemberta_15|chemberta_17|chemberta_18|chemberta_19|chemberta_21|chemberta_22|chemberta_23|chemberta_24|chemberta_25|chemberta_26|chemberta_27|chemberta_28|chemberta_29|chemberta_30|chemberta_31|chemberta_32|chemberta_33|chemberta_34|chemberta_36|chemberta_37|chemberta_38|chemberta_39|chemberta_40|chemberta_42|chemberta_43|chemberta_44|chemberta_45|chemberta_46|chemberta_47|chemberta_49|chemberta_50|chemberta_52|chemberta_53|chemberta_54|chemberta_55|chemberta_56|chemberta_57|chemberta_58|chemberta_59|chemberta_60|chemberta_61|chemberta_62|chemberta_63|chemberta_64|chemberta_65|chemberta_66|chemberta_67|chemberta_68|chemberta_69|chemberta_70|chemberta_71|chemberta_72|chemberta_73|chemberta_74|chemberta_75|chemberta_76|chemberta_77|chemberta_78|chemberta_79|chemberta_81|chemberta_82|chemberta_83|chemberta_84|chemberta_85|chemberta_86|chemberta_87|chemberta_88|chemberta_89|chemberta_90|chemberta_91|chemberta_92|chemberta_93|chemberta_94|chemberta_95|chemberta_96|chemberta_97|chemberta_98|chemberta_99|chemberta_100|chemberta_102|chemberta_103|chemberta_104|chemberta_106|chemberta_108|chemberta_109|chemberta_110|chemberta_111|chemberta_112|chemberta_113|chemberta_114|chemberta_115|chemberta_116|chemberta_117|chemberta_118|chemberta_119|chemberta_121|chemberta_122|chemberta_123|chemberta_124|chemberta_125|chemberta_127|chemberta_128|chemberta_129|chemberta_130|chemberta_131|chemberta_132|chemberta_133|chemberta_134|chemberta_135|chemberta_136|chemberta_137|chemberta_138|chemberta_139|chemberta_141|chemberta_142|chemberta_144|chemberta_145|chemberta_146|chemberta_147|chemberta_148|chemberta_149|chemberta_150|chemberta_151|chemberta_154|chemberta_155|chemberta_156|chemberta_157|chemberta_158|chemberta_159|chemberta_160|chemberta_161|chemberta_162|chemberta_164|chemberta_165|chemberta_166|chemberta_167|chemberta_168|chemberta_169|chemberta_170|chemberta_171|chemberta_172|chemberta_173|chemberta_174|chemberta_175|chemberta_176|chemberta_177|chemberta_178|chemberta_179|chemberta_180|chemberta_181|chemberta_182|chemberta_183|chemberta_184|chemberta_185|chemberta_186|chemberta_187|chemberta_188|chemberta_189|chemberta_190|chemberta_191|chemberta_192|chemberta_193|chemberta_194|chemberta_195|chemberta_196|chemberta_197|chemberta_198|chemberta_199|chemberta_201|chemberta_202|chemberta_203|chemberta_204|chemberta_205|chemberta_206|chemberta_207|chemberta_208|chemberta_209|chemberta_212|chemberta_213|chemberta_214|chemberta_215|chemberta_216|chemberta_217|chemberta_218|chemberta_219|chemberta_220|chemberta_221|chemberta_222|chemberta_223|chemberta_225|chemberta_226|chemberta_227|chemberta_229|chemberta_230|chemberta_231|chemberta_232|chemberta_233|chemberta_234|chemberta_235|chemberta_237|chemberta_238|chemberta_239|chemberta_240|chemberta_241|chemberta_242|chemberta_243|chemberta_244|chemberta_245|chemberta_247|chemberta_248|chemberta_251|chemberta_252|chemberta_253|chemberta_254|chemberta_255|chemberta_257|chemberta_258|chemberta_259|chemberta_260|chemberta_261|chemberta_262|chemberta_263|chemberta_264|chemberta_265|chemberta_266|chemberta_267|chemberta_268|chemberta_269|chemberta_271|chemberta_272|chemberta_273|chemberta_274|chemberta_275|chemberta_277|chemberta_278|chemberta_279|chemberta_280|chemberta_281|chemberta_282|chemberta_283|chemberta_285|chemberta_286|chemberta_287|chemberta_288|chemberta_289|chemberta_290|chemberta_291|chemberta_292|chemberta_293|chemberta_295|chemberta_296|chemberta_297|chemberta_298|chemberta_299|chemberta_300|chemberta_301|chemberta_302|chemberta_303|chemberta_304|chemberta_305|chemberta_306|chemberta_309|chemberta_310|chemberta_311|chemberta_312|chemberta_313|chemberta_314|chemberta_315|chemberta_316|chemberta_318|chemberta_319|chemberta_320|chemberta_321|chemberta_322|chemberta_323|chemberta_324|chemberta_325|chemberta_326|chemberta_327|chemberta_328|chemberta_329|chemberta_331|chemberta_332|chemberta_333|chemberta_334|chemberta_335|chemberta_336|chemberta_337|chemberta_338|chemberta_339|chemberta_341|chemberta_342|chemberta_343|chemberta_344|chemberta_345|chemberta_346|chemberta_347|chemberta_348|chemberta_349|chemberta_350|chemberta_351|chemberta_352|chemberta_353|chemberta_354|chemberta_355|chemberta_356|chemberta_359|chemberta_360|chemberta_361|chemberta_362|chemberta_365|chemberta_366|chemberta_367|chemberta_368|chemberta_369|chemberta_370|chemberta_371|chemberta_372|chemberta_373|chemberta_374|chemberta_375|chemberta_376|chemberta_377|chemberta_378|chemberta_380|chemberta_381|chemberta_382|chemberta_383|chemberta_384|chemberta_385|chemberta_386|chemberta_387|chemberta_389|chemberta_390|chemberta_391|chemberta_392|chemberta_393|chemberta_394|chemberta_396|chemberta_398|chemberta_399|chemberta_400|chemberta_401|chemberta_402|chemberta_403|chemberta_404|chemberta_405|chemberta_406|chemberta_407|chemberta_408|chemberta_409|chemberta_410|chemberta_411|chemberta_412|chemberta_413|chemberta_414|chemberta_415|chemberta_416|chemberta_417|chemberta_418|chemberta_419|chemberta_420|chemberta_422|chemberta_423|chemberta_424|chemberta_425|chemberta_427|chemberta_428|chemberta_429|chemberta_430|chemberta_431|chemberta_432|chemberta_433|chemberta_434|chemberta_435|chemberta_436|chemberta_437|chemberta_438|chemberta_439|chemberta_440|chemberta_441|chemberta_442|chemberta_443|chemberta_444|chemberta_446|chemberta_447|chemberta_448|chemberta_449|chemberta_451|chemberta_452|chemberta_455|chemberta_457|chemberta_458|chemberta_459|chemberta_460|chemberta_461|chemberta_462|chemberta_464|chemberta_465|chemberta_466|chemberta_467|chemberta_468|chemberta_469|chemberta_470|chemberta_471|chemberta_472|chemberta_473|chemberta_474|chemberta_475|chemberta_476|chemberta_477|chemberta_478|chemberta_479|chemberta_480|chemberta_481|chemberta_482|chemberta_483|chemberta_486|chemberta_488|chemberta_489|chemberta_490|chemberta_491|chemberta_492|chemberta_493|chemberta_494|chemberta_495|chemberta_496|chemberta_497|chemberta_498|chemberta_499|chemberta_500|chemberta_502|chemberta_503|chemberta_505|chemberta_506|chemberta_507|chemberta_508|chemberta_509|chemberta_510|chemberta_511|chemberta_512|chemberta_513|chemberta_515|chemberta_516|chemberta_517|chemberta_518|chemberta_519|chemberta_520|chemberta_521|chemberta_522|chemberta_523|chemberta_525|chemberta_526|chemberta_527|chemberta_528|chemberta_529|chemberta_530|chemberta_531|chemberta_532|chemberta_533|chemberta_534|chemberta_535|chemberta_536|chemberta_538|chemberta_539|chemberta_540|chemberta_541|chemberta_542|chemberta_543|chemberta_544|chemberta_545|chemberta_546|chemberta_547|chemberta_548|chemberta_549|chemberta_550|chemberta_551|chemberta_552|chemberta_553|chemberta_556|chemberta_557|chemberta_558|chemberta_559|chemberta_560|chemberta_562|chemberta_563|chemberta_565|chemberta_566|chemberta_567|chemberta_569|chemberta_570|chemberta_571|chemberta_572|chemberta_573|chemberta_575|chemberta_576|chemberta_578|chemberta_579|chemberta_580|chemberta_582|chemberta_583|chemberta_584|chemberta_585|chemberta_586|chemberta_587|chemberta_588|chemberta_589|chemberta_590|chemberta_591|chemberta_592|chemberta_593|chemberta_595|chemberta_596|chemberta_597|chemberta_598|chemberta_599|chemberta_600|chemberta_601|chemberta_602|chemberta_603|chemberta_604|chemberta_605|chemberta_606|chemberta_607|chemberta_608|chemberta_609|chemberta_612|chemberta_613|chemberta_614|chemberta_615|chemberta_616|chemberta_617|chemberta_619|chemberta_620|chemberta_621|chemberta_622|chemberta_623|chemberta_624|chemberta_626|chemberta_627|chemberta_629|chemberta_630|chemberta_632|chemberta_633|chemberta_635|chemberta_636|chemberta_637|chemberta_638|chemberta_639|chemberta_640|chemberta_641|chemberta_643|chemberta_644|chemberta_645|chemberta_646|chemberta_647|chemberta_648|chemberta_649|chemberta_650|chemberta_651|chemberta_653|chemberta_654|chemberta_655|chemberta_656|chemberta_657|chemberta_659|chemberta_660|chemberta_661|chemberta_663|chemberta_664|chemberta_666|chemberta_667|chemberta_669|chemberta_670|chemberta_671|chemberta_672|chemberta_673|chemberta_674|chemberta_675|chemberta_676|chemberta_677|chemberta_678|chemberta_679|chemberta_680|chemberta_681|chemberta_682|chemberta_683|chemberta_684|chemberta_685|chemberta_686|chemberta_687|chemberta_688|chemberta_689|chemberta_690|chemberta_691|chemberta_692|chemberta_693|chemberta_694|chemberta_695|chemberta_696|chemberta_697|chemberta_699|chemberta_700|chemberta_701|chemberta_702|chemberta_703|chemberta_704|chemberta_705|chemberta_706|chemberta_707|chemberta_708|chemberta_709|chemberta_710|chemberta_712|chemberta_714|chemberta_715|chemberta_717|chemberta_719|chemberta_720|chemberta_721|chemberta_722|chemberta_723|chemberta_724|chemberta_725|chemberta_726|chemberta_727|chemberta_728|chemberta_729|chemberta_730|chemberta_731|chemberta_732|chemberta_733|chemberta_734|chemberta_735|chemberta_736|chemberta_737|chemberta_738|chemberta_739|chemberta_742|chemberta_743|chemberta_744|chemberta_745|chemberta_746|chemberta_747|chemberta_748|chemberta_749|chemberta_750|chemberta_752|chemberta_753|chemberta_754|chemberta_755|chemberta_756|chemberta_757|chemberta_758|chemberta_759|chemberta_761|chemberta_762|chemberta_763|chemberta_764|chemberta_765|chemberta_766|chemberta_767
SVM,ChemBERTa,676,0.9118,0.8828,0.8991,0.9683,0.8828,0.89,0.8479,0.8488,0.7851,0.8266,0.946,0.7851,0.8017,0.7367,L1,chemberta_0|chemberta_1|chemberta_2|chemberta_3|chemberta_4|chemberta_5|chemberta_6|chemberta_7|chemberta_8|chemberta_9|chemberta_10|chemberta_11|chemberta_12|chemberta_14|chemberta_15|chemberta_17|chemberta_18|chemberta_19|chemberta_21|chemberta_22|chemberta_23|chemberta_24|chemberta_25|chemberta_26|chemberta_27|chemberta_28|chemberta_29|chemberta_30|chemberta_31|chemberta_32|chemberta_33|chemberta_34|chemberta_36|chemberta_37|chemberta_38|chemberta_39|chemberta_40|chemberta_42|chemberta_43|chemberta_44|chemberta_45|chemberta_46|chemberta_47|chemberta_49|chemberta_50|chemberta_52|chemberta_53|chemberta_54|chemberta_55|chemberta_56|chemberta_57|chemberta_58|chemberta_59|chemberta_60|chemberta_61|chemberta_62|chemberta_63|chemberta_64|chemberta_65|chemberta_66|chemberta_67|chemberta_68|chemberta_69|chemberta_70|chemberta_71|chemberta_72|chemberta_73|chemberta_74|chemberta_75|chemberta_76|chemberta_77|chemberta_78|chemberta_79|chemberta_81|chemberta_82|chemberta_83|chemberta_84|chemberta_85|chemberta_86|chemberta_87|chemberta_88|chemberta_89|chemberta_90|chemberta_91|chemberta_92|chemberta_93|chemberta_94|chemberta_95|chemberta_96|chemberta_97|chemberta_98|chemberta_99|chemberta_100|chemberta_102|chemberta_103|chemberta_104|chemberta_106|chemberta_108|chemberta_109|chemberta_110|chemberta_111|chemberta_112|chemberta_113|chemberta_114|chemberta_115|chemberta_116|chemberta_117|chemberta_118|chemberta_119|chemberta_121|chemberta_122|chemberta_123|chemberta_124|chemberta_125|chemberta_127|chemberta_128|chemberta_129|chemberta_130|chemberta_131|chemberta_132|chemberta_133|chemberta_134|chemberta_135|chemberta_136|chemberta_137|chemberta_138|chemberta_139|chemberta_141|chemberta_142|chemberta_144|chemberta_145|chemberta_146|chemberta_147|chemberta_148|chemberta_149|chemberta_150|chemberta_151|chemberta_154|chemberta_155|chemberta_156|chemberta_157|chemberta_158|chemberta_159|chemberta_160|chemberta_161|chemberta_162|chemberta_164|chemberta_165|chemberta_166|chemberta_167|chemberta_168|chemberta_169|chemberta_170|chemberta_171|chemberta_172|chemberta_173|chemberta_174|chemberta_175|chemberta_176|chemberta_177|chemberta_178|chemberta_179|chemberta_180|chemberta_181|chemberta_182|chemberta_183|chemberta_184|chemberta_185|chemberta_186|chemberta_187|chemberta_188|chemberta_189|chemberta_190|chemberta_191|chemberta_192|chemberta_193|chemberta_194|chemberta_195|chemberta_196|chemberta_197|chemberta_198|chemberta_199|chemberta_201|chemberta_202|chemberta_203|chemberta_204|chemberta_205|chemberta_206|chemberta_207|chemberta_208|chemberta_209|chemberta_212|chemberta_213|chemberta_214|chemberta_215|chemberta_216|chemberta_217|chemberta_218|chemberta_219|chemberta_220|chemberta_221|chemberta_222|chemberta_223|chemberta_225|chemberta_226|chemberta_227|chemberta_229|chemberta_230|chemberta_231|chemberta_232|chemberta_233|chemberta_234|chemberta_235|chemberta_237|chemberta_238|chemberta_239|chemberta_240|chemberta_241|chemberta_242|chemberta_243|chemberta_244|chemberta_245|chemberta_247|chemberta_248|chemberta_251|chemberta_252|chemberta_253|chemberta_254|chemberta_255|chemberta_257|chemberta_258|chemberta_259|chemberta_260|chemberta_261|chemberta_262|chemberta_263|chemberta_264|chemberta_265|chemberta_266|chemberta_267|chemberta_268|chemberta_269|chemberta_271|chemberta_272|chemberta_273|chemberta_274|chemberta_275|chemberta_277|chemberta_278|chemberta_279|chemberta_280|chemberta_281|chemberta_282|chemberta_283|chemberta_285|chemberta_286|chemberta_287|chemberta_288|chemberta_289|chemberta_290|chemberta_291|chemberta_292|chemberta_293|chemberta_295|chemberta_296|chemberta_297|chemberta_298|chemberta_299|chemberta_300|chemberta_301|chemberta_302|chemberta_303|chemberta_304|chemberta_305|chemberta_306|chemberta_309|chemberta_310|chemberta_311|chemberta_312|chemberta_313|chemberta_314|chemberta_315|chemberta_316|chemberta_318|chemberta_319|chemberta_320|chemberta_321|chemberta_322|chemberta_323|chemberta_324|chemberta_325|chemberta_326|chemberta_327|chemberta_328|chemberta_329|chemberta_331|chemberta_332|chemberta_333|chemberta_334|chemberta_335|chemberta_336|chemberta_337|chemberta_338|chemberta_339|chemberta_341|chemberta_342|chemberta_343|chemberta_344|chemberta_345|chemberta_346|chemberta_347|chemberta_348|chemberta_349|chemberta_350|chemberta_351|chemberta_352|chemberta_353|chemberta_354|chemberta_355|chemberta_356|chemberta_359|chemberta_360|chemberta_361|chemberta_362|chemberta_365|chemberta_366|chemberta_367|chemberta_368|chemberta_369|chemberta_370|chemberta_371|chemberta_372|chemberta_373|chemberta_374|chemberta_375|chemberta_376|chemberta_377|chemberta_378|chemberta_380|chemberta_381|chemberta_382|chemberta_383|chemberta_384|chemberta_385|chemberta_386|chemberta_387|chemberta_389|chemberta_390|chemberta_391|chemberta_392|chemberta_393|chemberta_394|chemberta_396|chemberta_398|chemberta_399|chemberta_400|chemberta_401|chemberta_402|chemberta_403|chemberta_404|chemberta_405|chemberta_406|chemberta_407|chemberta_408|chemberta_409|chemberta_410|chemberta_411|chemberta_412|chemberta_413|chemberta_414|chemberta_415|chemberta_416|chemberta_417|chemberta_418|chemberta_419|chemberta_420|chemberta_422|chemberta_423|chemberta_424|chemberta_425|chemberta_427|chemberta_428|chemberta_429|chemberta_430|chemberta_431|chemberta_432|chemberta_433|chemberta_434|chemberta_435|chemberta_436|chemberta_437|chemberta_438|chemberta_439|chemberta_440|chemberta_441|chemberta_442|chemberta_443|chemberta_444|chemberta_446|chemberta_447|chemberta_448|chemberta_449|chemberta_451|chemberta_452|chemberta_455|chemberta_457|chemberta_458|chemberta_459|chemberta_460|chemberta_461|chemberta_462|chemberta_464|chemberta_465|chemberta_466|chemberta_467|chemberta_468|chemberta_469|chemberta_470|chemberta_471|chemberta_472|chemberta_473|chemberta_474|chemberta_475|chemberta_476|chemberta_477|chemberta_478|chemberta_479|chemberta_480|chemberta_481|chemberta_482|chemberta_483|chemberta_486|chemberta_488|chemberta_489|chemberta_490|chemberta_491|chemberta_492|chemberta_493|chemberta_494|chemberta_495|chemberta_496|chemberta_497|chemberta_498|chemberta_499|chemberta_500|chemberta_502|chemberta_503|chemberta_505|chemberta_506|chemberta_507|chemberta_508|chemberta_509|chemberta_510|chemberta_511|chemberta_512|chemberta_513|chemberta_515|chemberta_516|chemberta_517|chemberta_518|chemberta_519|chemberta_520|chemberta_521|chemberta_522|chemberta_523|chemberta_525|chemberta_526|chemberta_527|chemberta_528|chemberta_529|chemberta_530|chemberta_531|chemberta_532|chemberta_533|chemberta_534|chemberta_535|chemberta_536|chemberta_538|chemberta_539|chemberta_540|chemberta_541|chemberta_542|chemberta_543|chemberta_544|chemberta_545|chemberta_546|chemberta_547|chemberta_548|chemberta_549|chemberta_550|chemberta_551|chemberta_552|chemberta_553|chemberta_556|chemberta_557|chemberta_558|chemberta_559|chemberta_560|chemberta_562|chemberta_563|chemberta_565|chemberta_566|chemberta_567|chemberta_569|chemberta_570|chemberta_571|chemberta_572|chemberta_573|chemberta_575|chemberta_576|chemberta_578|chemberta_579|chemberta_580|chemberta_582|chemberta_583|chemberta_584|chemberta_585|chemberta_586|chemberta_587|chemberta_588|chemberta_589|chemberta_590|chemberta_591|chemberta_592|chemberta_593|chemberta_595|chemberta_596|chemberta_597|chemberta_598|chemberta_599|chemberta_600|chemberta_601|chemberta_602|chemberta_603|chemberta_604|chemberta_605|chemberta_606|chemberta_607|chemberta_608|chemberta_609|chemberta_612|chemberta_613|chemberta_614|chemberta_615|chemberta_616|chemberta_617|chemberta_619|chemberta_620|chemberta_621|chemberta_622|chemberta_623|chemberta_624|chemberta_626|chemberta_627|chemberta_629|chemberta_630|chemberta_632|chemberta_633|chemberta_635|chemberta_636|chemberta_637|chemberta_638|chemberta_639|chemberta_640|chemberta_641|chemberta_643|chemberta_644|chemberta_645|chemberta_646|chemberta_647|chemberta_648|chemberta_649|chemberta_650|chemberta_651|chemberta_653|chemberta_654|chemberta_655|chemberta_656|chemberta_657|chemberta_659|chemberta_660|chemberta_661|chemberta_663|chemberta_664|chemberta_666|chemberta_667|chemberta_669|chemberta_670|chemberta_671|chemberta_672|chemberta_673|chemberta_674|chemberta_675|chemberta_676|chemberta_677|chemberta_678|chemberta_679|chemberta_680|chemberta_681|chemberta_682|chemberta_683|chemberta_684|chemberta_685|chemberta_686|chemberta_687|chemberta_688|chemberta_689|chemberta_690|chemberta_691|chemberta_692|chemberta_693|chemberta_694|chemberta_695|chemberta_696|chemberta_697|chemberta_699|chemberta_700|chemberta_701|chemberta_702|chemberta_703|chemberta_704|chemberta_705|chemberta_706|chemberta_707|chemberta_708|chemberta_709|chemberta_710|chemberta_712|chemberta_714|chemberta_715|chemberta_717|chemberta_719|chemberta_720|chemberta_721|chemberta_722|chemberta_723|chemberta_724|chemberta_725|chemberta_726|chemberta_727|chemberta_728|chemberta_729|chemberta_730|chemberta_731|chemberta_732|chemberta_733|chemberta_734|chemberta_735|chemberta_736|chemberta_737|chemberta_738|chemberta_739|chemberta_742|chemberta_743|chemberta_744|chemberta_745|chemberta_746|chemberta_747|chemberta_748|chemberta_749|chemberta_750|chemberta_752|chemberta_753|chemberta_754|chemberta_755|chemberta_756|chemberta_757|chemberta_758|chemberta_759|chemberta_761|chemberta_762|chemberta_763|chemberta_764|chemberta_765|chemberta_766|chemberta_767
BiGRU,ChemBERTa,676,0.9285,0.9407,0.906,0.9811,0.9407,0.9206,0.8837,0.8477,0.819,0.8038,0.9558,0.819,0.8086,0.7482,L1,chemberta_0|chemberta_1|chemberta_2|chemberta_3|chemberta_4|chemberta_5|chemberta_6|chemberta_7|chemberta_8|chemberta_9|chemberta_10|chemberta_11|chemberta_12|chemberta_14|chemberta_15|chemberta_17|chemberta_18|chemberta_19|chemberta_21|chemberta_22|chemberta_23|chemberta_24|chemberta_25|chemberta_26|chemberta_27|chemberta_28|chemberta_29|chemberta_30|chemberta_31|chemberta_32|chemberta_33|chemberta_34|chemberta_36|chemberta_37|chemberta_38|chemberta_39|chemberta_40|chemberta_42|chemberta_43|chemberta_44|chemberta_45|chemberta_46|chemberta_47|chemberta_49|chemberta_50|chemberta_52|chemberta_53|chemberta_54|chemberta_55|chemberta_56|chemberta_57|chemberta_58|chemberta_59|chemberta_60|chemberta_61|chemberta_62|chemberta_63|chemberta_64|chemberta_65|chemberta_66|chemberta_67|chemberta_68|chemberta_69|chemberta_70|chemberta_71|chemberta_72|chemberta_73|chemberta_74|chemberta_75|chemberta_76|chemberta_77|chemberta_78|chemberta_79|chemberta_81|chemberta_82|chemberta_83|chemberta_84|chemberta_85|chemberta_86|chemberta_87|chemberta_88|chemberta_89|chemberta_90|chemberta_91|chemberta_92|chemberta_93|chemberta_94|chemberta_95|chemberta_96|chemberta_97|chemberta_98|chemberta_99|chemberta_100|chemberta_102|chemberta_103|chemberta_104|chemberta_106|chemberta_108|chemberta_109|chemberta_110|chemberta_111|chemberta_112|chemberta_113|chemberta_114|chemberta_115|chemberta_116|chemberta_117|chemberta_118|chemberta_119|chemberta_121|chemberta_122|chemberta_123|chemberta_124|chemberta_125|chemberta_127|chemberta_128|chemberta_129|chemberta_130|chemberta_131|chemberta_132|chemberta_133|chemberta_134|chemberta_135|chemberta_136|chemberta_137|chemberta_138|chemberta_139|chemberta_141|chemberta_142|chemberta_144|chemberta_145|chemberta_146|chemberta_147|chemberta_148|chemberta_149|chemberta_150|chemberta_151|chemberta_154|chemberta_155|chemberta_156|chemberta_157|chemberta_158|chemberta_159|chemberta_160|chemberta_161|chemberta_162|chemberta_164|chemberta_165|chemberta_166|chemberta_167|chemberta_168|chemberta_169|chemberta_170|chemberta_171|chemberta_172|chemberta_173|chemberta_174|chemberta_175|chemberta_176|chemberta_177|chemberta_178|chemberta_179|chemberta_180|chemberta_181|chemberta_182|chemberta_183|chemberta_184|chemberta_185|chemberta_186|chemberta_187|chemberta_188|chemberta_189|chemberta_190|chemberta_191|chemberta_192|chemberta_193|chemberta_194|chemberta_195|chemberta_196|chemberta_197|chemberta_198|chemberta_199|chemberta_201|chemberta_202|chemberta_203|chemberta_204|chemberta_205|chemberta_206|chemberta_207|chemberta_208|chemberta_209|chemberta_212|chemberta_213|chemberta_214|chemberta_215|chemberta_216|chemberta_217|chemberta_218|chemberta_219|chemberta_220|chemberta_221|chemberta_222|chemberta_223|chemberta_225|chemberta_226|chemberta_227|chemberta_229|chemberta_230|chemberta_231|chemberta_232|chemberta_233|chemberta_234|chemberta_235|chemberta_237|chemberta_238|chemberta_239|chemberta_240|chemberta_241|chemberta_242|chemberta_243|chemberta_244|chemberta_245|chemberta_247|chemberta_248|chemberta_251|chemberta_252|chemberta_253|chemberta_254|chemberta_255|chemberta_257|chemberta_258|chemberta_259|chemberta_260|chemberta_261|chemberta_262|chemberta_263|chemberta_264|chemberta_265|chemberta_266|chemberta_267|chemberta_268|chemberta_269|chemberta_271|chemberta_272|chemberta_273|chemberta_274|chemberta_275|chemberta_277|chemberta_278|chemberta_279|chemberta_280|chemberta_281|chemberta_282|chemberta_283|chemberta_285|chemberta_286|chemberta_287|chemberta_288|chemberta_289|chemberta_290|chemberta_291|chemberta_292|chemberta_293|chemberta_295|chemberta_296|chemberta_297|chemberta_298|chemberta_299|chemberta_300|chemberta_301|chemberta_302|chemberta_303|chemberta_304|chemberta_305|chemberta_306|chemberta_309|chemberta_310|chemberta_311|chemberta_312|chemberta_313|chemberta_314|chemberta_315|chemberta_316|chemberta_318|chemberta_319|chemberta_320|chemberta_321|chemberta_322|chemberta_323|chemberta_324|chemberta_325|chemberta_326|chemberta_327|chemberta_328|chemberta_329|chemberta_331|chemberta_332|chemberta_333|chemberta_334|chemberta_335|chemberta_336|chemberta_337|chemberta_338|chemberta_339|chemberta_341|chemberta_342|chemberta_343|chemberta_344|chemberta_345|chemberta_346|chemberta_347|chemberta_348|chemberta_349|chemberta_350|chemberta_351|chemberta_352|chemberta_353|chemberta_354|chemberta_355|chemberta_356|chemberta_359|chemberta_360|chemberta_361|chemberta_362|chemberta_365|chemberta_366|chemberta_367|chemberta_368|chemberta_369|chemberta_370|chemberta_371|chemberta_372|chemberta_373|chemberta_374|chemberta_375|chemberta_376|chemberta_377|chemberta_378|chemberta_380|chemberta_381|chemberta_382|chemberta_383|chemberta_384|chemberta_385|chemberta_386|chemberta_387|chemberta_389|chemberta_390|chemberta_391|chemberta_392|chemberta_393|chemberta_394|chemberta_396|chemberta_398|chemberta_399|chemberta_400|chemberta_401|chemberta_402|chemberta_403|chemberta_404|chemberta_405|chemberta_406|chemberta_407|chemberta_408|chemberta_409|chemberta_410|chemberta_411|chemberta_412|chemberta_413|chemberta_414|chemberta_415|chemberta_416|chemberta_417|chemberta_418|chemberta_419|chemberta_420|chemberta_422|chemberta_423|chemberta_424|chemberta_425|chemberta_427|chemberta_428|chemberta_429|chemberta_430|chemberta_431|chemberta_432|chemberta_433|chemberta_434|chemberta_435|chemberta_436|chemberta_437|chemberta_438|chemberta_439|chemberta_440|chemberta_441|chemberta_442|chemberta_443|chemberta_444|chemberta_446|chemberta_447|chemberta_448|chemberta_449|chemberta_451|chemberta_452|chemberta_455|chemberta_457|chemberta_458|chemberta_459|chemberta_460|chemberta_461|chemberta_462|chemberta_464|chemberta_465|chemberta_466|chemberta_467|chemberta_468|chemberta_469|chemberta_470|chemberta_471|chemberta_472|chemberta_473|chemberta_474|chemberta_475|chemberta_476|chemberta_477|chemberta_478|chemberta_479|chemberta_480|chemberta_481|chemberta_482|chemberta_483|chemberta_486|chemberta_488|chemberta_489|chemberta_490|chemberta_491|chemberta_492|chemberta_493|chemberta_494|chemberta_495|chemberta_496|chemberta_497|chemberta_498|chemberta_499|chemberta_500|chemberta_502|chemberta_503|chemberta_505|chemberta_506|chemberta_507|chemberta_508|chemberta_509|chemberta_510|chemberta_511|chemberta_512|chemberta_513|chemberta_515|chemberta_516|chemberta_517|chemberta_518|chemberta_519|chemberta_520|chemberta_521|chemberta_522|chemberta_523|chemberta_525|chemberta_526|chemberta_527|chemberta_528|chemberta_529|chemberta_530|chemberta_531|chemberta_532|chemberta_533|chemberta_534|chemberta_535|chemberta_536|chemberta_538|chemberta_539|chemberta_540|chemberta_541|chemberta_542|chemberta_543|chemberta_544|chemberta_545|chemberta_546|chemberta_547|chemberta_548|chemberta_549|chemberta_550|chemberta_551|chemberta_552|chemberta_553|chemberta_556|chemberta_557|chemberta_558|chemberta_559|chemberta_560|chemberta_562|chemberta_563|chemberta_565|chemberta_566|chemberta_567|chemberta_569|chemberta_570|chemberta_571|chemberta_572|chemberta_573|chemberta_575|chemberta_576|chemberta_578|chemberta_579|chemberta_580|chemberta_582|chemberta_583|chemberta_584|chemberta_585|chemberta_586|chemberta_587|chemberta_588|chemberta_589|chemberta_590|chemberta_591|chemberta_592|chemberta_593|chemberta_595|chemberta_596|chemberta_597|chemberta_598|chemberta_599|chemberta_600|chemberta_601|chemberta_602|chemberta_603|chemberta_604|chemberta_605|chemberta_606|chemberta_607|chemberta_608|chemberta_609|chemberta_612|chemberta_613|chemberta_614|chemberta_615|chemberta_616|chemberta_617|chemberta_619|chemberta_620|chemberta_621|chemberta_622|chemberta_623|chemberta_624|chemberta_626|chemberta_627|chemberta_629|chemberta_630|chemberta_632|chemberta_633|chemberta_635|chemberta_636|chemberta_637|chemberta_638|chemberta_639|chemberta_640|chemberta_641|chemberta_643|chemberta_644|chemberta_645|chemberta_646|chemberta_647|chemberta_648|chemberta_649|chemberta_650|chemberta_651|chemberta_653|chemberta_654|chemberta_655|chemberta_656|chemberta_657|chemberta_659|chemberta_660|chemberta_661|chemberta_663|chemberta_664|chemberta_666|chemberta_667|chemberta_669|chemberta_670|chemberta_671|chemberta_672|chemberta_673|chemberta_674|chemberta_675|chemberta_676|chemberta_677|chemberta_678|chemberta_679|chemberta_680|chemberta_681|chemberta_682|chemberta_683|chemberta_684|chemberta_685|chemberta_686|chemberta_687|chemberta_688|chemberta_689|chemberta_690|chemberta_691|chemberta_692|chemberta_693|chemberta_694|chemberta_695|chemberta_696|chemberta_697|chemberta_699|chemberta_700|chemberta_701|chemberta_702|chemberta_703|chemberta_704|chemberta_705|chemberta_706|chemberta_707|chemberta_708|chemberta_709|chemberta_710|chemberta_712|chemberta_714|chemberta_715|chemberta_717|chemberta_719|chemberta_720|chemberta_721|chemberta_722|chemberta_723|chemberta_724|chemberta_725|chemberta_726|chemberta_727|chemberta_728|chemberta_729|chemberta_730|chemberta_731|chemberta_732|chemberta_733|chemberta_734|chemberta_735|chemberta_736|chemberta_737|chemberta_738|chemberta_739|chemberta_742|chemberta_743|chemberta_744|chemberta_745|chemberta_746|chemberta_747|chemberta_748|chemberta_749|chemberta_750|chemberta_752|chemberta_753|chemberta_754|chemberta_755|chemberta_756|chemberta_757|chemberta_758|chemberta_759|chemberta_761|chemberta_762|chemberta_763|chemberta_764|chemberta_765|chemberta_766|chemberta_767
BiLSTM,ChemBERTa,676,0.9344,0.9395,0.9092,0.9815,0.9395,0.9227,0.8911,0.8426,0.801,0.792,0.9515,0.801,0.7944,0.7346,L1,chemberta_0|chemberta_1|chemberta_2|chemberta_3|chemberta_4|chemberta_5|chemberta_6|chemberta_7|chemberta_8|chemberta_9|chemberta_10|chemberta_11|chemberta_12|chemberta_14|chemberta_15|chemberta_17|chemberta_18|chemberta_19|chemberta_21|chemberta_22|chemberta_23|chemberta_24|chemberta_25|chemberta_26|chemberta_27|chemberta_28|chemberta_29|chemberta_30|chemberta_31|chemberta_32|chemberta_33|chemberta_34|chemberta_36|chemberta_37|chemberta_38|chemberta_39|chemberta_40|chemberta_42|chemberta_43|chemberta_44|chemberta_45|chemberta_46|chemberta_47|chemberta_49|chemberta_50|chemberta_52|chemberta_53|chemberta_54|chemberta_55|chemberta_56|chemberta_57|chemberta_58|chemberta_59|chemberta_60|chemberta_61|chemberta_62|chemberta_63|chemberta_64|chemberta_65|chemberta_66|chemberta_67|chemberta_68|chemberta_69|chemberta_70|chemberta_71|chemberta_72|chemberta_73|chemberta_74|chemberta_75|chemberta_76|chemberta_77|chemberta_78|chemberta_79|chemberta_81|chemberta_82|chemberta_83|chemberta_84|chemberta_85|chemberta_86|chemberta_87|chemberta_88|chemberta_89|chemberta_90|chemberta_91|chemberta_92|chemberta_93|chemberta_94|chemberta_95|chemberta_96|chemberta_97|chemberta_98|chemberta_99|chemberta_100|chemberta_102|chemberta_103|chemberta_104|chemberta_106|chemberta_108|chemberta_109|chemberta_110|chemberta_111|chemberta_112|chemberta_113|chemberta_114|chemberta_115|chemberta_116|chemberta_117|chemberta_118|chemberta_119|chemberta_121|chemberta_122|chemberta_123|chemberta_124|chemberta_125|chemberta_127|chemberta_128|chemberta_129|chemberta_130|chemberta_131|chemberta_132|chemberta_133|chemberta_134|chemberta_135|chemberta_136|chemberta_137|chemberta_138|chemberta_139|chemberta_141|chemberta_142|chemberta_144|chemberta_145|chemberta_146|chemberta_147|chemberta_148|chemberta_149|chemberta_150|chemberta_151|chemberta_154|chemberta_155|chemberta_156|chemberta_157|chemberta_158|chemberta_159|chemberta_160|chemberta_161|chemberta_162|chemberta_164|chemberta_165|chemberta_166|chemberta_167|chemberta_168|chemberta_169|chemberta_170|chemberta_171|chemberta_172|chemberta_173|chemberta_174|chemberta_175|chemberta_176|chemberta_177|chemberta_178|chemberta_179|chemberta_180|chemberta_181|chemberta_182|chemberta_183|chemberta_184|chemberta_185|chemberta_186|chemberta_187|chemberta_188|chemberta_189|chemberta_190|chemberta_191|chemberta_192|chemberta_193|chemberta_194|chemberta_195|chemberta_196|chemberta_197|chemberta_198|chemberta_199|chemberta_201|chemberta_202|chemberta_203|chemberta_204|chemberta_205|chemberta_206|chemberta_207|chemberta_208|chemberta_209|chemberta_212|chemberta_213|chemberta_214|chemberta_215|chemberta_216|chemberta_217|chemberta_218|chemberta_219|chemberta_220|chemberta_221|chemberta_222|chemberta_223|chemberta_225|chemberta_226|chemberta_227|chemberta_229|chemberta_230|chemberta_231|chemberta_232|chemberta_233|chemberta_234|chemberta_235|chemberta_237|chemberta_238|chemberta_239|chemberta_240|chemberta_241|chemberta_242|chemberta_243|chemberta_244|chemberta_245|chemberta_247|chemberta_248|chemberta_251|chemberta_252|chemberta_253|chemberta_254|chemberta_255|chemberta_257|chemberta_258|chemberta_259|chemberta_260|chemberta_261|chemberta_262|chemberta_263|chemberta_264|chemberta_265|chemberta_266|chemberta_267|chemberta_268|chemberta_269|chemberta_271|chemberta_272|chemberta_273|chemberta_274|chemberta_275|chemberta_277|chemberta_278|chemberta_279|chemberta_280|chemberta_281|chemberta_282|chemberta_283|chemberta_285|chemberta_286|chemberta_287|chemberta_288|chemberta_289|chemberta_290|chemberta_291|chemberta_292|chemberta_293|chemberta_295|chemberta_296|chemberta_297|chemberta_298|chemberta_299|chemberta_300|chemberta_301|chemberta_302|chemberta_303|chemberta_304|chemberta_305|chemberta_306|chemberta_309|chemberta_310|chemberta_311|chemberta_312|chemberta_313|chemberta_314|chemberta_315|chemberta_316|chemberta_318|chemberta_319|chemberta_320|chemberta_321|chemberta_322|chemberta_323|chemberta_324|chemberta_325|chemberta_326|chemberta_327|chemberta_328|chemberta_329|chemberta_331|chemberta_332|chemberta_333|chemberta_334|chemberta_335|chemberta_336|chemberta_337|chemberta_338|chemberta_339|chemberta_341|chemberta_342|chemberta_343|chemberta_344|chemberta_345|chemberta_346|chemberta_347|chemberta_348|chemberta_349|chemberta_350|chemberta_351|chemberta_352|chemberta_353|chemberta_354|chemberta_355|chemberta_356|chemberta_359|chemberta_360|chemberta_361|chemberta_362|chemberta_365|chemberta_366|chemberta_367|chemberta_368|chemberta_369|chemberta_370|chemberta_371|chemberta_372|chemberta_373|chemberta_374|chemberta_375|chemberta_376|chemberta_377|chemberta_378|chemberta_380|chemberta_381|chemberta_382|chemberta_383|chemberta_384|chemberta_385|chemberta_386|chemberta_387|chemberta_389|chemberta_390|chemberta_391|chemberta_392|chemberta_393|chemberta_394|chemberta_396|chemberta_398|chemberta_399|chemberta_400|chemberta_401|chemberta_402|chemberta_403|chemberta_404|chemberta_405|chemberta_406|chemberta_407|chemberta_408|chemberta_409|chemberta_410|chemberta_411|chemberta_412|chemberta_413|chemberta_414|chemberta_415|chemberta_416|chemberta_417|chemberta_418|chemberta_419|chemberta_420|chemberta_422|chemberta_423|chemberta_424|chemberta_425|chemberta_427|chemberta_428|chemberta_429|chemberta_430|chemberta_431|chemberta_432|chemberta_433|chemberta_434|chemberta_435|chemberta_436|chemberta_437|chemberta_438|chemberta_439|chemberta_440|chemberta_441|chemberta_442|chemberta_443|chemberta_444|chemberta_446|chemberta_447|chemberta_448|chemberta_449|chemberta_451|chemberta_452|chemberta_455|chemberta_457|chemberta_458|chemberta_459|chemberta_460|chemberta_461|chemberta_462|chemberta_464|chemberta_465|chemberta_466|chemberta_467|chemberta_468|chemberta_469|chemberta_470|chemberta_471|chemberta_472|chemberta_473|chemberta_474|chemberta_475|chemberta_476|chemberta_477|chemberta_478|chemberta_479|chemberta_480|chemberta_481|chemberta_482|chemberta_483|chemberta_486|chemberta_488|chemberta_489|chemberta_490|chemberta_491|chemberta_492|chemberta_493|chemberta_494|chemberta_495|chemberta_496|chemberta_497|chemberta_498|chemberta_499|chemberta_500|chemberta_502|chemberta_503|chemberta_505|chemberta_506|chemberta_507|chemberta_508|chemberta_509|chemberta_510|chemberta_511|chemberta_512|chemberta_513|chemberta_515|chemberta_516|chemberta_517|chemberta_518|chemberta_519|chemberta_520|chemberta_521|chemberta_522|chemberta_523|chemberta_525|chemberta_526|chemberta_527|chemberta_528|chemberta_529|chemberta_530|chemberta_531|chemberta_532|chemberta_533|chemberta_534|chemberta_535|chemberta_536|chemberta_538|chemberta_539|chemberta_540|chemberta_541|chemberta_542|chemberta_543|chemberta_544|chemberta_545|chemberta_546|chemberta_547|chemberta_548|chemberta_549|chemberta_550|chemberta_551|chemberta_552|chemberta_553|chemberta_556|chemberta_557|chemberta_558|chemberta_559|chemberta_560|chemberta_562|chemberta_563|chemberta_565|chemberta_566|chemberta_567|chemberta_569|chemberta_570|chemberta_571|chemberta_572|chemberta_573|chemberta_575|chemberta_576|chemberta_578|chemberta_579|chemberta_580|chemberta_582|chemberta_583|chemberta_584|chemberta_585|chemberta_586|chemberta_587|chemberta_588|chemberta_589|chemberta_590|chemberta_591|chemberta_592|chemberta_593|chemberta_595|chemberta_596|chemberta_597|chemberta_598|chemberta_599|chemberta_600|chemberta_601|chemberta_602|chemberta_603|chemberta_604|chemberta_605|chemberta_606|chemberta_607|chemberta_608|chemberta_609|chemberta_612|chemberta_613|chemberta_614|chemberta_615|chemberta_616|chemberta_617|chemberta_619|chemberta_620|chemberta_621|chemberta_622|chemberta_623|chemberta_624|chemberta_626|chemberta_627|chemberta_629|chemberta_630|chemberta_632|chemberta_633|chemberta_635|chemberta_636|chemberta_637|chemberta_638|chemberta_639|chemberta_640|chemberta_641|chemberta_643|chemberta_644|chemberta_645|chemberta_646|chemberta_647|chemberta_648|chemberta_649|chemberta_650|chemberta_651|chemberta_653|chemberta_654|chemberta_655|chemberta_656|chemberta_657|chemberta_659|chemberta_660|chemberta_661|chemberta_663|chemberta_664|chemberta_666|chemberta_667|chemberta_669|chemberta_670|chemberta_671|chemberta_672|chemberta_673|chemberta_674|chemberta_675|chemberta_676|chemberta_677|chemberta_678|chemberta_679|chemberta_680|chemberta_681|chemberta_682|chemberta_683|chemberta_684|chemberta_685|chemberta_686|chemberta_687|chemberta_688|chemberta_689|chemberta_690|chemberta_691|chemberta_692|chemberta_693|chemberta_694|chemberta_695|chemberta_696|chemberta_697|chemberta_699|chemberta_700|chemberta_701|chemberta_702|chemberta_703|chemberta_704|chemberta_705|chemberta_706|chemberta_707|chemberta_708|chemberta_709|chemberta_710|chemberta_712|chemberta_714|chemberta_715|chemberta_717|chemberta_719|chemberta_720|chemberta_721|chemberta_722|chemberta_723|chemberta_724|chemberta_725|chemberta_726|chemberta_727|chemberta_728|chemberta_729|chemberta_730|chemberta_731|chemberta_732|chemberta_733|chemberta_734|chemberta_735|chemberta_736|chemberta_737|chemberta_738|chemberta_739|chemberta_742|chemberta_743|chemberta_744|chemberta_745|chemberta_746|chemberta_747|chemberta_748|chemberta_749|chemberta_750|chemberta_752|chemberta_753|chemberta_754|chemberta_755|chemberta_756|chemberta_757|chemberta_758|chemberta_759|chemberta_761|chemberta_762|chemberta_763|chemberta_764|chemberta_765|chemberta_766|chemberta_767
