Model,Embedding,Selected_Features,Train_ACC,Train_BACC,Train_PRE,Train_SPEC,Train_SENS,Train_F1,Train_MCC,Test_ACC,Test_BACC,Test_PRE,Test_SPEC,Test_SENS,Test_F1,Test_MCC,Selector,Selected_Feature_Names
Logistic Regression,RDKit,55,0.7961,0.7176,0.7477,0.9268,0.7176,0.7299,0.643,0.7919,0.6976,0.7313,0.9256,0.6976,0.7113,0.6348,RandomForestImportance,MaxAbsEStateIndex|MinAbsEStateIndex|MinEStateIndex|qed|SPS|MolWt|MaxPartialCharge|MinPartialCharge|MaxAbsPartialCharge|FpDensityMorgan1|FpDensityMorgan2|FpDensityMorgan3|BCUT2D_MWHI|BCUT2D_MWLOW|BCUT2D_CHGHI|BCUT2D_CHGLO|BCUT2D_LOGPHI|BCUT2D_LOGPLOW|BCUT2D_MRHI|BCUT2D_MRLOW|AvgIpc|BalabanJ|BertzCT|HallKierAlpha|Kappa2|Kappa3|PEOE_VSA1|PEOE_VSA10|PEOE_VSA7|PEOE_VSA8|PEOE_VSA9|SMR_VSA3|SMR_VSA5|SMR_VSA7|SlogP_VSA1|SlogP_VSA3|SlogP_VSA5|TPSA|EState_VSA1|EState_VSA10|EState_VSA9|VSA_EState1|VSA_EState2|VSA_EState3|VSA_EState4|VSA_EState5|VSA_EState6|VSA_EState7|VSA_EState8|FractionCSP3|NHOHCount|NumAtomStereoCenters|NumRotatableBonds|NumUnspecifiedAtomStereoCenters|MolLogP
Decision Tree,RDKit,55,0.9896,0.9823,0.9947,0.9952,0.9823,0.9882,0.9823,0.8334,0.756,0.7688,0.944,0.756,0.762,0.7115,RandomForestImportance,MaxAbsEStateIndex|MinAbsEStateIndex|MinEStateIndex|qed|SPS|MolWt|MaxPartialCharge|MinPartialCharge|MaxAbsPartialCharge|FpDensityMorgan1|FpDensityMorgan2|FpDensityMorgan3|BCUT2D_MWHI|BCUT2D_MWLOW|BCUT2D_CHGHI|BCUT2D_CHGLO|BCUT2D_LOGPHI|BCUT2D_LOGPLOW|BCUT2D_MRHI|BCUT2D_MRLOW|AvgIpc|BalabanJ|BertzCT|HallKierAlpha|Kappa2|Kappa3|PEOE_VSA1|PEOE_VSA10|PEOE_VSA7|PEOE_VSA8|PEOE_VSA9|SMR_VSA3|SMR_VSA5|SMR_VSA7|SlogP_VSA1|SlogP_VSA3|SlogP_VSA5|TPSA|EState_VSA1|EState_VSA10|EState_VSA9|VSA_EState1|VSA_EState2|VSA_EState3|VSA_EState4|VSA_EState5|VSA_EState6|VSA_EState7|VSA_EState8|FractionCSP3|NHOHCount|NumAtomStereoCenters|NumRotatableBonds|NumUnspecifiedAtomStereoCenters|MolLogP
Random Forest,RDKit,55,0.9896,0.9894,0.9876,0.9965,0.9894,0.9885,0.9823,0.8878,0.8375,0.8719,0.9601,0.8375,0.8534,0.8057,RandomForestImportance,MaxAbsEStateIndex|MinAbsEStateIndex|MinEStateIndex|qed|SPS|MolWt|MaxPartialCharge|MinPartialCharge|MaxAbsPartialCharge|FpDensityMorgan1|FpDensityMorgan2|FpDensityMorgan3|BCUT2D_MWHI|BCUT2D_MWLOW|BCUT2D_CHGHI|BCUT2D_CHGLO|BCUT2D_LOGPHI|BCUT2D_LOGPLOW|BCUT2D_MRHI|BCUT2D_MRLOW|AvgIpc|BalabanJ|BertzCT|HallKierAlpha|Kappa2|Kappa3|PEOE_VSA1|PEOE_VSA10|PEOE_VSA7|PEOE_VSA8|PEOE_VSA9|SMR_VSA3|SMR_VSA5|SMR_VSA7|SlogP_VSA1|SlogP_VSA3|SlogP_VSA5|TPSA|EState_VSA1|EState_VSA10|EState_VSA9|VSA_EState1|VSA_EState2|VSA_EState3|VSA_EState4|VSA_EState5|VSA_EState6|VSA_EState7|VSA_EState8|FractionCSP3|NHOHCount|NumAtomStereoCenters|NumRotatableBonds|NumUnspecifiedAtomStereoCenters|MolLogP
Extra Trees,RDKit,55,0.9896,0.9823,0.9947,0.9952,0.9823,0.9882,0.9823,0.8909,0.8435,0.8733,0.961,0.8435,0.8575,0.811,RandomForestImportance,MaxAbsEStateIndex|MinAbsEStateIndex|MinEStateIndex|qed|SPS|MolWt|MaxPartialCharge|MinPartialCharge|MaxAbsPartialCharge|FpDensityMorgan1|FpDensityMorgan2|FpDensityMorgan3|BCUT2D_MWHI|BCUT2D_MWLOW|BCUT2D_CHGHI|BCUT2D_CHGLO|BCUT2D_LOGPHI|BCUT2D_LOGPLOW|BCUT2D_MRHI|BCUT2D_MRLOW|AvgIpc|BalabanJ|BertzCT|HallKierAlpha|Kappa2|Kappa3|PEOE_VSA1|PEOE_VSA10|PEOE_VSA7|PEOE_VSA8|PEOE_VSA9|SMR_VSA3|SMR_VSA5|SMR_VSA7|SlogP_VSA1|SlogP_VSA3|SlogP_VSA5|TPSA|EState_VSA1|EState_VSA10|EState_VSA9|VSA_EState1|VSA_EState2|VSA_EState3|VSA_EState4|VSA_EState5|VSA_EState6|VSA_EState7|VSA_EState8|FractionCSP3|NHOHCount|NumAtomStereoCenters|NumRotatableBonds|NumUnspecifiedAtomStereoCenters|MolLogP
Gradient Boosting,RDKit,55,0.9825,0.9788,0.9829,0.9934,0.9788,0.9808,0.9701,0.8836,0.8365,0.8625,0.9586,0.8365,0.849,0.7982,RandomForestImportance,MaxAbsEStateIndex|MinAbsEStateIndex|MinEStateIndex|qed|SPS|MolWt|MaxPartialCharge|MinPartialCharge|MaxAbsPartialCharge|FpDensityMorgan1|FpDensityMorgan2|FpDensityMorgan3|BCUT2D_MWHI|BCUT2D_MWLOW|BCUT2D_CHGHI|BCUT2D_CHGLO|BCUT2D_LOGPHI|BCUT2D_LOGPLOW|BCUT2D_MRHI|BCUT2D_MRLOW|AvgIpc|BalabanJ|BertzCT|HallKierAlpha|Kappa2|Kappa3|PEOE_VSA1|PEOE_VSA10|PEOE_VSA7|PEOE_VSA8|PEOE_VSA9|SMR_VSA3|SMR_VSA5|SMR_VSA7|SlogP_VSA1|SlogP_VSA3|SlogP_VSA5|TPSA|EState_VSA1|EState_VSA10|EState_VSA9|VSA_EState1|VSA_EState2|VSA_EState3|VSA_EState4|VSA_EState5|VSA_EState6|VSA_EState7|VSA_EState8|FractionCSP3|NHOHCount|NumAtomStereoCenters|NumRotatableBonds|NumUnspecifiedAtomStereoCenters|MolLogP
AdaBoost,RDKit,55,0.6857,0.4295,0.4727,0.8727,0.4295,0.4395,0.4084,0.687,0.4257,0.4669,0.874,0.4257,0.4344,0.411,RandomForestImportance,MaxAbsEStateIndex|MinAbsEStateIndex|MinEStateIndex|qed|SPS|MolWt|MaxPartialCharge|MinPartialCharge|MaxAbsPartialCharge|FpDensityMorgan1|FpDensityMorgan2|FpDensityMorgan3|BCUT2D_MWHI|BCUT2D_MWLOW|BCUT2D_CHGHI|BCUT2D_CHGLO|BCUT2D_LOGPHI|BCUT2D_LOGPLOW|BCUT2D_MRHI|BCUT2D_MRLOW|AvgIpc|BalabanJ|BertzCT|HallKierAlpha|Kappa2|Kappa3|PEOE_VSA1|PEOE_VSA10|PEOE_VSA7|PEOE_VSA8|PEOE_VSA9|SMR_VSA3|SMR_VSA5|SMR_VSA7|SlogP_VSA1|SlogP_VSA3|SlogP_VSA5|TPSA|EState_VSA1|EState_VSA10|EState_VSA9|VSA_EState1|VSA_EState2|VSA_EState3|VSA_EState4|VSA_EState5|VSA_EState6|VSA_EState7|VSA_EState8|FractionCSP3|NHOHCount|NumAtomStereoCenters|NumRotatableBonds|NumUnspecifiedAtomStereoCenters|MolLogP
XGBoost,RDKit,55,0.9884,0.9877,0.9871,0.9959,0.9877,0.9874,0.9802,0.8875,0.8384,0.8674,0.9602,0.8384,0.8522,0.8052,RandomForestImportance,MaxAbsEStateIndex|MinAbsEStateIndex|MinEStateIndex|qed|SPS|MolWt|MaxPartialCharge|MinPartialCharge|MaxAbsPartialCharge|FpDensityMorgan1|FpDensityMorgan2|FpDensityMorgan3|BCUT2D_MWHI|BCUT2D_MWLOW|BCUT2D_CHGHI|BCUT2D_CHGLO|BCUT2D_LOGPHI|BCUT2D_LOGPLOW|BCUT2D_MRHI|BCUT2D_MRLOW|AvgIpc|BalabanJ|BertzCT|HallKierAlpha|Kappa2|Kappa3|PEOE_VSA1|PEOE_VSA10|PEOE_VSA7|PEOE_VSA8|PEOE_VSA9|SMR_VSA3|SMR_VSA5|SMR_VSA7|SlogP_VSA1|SlogP_VSA3|SlogP_VSA5|TPSA|EState_VSA1|EState_VSA10|EState_VSA9|VSA_EState1|VSA_EState2|VSA_EState3|VSA_EState4|VSA_EState5|VSA_EState6|VSA_EState7|VSA_EState8|FractionCSP3|NHOHCount|NumAtomStereoCenters|NumRotatableBonds|NumUnspecifiedAtomStereoCenters|MolLogP
SVM,RDKit,55,0.8649,0.8045,0.8456,0.9499,0.8045,0.8223,0.7642,0.8499,0.7807,0.8289,0.9444,0.7807,0.8011,0.7375,RandomForestImportance,MaxAbsEStateIndex|MinAbsEStateIndex|MinEStateIndex|qed|SPS|MolWt|MaxPartialCharge|MinPartialCharge|MaxAbsPartialCharge|FpDensityMorgan1|FpDensityMorgan2|FpDensityMorgan3|BCUT2D_MWHI|BCUT2D_MWLOW|BCUT2D_CHGHI|BCUT2D_CHGLO|BCUT2D_LOGPHI|BCUT2D_LOGPLOW|BCUT2D_MRHI|BCUT2D_MRLOW|AvgIpc|BalabanJ|BertzCT|HallKierAlpha|Kappa2|Kappa3|PEOE_VSA1|PEOE_VSA10|PEOE_VSA7|PEOE_VSA8|PEOE_VSA9|SMR_VSA3|SMR_VSA5|SMR_VSA7|SlogP_VSA1|SlogP_VSA3|SlogP_VSA5|TPSA|EState_VSA1|EState_VSA10|EState_VSA9|VSA_EState1|VSA_EState2|VSA_EState3|VSA_EState4|VSA_EState5|VSA_EState6|VSA_EState7|VSA_EState8|FractionCSP3|NHOHCount|NumAtomStereoCenters|NumRotatableBonds|NumUnspecifiedAtomStereoCenters|MolLogP
BiGRU,RDKit,55,0.9122,0.9246,0.8909,0.9752,0.9246,0.9044,0.8562,0.8676,0.8503,0.829,0.9606,0.8503,0.8365,0.7802,RandomForestImportance,MaxAbsEStateIndex|MinAbsEStateIndex|MinEStateIndex|qed|SPS|MolWt|MaxPartialCharge|MinPartialCharge|MaxAbsPartialCharge|FpDensityMorgan1|FpDensityMorgan2|FpDensityMorgan3|BCUT2D_MWHI|BCUT2D_MWLOW|BCUT2D_CHGHI|BCUT2D_CHGLO|BCUT2D_LOGPHI|BCUT2D_LOGPLOW|BCUT2D_MRHI|BCUT2D_MRLOW|AvgIpc|BalabanJ|BertzCT|HallKierAlpha|Kappa2|Kappa3|PEOE_VSA1|PEOE_VSA10|PEOE_VSA7|PEOE_VSA8|PEOE_VSA9|SMR_VSA3|SMR_VSA5|SMR_VSA7|SlogP_VSA1|SlogP_VSA3|SlogP_VSA5|TPSA|EState_VSA1|EState_VSA10|EState_VSA9|VSA_EState1|VSA_EState2|VSA_EState3|VSA_EState4|VSA_EState5|VSA_EState6|VSA_EState7|VSA_EState8|FractionCSP3|NHOHCount|NumAtomStereoCenters|NumRotatableBonds|NumUnspecifiedAtomStereoCenters|MolLogP
BiLSTM,RDKit,55,0.9181,0.9274,0.8985,0.9765,0.9274,0.9106,0.8651,0.871,0.8452,0.8379,0.9614,0.8452,0.8393,0.7848,RandomForestImportance,MaxAbsEStateIndex|MinAbsEStateIndex|MinEStateIndex|qed|SPS|MolWt|MaxPartialCharge|MinPartialCharge|MaxAbsPartialCharge|FpDensityMorgan1|FpDensityMorgan2|FpDensityMorgan3|BCUT2D_MWHI|BCUT2D_MWLOW|BCUT2D_CHGHI|BCUT2D_CHGLO|BCUT2D_LOGPHI|BCUT2D_LOGPLOW|BCUT2D_MRHI|BCUT2D_MRLOW|AvgIpc|BalabanJ|BertzCT|HallKierAlpha|Kappa2|Kappa3|PEOE_VSA1|PEOE_VSA10|PEOE_VSA7|PEOE_VSA8|PEOE_VSA9|SMR_VSA3|SMR_VSA5|SMR_VSA7|SlogP_VSA1|SlogP_VSA3|SlogP_VSA5|TPSA|EState_VSA1|EState_VSA10|EState_VSA9|VSA_EState1|VSA_EState2|VSA_EState3|VSA_EState4|VSA_EState5|VSA_EState6|VSA_EState7|VSA_EState8|FractionCSP3|NHOHCount|NumAtomStereoCenters|NumRotatableBonds|NumUnspecifiedAtomStereoCenters|MolLogP
Logistic Regression,Morgan FP,413,0.866,0.8371,0.8433,0.9532,0.8371,0.8397,0.7686,0.8334,0.7651,0.775,0.9449,0.7651,0.7694,0.713,RandomForestImportance,fp_bit_1|fp_bit_2|fp_bit_13|fp_bit_16|fp_bit_25|fp_bit_31|fp_bit_35|fp_bit_40|fp_bit_41|fp_bit_54|fp_bit_58|fp_bit_70|fp_bit_79|fp_bit_80|fp_bit_94|fp_bit_97|fp_bit_101|fp_bit_102|fp_bit_110|fp_bit_114|fp_bit_115|fp_bit_116|fp_bit_117|fp_bit_118|fp_bit_119|fp_bit_125|fp_bit_140|fp_bit_145|fp_bit_147|fp_bit_155|fp_bit_167|fp_bit_184|fp_bit_191|fp_bit_192|fp_bit_193|fp_bit_194|fp_bit_197|fp_bit_202|fp_bit_203|fp_bit_207|fp_bit_209|fp_bit_222|fp_bit_227|fp_bit_229|fp_bit_231|fp_bit_237|fp_bit_239|fp_bit_245|fp_bit_249|fp_bit_253|fp_bit_267|fp_bit_276|fp_bit_283|fp_bit_294|fp_bit_295|fp_bit_301|fp_bit_305|fp_bit_310|fp_bit_314|fp_bit_315|fp_bit_319|fp_bit_322|fp_bit_325|fp_bit_333|fp_bit_339|fp_bit_343|fp_bit_350|fp_bit_352|fp_bit_354|fp_bit_378|fp_bit_381|fp_bit_386|fp_bit_389|fp_bit_390|fp_bit_392|fp_bit_394|fp_bit_401|fp_bit_418|fp_bit_432|fp_bit_441|fp_bit_446|fp_bit_448|fp_bit_456|fp_bit_457|fp_bit_469|fp_bit_471|fp_bit_473|fp_bit_478|fp_bit_479|fp_bit_482|fp_bit_486|fp_bit_489|fp_bit_501|fp_bit_508|fp_bit_519|fp_bit_521|fp_bit_523|fp_bit_524|fp_bit_526|fp_bit_550|fp_bit_561|fp_bit_573|fp_bit_576|fp_bit_577|fp_bit_589|fp_bit_591|fp_bit_598|fp_bit_606|fp_bit_610|fp_bit_614|fp_bit_636|fp_bit_650|fp_bit_656|fp_bit_657|fp_bit_667|fp_bit_674|fp_bit_675|fp_bit_677|fp_bit_679|fp_bit_680|fp_bit_694|fp_bit_695|fp_bit_696|fp_bit_706|fp_bit_713|fp_bit_715|fp_bit_718|fp_bit_722|fp_bit_724|fp_bit_725|fp_bit_726|fp_bit_728|fp_bit_736|fp_bit_739|fp_bit_745|fp_bit_750|fp_bit_753|fp_bit_759|fp_bit_768|fp_bit_775|fp_bit_781|fp_bit_786|fp_bit_787|fp_bit_790|fp_bit_794|fp_bit_798|fp_bit_802|fp_bit_806|fp_bit_807|fp_bit_823|fp_bit_828|fp_bit_829|fp_bit_831|fp_bit_833|fp_bit_835|fp_bit_838|fp_bit_841|fp_bit_843|fp_bit_844|fp_bit_846|fp_bit_849|fp_bit_851|fp_bit_857|fp_bit_869|fp_bit_875|fp_bit_878|fp_bit_881|fp_bit_888|fp_bit_890|fp_bit_895|fp_bit_896|fp_bit_898|fp_bit_899|fp_bit_906|fp_bit_910|fp_bit_911|fp_bit_913|fp_bit_918|fp_bit_926|fp_bit_932|fp_bit_935|fp_bit_937|fp_bit_940|fp_bit_941|fp_bit_953|fp_bit_955|fp_bit_960|fp_bit_962|fp_bit_970|fp_bit_976|fp_bit_978|fp_bit_981|fp_bit_984|fp_bit_989|fp_bit_1004|fp_bit_1009|fp_bit_1017|fp_bit_1019|fp_bit_1022|fp_bit_1027|fp_bit_1028|fp_bit_1033|fp_bit_1034|fp_bit_1035|fp_bit_1037|fp_bit_1039|fp_bit_1045|fp_bit_1047|fp_bit_1057|fp_bit_1060|fp_bit_1063|fp_bit_1064|fp_bit_1066|fp_bit_1070|fp_bit_1073|fp_bit_1077|fp_bit_1087|fp_bit_1088|fp_bit_1095|fp_bit_1097|fp_bit_1102|fp_bit_1104|fp_bit_1110|fp_bit_1114|fp_bit_1118|fp_bit_1126|fp_bit_1134|fp_bit_1136|fp_bit_1138|fp_bit_1139|fp_bit_1141|fp_bit_1143|fp_bit_1145|fp_bit_1148|fp_bit_1152|fp_bit_1154|fp_bit_1155|fp_bit_1160|fp_bit_1162|fp_bit_1163|fp_bit_1168|fp_bit_1171|fp_bit_1176|fp_bit_1181|fp_bit_1195|fp_bit_1199|fp_bit_1234|fp_bit_1236|fp_bit_1238|fp_bit_1243|fp_bit_1249|fp_bit_1256|fp_bit_1257|fp_bit_1267|fp_bit_1274|fp_bit_1279|fp_bit_1283|fp_bit_1287|fp_bit_1290|fp_bit_1292|fp_bit_1296|fp_bit_1302|fp_bit_1308|fp_bit_1309|fp_bit_1313|fp_bit_1323|fp_bit_1325|fp_bit_1343|fp_bit_1349|fp_bit_1353|fp_bit_1356|fp_bit_1357|fp_bit_1365|fp_bit_1366|fp_bit_1380|fp_bit_1381|fp_bit_1384|fp_bit_1385|fp_bit_1386|fp_bit_1387|fp_bit_1391|fp_bit_1399|fp_bit_1401|fp_bit_1403|fp_bit_1407|fp_bit_1410|fp_bit_1420|fp_bit_1428|fp_bit_1430|fp_bit_1431|fp_bit_1435|fp_bit_1436|fp_bit_1440|fp_bit_1444|fp_bit_1447|fp_bit_1452|fp_bit_1457|fp_bit_1458|fp_bit_1459|fp_bit_1469|fp_bit_1475|fp_bit_1476|fp_bit_1480|fp_bit_1482|fp_bit_1487|fp_bit_1496|fp_bit_1508|fp_bit_1516|fp_bit_1522|fp_bit_1532|fp_bit_1535|fp_bit_1536|fp_bit_1538|fp_bit_1543|fp_bit_1544|fp_bit_1547|fp_bit_1564|fp_bit_1572|fp_bit_1573|fp_bit_1581|fp_bit_1582|fp_bit_1586|fp_bit_1599|fp_bit_1600|fp_bit_1602|fp_bit_1604|fp_bit_1607|fp_bit_1613|fp_bit_1616|fp_bit_1618|fp_bit_1624|fp_bit_1645|fp_bit_1647|fp_bit_1669|fp_bit_1672|fp_bit_1683|fp_bit_1693|fp_bit_1696|fp_bit_1697|fp_bit_1718|fp_bit_1722|fp_bit_1724|fp_bit_1729|fp_bit_1737|fp_bit_1738|fp_bit_1745|fp_bit_1750|fp_bit_1753|fp_bit_1754|fp_bit_1755|fp_bit_1763|fp_bit_1764|fp_bit_1775|fp_bit_1778|fp_bit_1781|fp_bit_1796|fp_bit_1803|fp_bit_1805|fp_bit_1807|fp_bit_1808|fp_bit_1809|fp_bit_1810|fp_bit_1814|fp_bit_1816|fp_bit_1819|fp_bit_1823|fp_bit_1824|fp_bit_1827|fp_bit_1831|fp_bit_1838|fp_bit_1840|fp_bit_1844|fp_bit_1847|fp_bit_1849|fp_bit_1854|fp_bit_1855|fp_bit_1866|fp_bit_1873|fp_bit_1876|fp_bit_1878|fp_bit_1879|fp_bit_1898|fp_bit_1902|fp_bit_1905|fp_bit_1908|fp_bit_1911|fp_bit_1917|fp_bit_1921|fp_bit_1923|fp_bit_1937|fp_bit_1940|fp_bit_1948|fp_bit_1950|fp_bit_1951|fp_bit_1959|fp_bit_1963|fp_bit_1970|fp_bit_1977|fp_bit_1978|fp_bit_1984|fp_bit_1985|fp_bit_1989|fp_bit_1990|fp_bit_1991|fp_bit_2004|fp_bit_2006|fp_bit_2016|fp_bit_2020|fp_bit_2029|fp_bit_2033|fp_bit_2038|fp_bit_2041|fp_bit_2044
Decision Tree,Morgan FP,413,0.9834,0.9729,0.9863,0.9932,0.9729,0.9794,0.9715,0.8418,0.7732,0.797,0.948,0.7732,0.7841,0.7286,RandomForestImportance,fp_bit_1|fp_bit_2|fp_bit_13|fp_bit_16|fp_bit_25|fp_bit_31|fp_bit_35|fp_bit_40|fp_bit_41|fp_bit_54|fp_bit_58|fp_bit_70|fp_bit_79|fp_bit_80|fp_bit_94|fp_bit_97|fp_bit_101|fp_bit_102|fp_bit_110|fp_bit_114|fp_bit_115|fp_bit_116|fp_bit_117|fp_bit_118|fp_bit_119|fp_bit_125|fp_bit_140|fp_bit_145|fp_bit_147|fp_bit_155|fp_bit_167|fp_bit_184|fp_bit_191|fp_bit_192|fp_bit_193|fp_bit_194|fp_bit_197|fp_bit_202|fp_bit_203|fp_bit_207|fp_bit_209|fp_bit_222|fp_bit_227|fp_bit_229|fp_bit_231|fp_bit_237|fp_bit_239|fp_bit_245|fp_bit_249|fp_bit_253|fp_bit_267|fp_bit_276|fp_bit_283|fp_bit_294|fp_bit_295|fp_bit_301|fp_bit_305|fp_bit_310|fp_bit_314|fp_bit_315|fp_bit_319|fp_bit_322|fp_bit_325|fp_bit_333|fp_bit_339|fp_bit_343|fp_bit_350|fp_bit_352|fp_bit_354|fp_bit_378|fp_bit_381|fp_bit_386|fp_bit_389|fp_bit_390|fp_bit_392|fp_bit_394|fp_bit_401|fp_bit_418|fp_bit_432|fp_bit_441|fp_bit_446|fp_bit_448|fp_bit_456|fp_bit_457|fp_bit_469|fp_bit_471|fp_bit_473|fp_bit_478|fp_bit_479|fp_bit_482|fp_bit_486|fp_bit_489|fp_bit_501|fp_bit_508|fp_bit_519|fp_bit_521|fp_bit_523|fp_bit_524|fp_bit_526|fp_bit_550|fp_bit_561|fp_bit_573|fp_bit_576|fp_bit_577|fp_bit_589|fp_bit_591|fp_bit_598|fp_bit_606|fp_bit_610|fp_bit_614|fp_bit_636|fp_bit_650|fp_bit_656|fp_bit_657|fp_bit_667|fp_bit_674|fp_bit_675|fp_bit_677|fp_bit_679|fp_bit_680|fp_bit_694|fp_bit_695|fp_bit_696|fp_bit_706|fp_bit_713|fp_bit_715|fp_bit_718|fp_bit_722|fp_bit_724|fp_bit_725|fp_bit_726|fp_bit_728|fp_bit_736|fp_bit_739|fp_bit_745|fp_bit_750|fp_bit_753|fp_bit_759|fp_bit_768|fp_bit_775|fp_bit_781|fp_bit_786|fp_bit_787|fp_bit_790|fp_bit_794|fp_bit_798|fp_bit_802|fp_bit_806|fp_bit_807|fp_bit_823|fp_bit_828|fp_bit_829|fp_bit_831|fp_bit_833|fp_bit_835|fp_bit_838|fp_bit_841|fp_bit_843|fp_bit_844|fp_bit_846|fp_bit_849|fp_bit_851|fp_bit_857|fp_bit_869|fp_bit_875|fp_bit_878|fp_bit_881|fp_bit_888|fp_bit_890|fp_bit_895|fp_bit_896|fp_bit_898|fp_bit_899|fp_bit_906|fp_bit_910|fp_bit_911|fp_bit_913|fp_bit_918|fp_bit_926|fp_bit_932|fp_bit_935|fp_bit_937|fp_bit_940|fp_bit_941|fp_bit_953|fp_bit_955|fp_bit_960|fp_bit_962|fp_bit_970|fp_bit_976|fp_bit_978|fp_bit_981|fp_bit_984|fp_bit_989|fp_bit_1004|fp_bit_1009|fp_bit_1017|fp_bit_1019|fp_bit_1022|fp_bit_1027|fp_bit_1028|fp_bit_1033|fp_bit_1034|fp_bit_1035|fp_bit_1037|fp_bit_1039|fp_bit_1045|fp_bit_1047|fp_bit_1057|fp_bit_1060|fp_bit_1063|fp_bit_1064|fp_bit_1066|fp_bit_1070|fp_bit_1073|fp_bit_1077|fp_bit_1087|fp_bit_1088|fp_bit_1095|fp_bit_1097|fp_bit_1102|fp_bit_1104|fp_bit_1110|fp_bit_1114|fp_bit_1118|fp_bit_1126|fp_bit_1134|fp_bit_1136|fp_bit_1138|fp_bit_1139|fp_bit_1141|fp_bit_1143|fp_bit_1145|fp_bit_1148|fp_bit_1152|fp_bit_1154|fp_bit_1155|fp_bit_1160|fp_bit_1162|fp_bit_1163|fp_bit_1168|fp_bit_1171|fp_bit_1176|fp_bit_1181|fp_bit_1195|fp_bit_1199|fp_bit_1234|fp_bit_1236|fp_bit_1238|fp_bit_1243|fp_bit_1249|fp_bit_1256|fp_bit_1257|fp_bit_1267|fp_bit_1274|fp_bit_1279|fp_bit_1283|fp_bit_1287|fp_bit_1290|fp_bit_1292|fp_bit_1296|fp_bit_1302|fp_bit_1308|fp_bit_1309|fp_bit_1313|fp_bit_1323|fp_bit_1325|fp_bit_1343|fp_bit_1349|fp_bit_1353|fp_bit_1356|fp_bit_1357|fp_bit_1365|fp_bit_1366|fp_bit_1380|fp_bit_1381|fp_bit_1384|fp_bit_1385|fp_bit_1386|fp_bit_1387|fp_bit_1391|fp_bit_1399|fp_bit_1401|fp_bit_1403|fp_bit_1407|fp_bit_1410|fp_bit_1420|fp_bit_1428|fp_bit_1430|fp_bit_1431|fp_bit_1435|fp_bit_1436|fp_bit_1440|fp_bit_1444|fp_bit_1447|fp_bit_1452|fp_bit_1457|fp_bit_1458|fp_bit_1459|fp_bit_1469|fp_bit_1475|fp_bit_1476|fp_bit_1480|fp_bit_1482|fp_bit_1487|fp_bit_1496|fp_bit_1508|fp_bit_1516|fp_bit_1522|fp_bit_1532|fp_bit_1535|fp_bit_1536|fp_bit_1538|fp_bit_1543|fp_bit_1544|fp_bit_1547|fp_bit_1564|fp_bit_1572|fp_bit_1573|fp_bit_1581|fp_bit_1582|fp_bit_1586|fp_bit_1599|fp_bit_1600|fp_bit_1602|fp_bit_1604|fp_bit_1607|fp_bit_1613|fp_bit_1616|fp_bit_1618|fp_bit_1624|fp_bit_1645|fp_bit_1647|fp_bit_1669|fp_bit_1672|fp_bit_1683|fp_bit_1693|fp_bit_1696|fp_bit_1697|fp_bit_1718|fp_bit_1722|fp_bit_1724|fp_bit_1729|fp_bit_1737|fp_bit_1738|fp_bit_1745|fp_bit_1750|fp_bit_1753|fp_bit_1754|fp_bit_1755|fp_bit_1763|fp_bit_1764|fp_bit_1775|fp_bit_1778|fp_bit_1781|fp_bit_1796|fp_bit_1803|fp_bit_1805|fp_bit_1807|fp_bit_1808|fp_bit_1809|fp_bit_1810|fp_bit_1814|fp_bit_1816|fp_bit_1819|fp_bit_1823|fp_bit_1824|fp_bit_1827|fp_bit_1831|fp_bit_1838|fp_bit_1840|fp_bit_1844|fp_bit_1847|fp_bit_1849|fp_bit_1854|fp_bit_1855|fp_bit_1866|fp_bit_1873|fp_bit_1876|fp_bit_1878|fp_bit_1879|fp_bit_1898|fp_bit_1902|fp_bit_1905|fp_bit_1908|fp_bit_1911|fp_bit_1917|fp_bit_1921|fp_bit_1923|fp_bit_1937|fp_bit_1940|fp_bit_1948|fp_bit_1950|fp_bit_1951|fp_bit_1959|fp_bit_1963|fp_bit_1970|fp_bit_1977|fp_bit_1978|fp_bit_1984|fp_bit_1985|fp_bit_1989|fp_bit_1990|fp_bit_1991|fp_bit_2004|fp_bit_2006|fp_bit_2016|fp_bit_2020|fp_bit_2029|fp_bit_2033|fp_bit_2038|fp_bit_2041|fp_bit_2044
Random Forest,Morgan FP,413,0.9834,0.9804,0.9793,0.9945,0.9804,0.9798,0.9716,0.8799,0.8292,0.8471,0.9589,0.8292,0.8376,0.7927,RandomForestImportance,fp_bit_1|fp_bit_2|fp_bit_13|fp_bit_16|fp_bit_25|fp_bit_31|fp_bit_35|fp_bit_40|fp_bit_41|fp_bit_54|fp_bit_58|fp_bit_70|fp_bit_79|fp_bit_80|fp_bit_94|fp_bit_97|fp_bit_101|fp_bit_102|fp_bit_110|fp_bit_114|fp_bit_115|fp_bit_116|fp_bit_117|fp_bit_118|fp_bit_119|fp_bit_125|fp_bit_140|fp_bit_145|fp_bit_147|fp_bit_155|fp_bit_167|fp_bit_184|fp_bit_191|fp_bit_192|fp_bit_193|fp_bit_194|fp_bit_197|fp_bit_202|fp_bit_203|fp_bit_207|fp_bit_209|fp_bit_222|fp_bit_227|fp_bit_229|fp_bit_231|fp_bit_237|fp_bit_239|fp_bit_245|fp_bit_249|fp_bit_253|fp_bit_267|fp_bit_276|fp_bit_283|fp_bit_294|fp_bit_295|fp_bit_301|fp_bit_305|fp_bit_310|fp_bit_314|fp_bit_315|fp_bit_319|fp_bit_322|fp_bit_325|fp_bit_333|fp_bit_339|fp_bit_343|fp_bit_350|fp_bit_352|fp_bit_354|fp_bit_378|fp_bit_381|fp_bit_386|fp_bit_389|fp_bit_390|fp_bit_392|fp_bit_394|fp_bit_401|fp_bit_418|fp_bit_432|fp_bit_441|fp_bit_446|fp_bit_448|fp_bit_456|fp_bit_457|fp_bit_469|fp_bit_471|fp_bit_473|fp_bit_478|fp_bit_479|fp_bit_482|fp_bit_486|fp_bit_489|fp_bit_501|fp_bit_508|fp_bit_519|fp_bit_521|fp_bit_523|fp_bit_524|fp_bit_526|fp_bit_550|fp_bit_561|fp_bit_573|fp_bit_576|fp_bit_577|fp_bit_589|fp_bit_591|fp_bit_598|fp_bit_606|fp_bit_610|fp_bit_614|fp_bit_636|fp_bit_650|fp_bit_656|fp_bit_657|fp_bit_667|fp_bit_674|fp_bit_675|fp_bit_677|fp_bit_679|fp_bit_680|fp_bit_694|fp_bit_695|fp_bit_696|fp_bit_706|fp_bit_713|fp_bit_715|fp_bit_718|fp_bit_722|fp_bit_724|fp_bit_725|fp_bit_726|fp_bit_728|fp_bit_736|fp_bit_739|fp_bit_745|fp_bit_750|fp_bit_753|fp_bit_759|fp_bit_768|fp_bit_775|fp_bit_781|fp_bit_786|fp_bit_787|fp_bit_790|fp_bit_794|fp_bit_798|fp_bit_802|fp_bit_806|fp_bit_807|fp_bit_823|fp_bit_828|fp_bit_829|fp_bit_831|fp_bit_833|fp_bit_835|fp_bit_838|fp_bit_841|fp_bit_843|fp_bit_844|fp_bit_846|fp_bit_849|fp_bit_851|fp_bit_857|fp_bit_869|fp_bit_875|fp_bit_878|fp_bit_881|fp_bit_888|fp_bit_890|fp_bit_895|fp_bit_896|fp_bit_898|fp_bit_899|fp_bit_906|fp_bit_910|fp_bit_911|fp_bit_913|fp_bit_918|fp_bit_926|fp_bit_932|fp_bit_935|fp_bit_937|fp_bit_940|fp_bit_941|fp_bit_953|fp_bit_955|fp_bit_960|fp_bit_962|fp_bit_970|fp_bit_976|fp_bit_978|fp_bit_981|fp_bit_984|fp_bit_989|fp_bit_1004|fp_bit_1009|fp_bit_1017|fp_bit_1019|fp_bit_1022|fp_bit_1027|fp_bit_1028|fp_bit_1033|fp_bit_1034|fp_bit_1035|fp_bit_1037|fp_bit_1039|fp_bit_1045|fp_bit_1047|fp_bit_1057|fp_bit_1060|fp_bit_1063|fp_bit_1064|fp_bit_1066|fp_bit_1070|fp_bit_1073|fp_bit_1077|fp_bit_1087|fp_bit_1088|fp_bit_1095|fp_bit_1097|fp_bit_1102|fp_bit_1104|fp_bit_1110|fp_bit_1114|fp_bit_1118|fp_bit_1126|fp_bit_1134|fp_bit_1136|fp_bit_1138|fp_bit_1139|fp_bit_1141|fp_bit_1143|fp_bit_1145|fp_bit_1148|fp_bit_1152|fp_bit_1154|fp_bit_1155|fp_bit_1160|fp_bit_1162|fp_bit_1163|fp_bit_1168|fp_bit_1171|fp_bit_1176|fp_bit_1181|fp_bit_1195|fp_bit_1199|fp_bit_1234|fp_bit_1236|fp_bit_1238|fp_bit_1243|fp_bit_1249|fp_bit_1256|fp_bit_1257|fp_bit_1267|fp_bit_1274|fp_bit_1279|fp_bit_1283|fp_bit_1287|fp_bit_1290|fp_bit_1292|fp_bit_1296|fp_bit_1302|fp_bit_1308|fp_bit_1309|fp_bit_1313|fp_bit_1323|fp_bit_1325|fp_bit_1343|fp_bit_1349|fp_bit_1353|fp_bit_1356|fp_bit_1357|fp_bit_1365|fp_bit_1366|fp_bit_1380|fp_bit_1381|fp_bit_1384|fp_bit_1385|fp_bit_1386|fp_bit_1387|fp_bit_1391|fp_bit_1399|fp_bit_1401|fp_bit_1403|fp_bit_1407|fp_bit_1410|fp_bit_1420|fp_bit_1428|fp_bit_1430|fp_bit_1431|fp_bit_1435|fp_bit_1436|fp_bit_1440|fp_bit_1444|fp_bit_1447|fp_bit_1452|fp_bit_1457|fp_bit_1458|fp_bit_1459|fp_bit_1469|fp_bit_1475|fp_bit_1476|fp_bit_1480|fp_bit_1482|fp_bit_1487|fp_bit_1496|fp_bit_1508|fp_bit_1516|fp_bit_1522|fp_bit_1532|fp_bit_1535|fp_bit_1536|fp_bit_1538|fp_bit_1543|fp_bit_1544|fp_bit_1547|fp_bit_1564|fp_bit_1572|fp_bit_1573|fp_bit_1581|fp_bit_1582|fp_bit_1586|fp_bit_1599|fp_bit_1600|fp_bit_1602|fp_bit_1604|fp_bit_1607|fp_bit_1613|fp_bit_1616|fp_bit_1618|fp_bit_1624|fp_bit_1645|fp_bit_1647|fp_bit_1669|fp_bit_1672|fp_bit_1683|fp_bit_1693|fp_bit_1696|fp_bit_1697|fp_bit_1718|fp_bit_1722|fp_bit_1724|fp_bit_1729|fp_bit_1737|fp_bit_1738|fp_bit_1745|fp_bit_1750|fp_bit_1753|fp_bit_1754|fp_bit_1755|fp_bit_1763|fp_bit_1764|fp_bit_1775|fp_bit_1778|fp_bit_1781|fp_bit_1796|fp_bit_1803|fp_bit_1805|fp_bit_1807|fp_bit_1808|fp_bit_1809|fp_bit_1810|fp_bit_1814|fp_bit_1816|fp_bit_1819|fp_bit_1823|fp_bit_1824|fp_bit_1827|fp_bit_1831|fp_bit_1838|fp_bit_1840|fp_bit_1844|fp_bit_1847|fp_bit_1849|fp_bit_1854|fp_bit_1855|fp_bit_1866|fp_bit_1873|fp_bit_1876|fp_bit_1878|fp_bit_1879|fp_bit_1898|fp_bit_1902|fp_bit_1905|fp_bit_1908|fp_bit_1911|fp_bit_1917|fp_bit_1921|fp_bit_1923|fp_bit_1937|fp_bit_1940|fp_bit_1948|fp_bit_1950|fp_bit_1951|fp_bit_1959|fp_bit_1963|fp_bit_1970|fp_bit_1977|fp_bit_1978|fp_bit_1984|fp_bit_1985|fp_bit_1989|fp_bit_1990|fp_bit_1991|fp_bit_2004|fp_bit_2006|fp_bit_2016|fp_bit_2020|fp_bit_2029|fp_bit_2033|fp_bit_2038|fp_bit_2041|fp_bit_2044
Extra Trees,Morgan FP,413,0.9834,0.9729,0.9863,0.9932,0.9729,0.9794,0.9715,0.8799,0.8354,0.8462,0.9592,0.8354,0.8404,0.7932,RandomForestImportance,fp_bit_1|fp_bit_2|fp_bit_13|fp_bit_16|fp_bit_25|fp_bit_31|fp_bit_35|fp_bit_40|fp_bit_41|fp_bit_54|fp_bit_58|fp_bit_70|fp_bit_79|fp_bit_80|fp_bit_94|fp_bit_97|fp_bit_101|fp_bit_102|fp_bit_110|fp_bit_114|fp_bit_115|fp_bit_116|fp_bit_117|fp_bit_118|fp_bit_119|fp_bit_125|fp_bit_140|fp_bit_145|fp_bit_147|fp_bit_155|fp_bit_167|fp_bit_184|fp_bit_191|fp_bit_192|fp_bit_193|fp_bit_194|fp_bit_197|fp_bit_202|fp_bit_203|fp_bit_207|fp_bit_209|fp_bit_222|fp_bit_227|fp_bit_229|fp_bit_231|fp_bit_237|fp_bit_239|fp_bit_245|fp_bit_249|fp_bit_253|fp_bit_267|fp_bit_276|fp_bit_283|fp_bit_294|fp_bit_295|fp_bit_301|fp_bit_305|fp_bit_310|fp_bit_314|fp_bit_315|fp_bit_319|fp_bit_322|fp_bit_325|fp_bit_333|fp_bit_339|fp_bit_343|fp_bit_350|fp_bit_352|fp_bit_354|fp_bit_378|fp_bit_381|fp_bit_386|fp_bit_389|fp_bit_390|fp_bit_392|fp_bit_394|fp_bit_401|fp_bit_418|fp_bit_432|fp_bit_441|fp_bit_446|fp_bit_448|fp_bit_456|fp_bit_457|fp_bit_469|fp_bit_471|fp_bit_473|fp_bit_478|fp_bit_479|fp_bit_482|fp_bit_486|fp_bit_489|fp_bit_501|fp_bit_508|fp_bit_519|fp_bit_521|fp_bit_523|fp_bit_524|fp_bit_526|fp_bit_550|fp_bit_561|fp_bit_573|fp_bit_576|fp_bit_577|fp_bit_589|fp_bit_591|fp_bit_598|fp_bit_606|fp_bit_610|fp_bit_614|fp_bit_636|fp_bit_650|fp_bit_656|fp_bit_657|fp_bit_667|fp_bit_674|fp_bit_675|fp_bit_677|fp_bit_679|fp_bit_680|fp_bit_694|fp_bit_695|fp_bit_696|fp_bit_706|fp_bit_713|fp_bit_715|fp_bit_718|fp_bit_722|fp_bit_724|fp_bit_725|fp_bit_726|fp_bit_728|fp_bit_736|fp_bit_739|fp_bit_745|fp_bit_750|fp_bit_753|fp_bit_759|fp_bit_768|fp_bit_775|fp_bit_781|fp_bit_786|fp_bit_787|fp_bit_790|fp_bit_794|fp_bit_798|fp_bit_802|fp_bit_806|fp_bit_807|fp_bit_823|fp_bit_828|fp_bit_829|fp_bit_831|fp_bit_833|fp_bit_835|fp_bit_838|fp_bit_841|fp_bit_843|fp_bit_844|fp_bit_846|fp_bit_849|fp_bit_851|fp_bit_857|fp_bit_869|fp_bit_875|fp_bit_878|fp_bit_881|fp_bit_888|fp_bit_890|fp_bit_895|fp_bit_896|fp_bit_898|fp_bit_899|fp_bit_906|fp_bit_910|fp_bit_911|fp_bit_913|fp_bit_918|fp_bit_926|fp_bit_932|fp_bit_935|fp_bit_937|fp_bit_940|fp_bit_941|fp_bit_953|fp_bit_955|fp_bit_960|fp_bit_962|fp_bit_970|fp_bit_976|fp_bit_978|fp_bit_981|fp_bit_984|fp_bit_989|fp_bit_1004|fp_bit_1009|fp_bit_1017|fp_bit_1019|fp_bit_1022|fp_bit_1027|fp_bit_1028|fp_bit_1033|fp_bit_1034|fp_bit_1035|fp_bit_1037|fp_bit_1039|fp_bit_1045|fp_bit_1047|fp_bit_1057|fp_bit_1060|fp_bit_1063|fp_bit_1064|fp_bit_1066|fp_bit_1070|fp_bit_1073|fp_bit_1077|fp_bit_1087|fp_bit_1088|fp_bit_1095|fp_bit_1097|fp_bit_1102|fp_bit_1104|fp_bit_1110|fp_bit_1114|fp_bit_1118|fp_bit_1126|fp_bit_1134|fp_bit_1136|fp_bit_1138|fp_bit_1139|fp_bit_1141|fp_bit_1143|fp_bit_1145|fp_bit_1148|fp_bit_1152|fp_bit_1154|fp_bit_1155|fp_bit_1160|fp_bit_1162|fp_bit_1163|fp_bit_1168|fp_bit_1171|fp_bit_1176|fp_bit_1181|fp_bit_1195|fp_bit_1199|fp_bit_1234|fp_bit_1236|fp_bit_1238|fp_bit_1243|fp_bit_1249|fp_bit_1256|fp_bit_1257|fp_bit_1267|fp_bit_1274|fp_bit_1279|fp_bit_1283|fp_bit_1287|fp_bit_1290|fp_bit_1292|fp_bit_1296|fp_bit_1302|fp_bit_1308|fp_bit_1309|fp_bit_1313|fp_bit_1323|fp_bit_1325|fp_bit_1343|fp_bit_1349|fp_bit_1353|fp_bit_1356|fp_bit_1357|fp_bit_1365|fp_bit_1366|fp_bit_1380|fp_bit_1381|fp_bit_1384|fp_bit_1385|fp_bit_1386|fp_bit_1387|fp_bit_1391|fp_bit_1399|fp_bit_1401|fp_bit_1403|fp_bit_1407|fp_bit_1410|fp_bit_1420|fp_bit_1428|fp_bit_1430|fp_bit_1431|fp_bit_1435|fp_bit_1436|fp_bit_1440|fp_bit_1444|fp_bit_1447|fp_bit_1452|fp_bit_1457|fp_bit_1458|fp_bit_1459|fp_bit_1469|fp_bit_1475|fp_bit_1476|fp_bit_1480|fp_bit_1482|fp_bit_1487|fp_bit_1496|fp_bit_1508|fp_bit_1516|fp_bit_1522|fp_bit_1532|fp_bit_1535|fp_bit_1536|fp_bit_1538|fp_bit_1543|fp_bit_1544|fp_bit_1547|fp_bit_1564|fp_bit_1572|fp_bit_1573|fp_bit_1581|fp_bit_1582|fp_bit_1586|fp_bit_1599|fp_bit_1600|fp_bit_1602|fp_bit_1604|fp_bit_1607|fp_bit_1613|fp_bit_1616|fp_bit_1618|fp_bit_1624|fp_bit_1645|fp_bit_1647|fp_bit_1669|fp_bit_1672|fp_bit_1683|fp_bit_1693|fp_bit_1696|fp_bit_1697|fp_bit_1718|fp_bit_1722|fp_bit_1724|fp_bit_1729|fp_bit_1737|fp_bit_1738|fp_bit_1745|fp_bit_1750|fp_bit_1753|fp_bit_1754|fp_bit_1755|fp_bit_1763|fp_bit_1764|fp_bit_1775|fp_bit_1778|fp_bit_1781|fp_bit_1796|fp_bit_1803|fp_bit_1805|fp_bit_1807|fp_bit_1808|fp_bit_1809|fp_bit_1810|fp_bit_1814|fp_bit_1816|fp_bit_1819|fp_bit_1823|fp_bit_1824|fp_bit_1827|fp_bit_1831|fp_bit_1838|fp_bit_1840|fp_bit_1844|fp_bit_1847|fp_bit_1849|fp_bit_1854|fp_bit_1855|fp_bit_1866|fp_bit_1873|fp_bit_1876|fp_bit_1878|fp_bit_1879|fp_bit_1898|fp_bit_1902|fp_bit_1905|fp_bit_1908|fp_bit_1911|fp_bit_1917|fp_bit_1921|fp_bit_1923|fp_bit_1937|fp_bit_1940|fp_bit_1948|fp_bit_1950|fp_bit_1951|fp_bit_1959|fp_bit_1963|fp_bit_1970|fp_bit_1977|fp_bit_1978|fp_bit_1984|fp_bit_1985|fp_bit_1989|fp_bit_1990|fp_bit_1991|fp_bit_2004|fp_bit_2006|fp_bit_2016|fp_bit_2020|fp_bit_2029|fp_bit_2033|fp_bit_2038|fp_bit_2041|fp_bit_2044
Gradient Boosting,Morgan FP,413,0.9425,0.9312,0.9337,0.9797,0.9312,0.9322,0.9013,0.8656,0.808,0.8317,0.9526,0.808,0.8187,0.7666,RandomForestImportance,fp_bit_1|fp_bit_2|fp_bit_13|fp_bit_16|fp_bit_25|fp_bit_31|fp_bit_35|fp_bit_40|fp_bit_41|fp_bit_54|fp_bit_58|fp_bit_70|fp_bit_79|fp_bit_80|fp_bit_94|fp_bit_97|fp_bit_101|fp_bit_102|fp_bit_110|fp_bit_114|fp_bit_115|fp_bit_116|fp_bit_117|fp_bit_118|fp_bit_119|fp_bit_125|fp_bit_140|fp_bit_145|fp_bit_147|fp_bit_155|fp_bit_167|fp_bit_184|fp_bit_191|fp_bit_192|fp_bit_193|fp_bit_194|fp_bit_197|fp_bit_202|fp_bit_203|fp_bit_207|fp_bit_209|fp_bit_222|fp_bit_227|fp_bit_229|fp_bit_231|fp_bit_237|fp_bit_239|fp_bit_245|fp_bit_249|fp_bit_253|fp_bit_267|fp_bit_276|fp_bit_283|fp_bit_294|fp_bit_295|fp_bit_301|fp_bit_305|fp_bit_310|fp_bit_314|fp_bit_315|fp_bit_319|fp_bit_322|fp_bit_325|fp_bit_333|fp_bit_339|fp_bit_343|fp_bit_350|fp_bit_352|fp_bit_354|fp_bit_378|fp_bit_381|fp_bit_386|fp_bit_389|fp_bit_390|fp_bit_392|fp_bit_394|fp_bit_401|fp_bit_418|fp_bit_432|fp_bit_441|fp_bit_446|fp_bit_448|fp_bit_456|fp_bit_457|fp_bit_469|fp_bit_471|fp_bit_473|fp_bit_478|fp_bit_479|fp_bit_482|fp_bit_486|fp_bit_489|fp_bit_501|fp_bit_508|fp_bit_519|fp_bit_521|fp_bit_523|fp_bit_524|fp_bit_526|fp_bit_550|fp_bit_561|fp_bit_573|fp_bit_576|fp_bit_577|fp_bit_589|fp_bit_591|fp_bit_598|fp_bit_606|fp_bit_610|fp_bit_614|fp_bit_636|fp_bit_650|fp_bit_656|fp_bit_657|fp_bit_667|fp_bit_674|fp_bit_675|fp_bit_677|fp_bit_679|fp_bit_680|fp_bit_694|fp_bit_695|fp_bit_696|fp_bit_706|fp_bit_713|fp_bit_715|fp_bit_718|fp_bit_722|fp_bit_724|fp_bit_725|fp_bit_726|fp_bit_728|fp_bit_736|fp_bit_739|fp_bit_745|fp_bit_750|fp_bit_753|fp_bit_759|fp_bit_768|fp_bit_775|fp_bit_781|fp_bit_786|fp_bit_787|fp_bit_790|fp_bit_794|fp_bit_798|fp_bit_802|fp_bit_806|fp_bit_807|fp_bit_823|fp_bit_828|fp_bit_829|fp_bit_831|fp_bit_833|fp_bit_835|fp_bit_838|fp_bit_841|fp_bit_843|fp_bit_844|fp_bit_846|fp_bit_849|fp_bit_851|fp_bit_857|fp_bit_869|fp_bit_875|fp_bit_878|fp_bit_881|fp_bit_888|fp_bit_890|fp_bit_895|fp_bit_896|fp_bit_898|fp_bit_899|fp_bit_906|fp_bit_910|fp_bit_911|fp_bit_913|fp_bit_918|fp_bit_926|fp_bit_932|fp_bit_935|fp_bit_937|fp_bit_940|fp_bit_941|fp_bit_953|fp_bit_955|fp_bit_960|fp_bit_962|fp_bit_970|fp_bit_976|fp_bit_978|fp_bit_981|fp_bit_984|fp_bit_989|fp_bit_1004|fp_bit_1009|fp_bit_1017|fp_bit_1019|fp_bit_1022|fp_bit_1027|fp_bit_1028|fp_bit_1033|fp_bit_1034|fp_bit_1035|fp_bit_1037|fp_bit_1039|fp_bit_1045|fp_bit_1047|fp_bit_1057|fp_bit_1060|fp_bit_1063|fp_bit_1064|fp_bit_1066|fp_bit_1070|fp_bit_1073|fp_bit_1077|fp_bit_1087|fp_bit_1088|fp_bit_1095|fp_bit_1097|fp_bit_1102|fp_bit_1104|fp_bit_1110|fp_bit_1114|fp_bit_1118|fp_bit_1126|fp_bit_1134|fp_bit_1136|fp_bit_1138|fp_bit_1139|fp_bit_1141|fp_bit_1143|fp_bit_1145|fp_bit_1148|fp_bit_1152|fp_bit_1154|fp_bit_1155|fp_bit_1160|fp_bit_1162|fp_bit_1163|fp_bit_1168|fp_bit_1171|fp_bit_1176|fp_bit_1181|fp_bit_1195|fp_bit_1199|fp_bit_1234|fp_bit_1236|fp_bit_1238|fp_bit_1243|fp_bit_1249|fp_bit_1256|fp_bit_1257|fp_bit_1267|fp_bit_1274|fp_bit_1279|fp_bit_1283|fp_bit_1287|fp_bit_1290|fp_bit_1292|fp_bit_1296|fp_bit_1302|fp_bit_1308|fp_bit_1309|fp_bit_1313|fp_bit_1323|fp_bit_1325|fp_bit_1343|fp_bit_1349|fp_bit_1353|fp_bit_1356|fp_bit_1357|fp_bit_1365|fp_bit_1366|fp_bit_1380|fp_bit_1381|fp_bit_1384|fp_bit_1385|fp_bit_1386|fp_bit_1387|fp_bit_1391|fp_bit_1399|fp_bit_1401|fp_bit_1403|fp_bit_1407|fp_bit_1410|fp_bit_1420|fp_bit_1428|fp_bit_1430|fp_bit_1431|fp_bit_1435|fp_bit_1436|fp_bit_1440|fp_bit_1444|fp_bit_1447|fp_bit_1452|fp_bit_1457|fp_bit_1458|fp_bit_1459|fp_bit_1469|fp_bit_1475|fp_bit_1476|fp_bit_1480|fp_bit_1482|fp_bit_1487|fp_bit_1496|fp_bit_1508|fp_bit_1516|fp_bit_1522|fp_bit_1532|fp_bit_1535|fp_bit_1536|fp_bit_1538|fp_bit_1543|fp_bit_1544|fp_bit_1547|fp_bit_1564|fp_bit_1572|fp_bit_1573|fp_bit_1581|fp_bit_1582|fp_bit_1586|fp_bit_1599|fp_bit_1600|fp_bit_1602|fp_bit_1604|fp_bit_1607|fp_bit_1613|fp_bit_1616|fp_bit_1618|fp_bit_1624|fp_bit_1645|fp_bit_1647|fp_bit_1669|fp_bit_1672|fp_bit_1683|fp_bit_1693|fp_bit_1696|fp_bit_1697|fp_bit_1718|fp_bit_1722|fp_bit_1724|fp_bit_1729|fp_bit_1737|fp_bit_1738|fp_bit_1745|fp_bit_1750|fp_bit_1753|fp_bit_1754|fp_bit_1755|fp_bit_1763|fp_bit_1764|fp_bit_1775|fp_bit_1778|fp_bit_1781|fp_bit_1796|fp_bit_1803|fp_bit_1805|fp_bit_1807|fp_bit_1808|fp_bit_1809|fp_bit_1810|fp_bit_1814|fp_bit_1816|fp_bit_1819|fp_bit_1823|fp_bit_1824|fp_bit_1827|fp_bit_1831|fp_bit_1838|fp_bit_1840|fp_bit_1844|fp_bit_1847|fp_bit_1849|fp_bit_1854|fp_bit_1855|fp_bit_1866|fp_bit_1873|fp_bit_1876|fp_bit_1878|fp_bit_1879|fp_bit_1898|fp_bit_1902|fp_bit_1905|fp_bit_1908|fp_bit_1911|fp_bit_1917|fp_bit_1921|fp_bit_1923|fp_bit_1937|fp_bit_1940|fp_bit_1948|fp_bit_1950|fp_bit_1951|fp_bit_1959|fp_bit_1963|fp_bit_1970|fp_bit_1977|fp_bit_1978|fp_bit_1984|fp_bit_1985|fp_bit_1989|fp_bit_1990|fp_bit_1991|fp_bit_2004|fp_bit_2006|fp_bit_2016|fp_bit_2020|fp_bit_2029|fp_bit_2033|fp_bit_2038|fp_bit_2041|fp_bit_2044
AdaBoost,Morgan FP,413,0.6164,0.2229,0.2004,0.8148,0.2229,0.1929,0.1415,0.616,0.2215,0.1986,0.8143,0.2215,0.1908,0.1383,RandomForestImportance,fp_bit_1|fp_bit_2|fp_bit_13|fp_bit_16|fp_bit_25|fp_bit_31|fp_bit_35|fp_bit_40|fp_bit_41|fp_bit_54|fp_bit_58|fp_bit_70|fp_bit_79|fp_bit_80|fp_bit_94|fp_bit_97|fp_bit_101|fp_bit_102|fp_bit_110|fp_bit_114|fp_bit_115|fp_bit_116|fp_bit_117|fp_bit_118|fp_bit_119|fp_bit_125|fp_bit_140|fp_bit_145|fp_bit_147|fp_bit_155|fp_bit_167|fp_bit_184|fp_bit_191|fp_bit_192|fp_bit_193|fp_bit_194|fp_bit_197|fp_bit_202|fp_bit_203|fp_bit_207|fp_bit_209|fp_bit_222|fp_bit_227|fp_bit_229|fp_bit_231|fp_bit_237|fp_bit_239|fp_bit_245|fp_bit_249|fp_bit_253|fp_bit_267|fp_bit_276|fp_bit_283|fp_bit_294|fp_bit_295|fp_bit_301|fp_bit_305|fp_bit_310|fp_bit_314|fp_bit_315|fp_bit_319|fp_bit_322|fp_bit_325|fp_bit_333|fp_bit_339|fp_bit_343|fp_bit_350|fp_bit_352|fp_bit_354|fp_bit_378|fp_bit_381|fp_bit_386|fp_bit_389|fp_bit_390|fp_bit_392|fp_bit_394|fp_bit_401|fp_bit_418|fp_bit_432|fp_bit_441|fp_bit_446|fp_bit_448|fp_bit_456|fp_bit_457|fp_bit_469|fp_bit_471|fp_bit_473|fp_bit_478|fp_bit_479|fp_bit_482|fp_bit_486|fp_bit_489|fp_bit_501|fp_bit_508|fp_bit_519|fp_bit_521|fp_bit_523|fp_bit_524|fp_bit_526|fp_bit_550|fp_bit_561|fp_bit_573|fp_bit_576|fp_bit_577|fp_bit_589|fp_bit_591|fp_bit_598|fp_bit_606|fp_bit_610|fp_bit_614|fp_bit_636|fp_bit_650|fp_bit_656|fp_bit_657|fp_bit_667|fp_bit_674|fp_bit_675|fp_bit_677|fp_bit_679|fp_bit_680|fp_bit_694|fp_bit_695|fp_bit_696|fp_bit_706|fp_bit_713|fp_bit_715|fp_bit_718|fp_bit_722|fp_bit_724|fp_bit_725|fp_bit_726|fp_bit_728|fp_bit_736|fp_bit_739|fp_bit_745|fp_bit_750|fp_bit_753|fp_bit_759|fp_bit_768|fp_bit_775|fp_bit_781|fp_bit_786|fp_bit_787|fp_bit_790|fp_bit_794|fp_bit_798|fp_bit_802|fp_bit_806|fp_bit_807|fp_bit_823|fp_bit_828|fp_bit_829|fp_bit_831|fp_bit_833|fp_bit_835|fp_bit_838|fp_bit_841|fp_bit_843|fp_bit_844|fp_bit_846|fp_bit_849|fp_bit_851|fp_bit_857|fp_bit_869|fp_bit_875|fp_bit_878|fp_bit_881|fp_bit_888|fp_bit_890|fp_bit_895|fp_bit_896|fp_bit_898|fp_bit_899|fp_bit_906|fp_bit_910|fp_bit_911|fp_bit_913|fp_bit_918|fp_bit_926|fp_bit_932|fp_bit_935|fp_bit_937|fp_bit_940|fp_bit_941|fp_bit_953|fp_bit_955|fp_bit_960|fp_bit_962|fp_bit_970|fp_bit_976|fp_bit_978|fp_bit_981|fp_bit_984|fp_bit_989|fp_bit_1004|fp_bit_1009|fp_bit_1017|fp_bit_1019|fp_bit_1022|fp_bit_1027|fp_bit_1028|fp_bit_1033|fp_bit_1034|fp_bit_1035|fp_bit_1037|fp_bit_1039|fp_bit_1045|fp_bit_1047|fp_bit_1057|fp_bit_1060|fp_bit_1063|fp_bit_1064|fp_bit_1066|fp_bit_1070|fp_bit_1073|fp_bit_1077|fp_bit_1087|fp_bit_1088|fp_bit_1095|fp_bit_1097|fp_bit_1102|fp_bit_1104|fp_bit_1110|fp_bit_1114|fp_bit_1118|fp_bit_1126|fp_bit_1134|fp_bit_1136|fp_bit_1138|fp_bit_1139|fp_bit_1141|fp_bit_1143|fp_bit_1145|fp_bit_1148|fp_bit_1152|fp_bit_1154|fp_bit_1155|fp_bit_1160|fp_bit_1162|fp_bit_1163|fp_bit_1168|fp_bit_1171|fp_bit_1176|fp_bit_1181|fp_bit_1195|fp_bit_1199|fp_bit_1234|fp_bit_1236|fp_bit_1238|fp_bit_1243|fp_bit_1249|fp_bit_1256|fp_bit_1257|fp_bit_1267|fp_bit_1274|fp_bit_1279|fp_bit_1283|fp_bit_1287|fp_bit_1290|fp_bit_1292|fp_bit_1296|fp_bit_1302|fp_bit_1308|fp_bit_1309|fp_bit_1313|fp_bit_1323|fp_bit_1325|fp_bit_1343|fp_bit_1349|fp_bit_1353|fp_bit_1356|fp_bit_1357|fp_bit_1365|fp_bit_1366|fp_bit_1380|fp_bit_1381|fp_bit_1384|fp_bit_1385|fp_bit_1386|fp_bit_1387|fp_bit_1391|fp_bit_1399|fp_bit_1401|fp_bit_1403|fp_bit_1407|fp_bit_1410|fp_bit_1420|fp_bit_1428|fp_bit_1430|fp_bit_1431|fp_bit_1435|fp_bit_1436|fp_bit_1440|fp_bit_1444|fp_bit_1447|fp_bit_1452|fp_bit_1457|fp_bit_1458|fp_bit_1459|fp_bit_1469|fp_bit_1475|fp_bit_1476|fp_bit_1480|fp_bit_1482|fp_bit_1487|fp_bit_1496|fp_bit_1508|fp_bit_1516|fp_bit_1522|fp_bit_1532|fp_bit_1535|fp_bit_1536|fp_bit_1538|fp_bit_1543|fp_bit_1544|fp_bit_1547|fp_bit_1564|fp_bit_1572|fp_bit_1573|fp_bit_1581|fp_bit_1582|fp_bit_1586|fp_bit_1599|fp_bit_1600|fp_bit_1602|fp_bit_1604|fp_bit_1607|fp_bit_1613|fp_bit_1616|fp_bit_1618|fp_bit_1624|fp_bit_1645|fp_bit_1647|fp_bit_1669|fp_bit_1672|fp_bit_1683|fp_bit_1693|fp_bit_1696|fp_bit_1697|fp_bit_1718|fp_bit_1722|fp_bit_1724|fp_bit_1729|fp_bit_1737|fp_bit_1738|fp_bit_1745|fp_bit_1750|fp_bit_1753|fp_bit_1754|fp_bit_1755|fp_bit_1763|fp_bit_1764|fp_bit_1775|fp_bit_1778|fp_bit_1781|fp_bit_1796|fp_bit_1803|fp_bit_1805|fp_bit_1807|fp_bit_1808|fp_bit_1809|fp_bit_1810|fp_bit_1814|fp_bit_1816|fp_bit_1819|fp_bit_1823|fp_bit_1824|fp_bit_1827|fp_bit_1831|fp_bit_1838|fp_bit_1840|fp_bit_1844|fp_bit_1847|fp_bit_1849|fp_bit_1854|fp_bit_1855|fp_bit_1866|fp_bit_1873|fp_bit_1876|fp_bit_1878|fp_bit_1879|fp_bit_1898|fp_bit_1902|fp_bit_1905|fp_bit_1908|fp_bit_1911|fp_bit_1917|fp_bit_1921|fp_bit_1923|fp_bit_1937|fp_bit_1940|fp_bit_1948|fp_bit_1950|fp_bit_1951|fp_bit_1959|fp_bit_1963|fp_bit_1970|fp_bit_1977|fp_bit_1978|fp_bit_1984|fp_bit_1985|fp_bit_1989|fp_bit_1990|fp_bit_1991|fp_bit_2004|fp_bit_2006|fp_bit_2016|fp_bit_2020|fp_bit_2029|fp_bit_2033|fp_bit_2038|fp_bit_2041|fp_bit_2044
XGBoost,Morgan FP,413,0.9374,0.9267,0.9236,0.9787,0.9267,0.9247,0.893,0.8735,0.8323,0.8406,0.9571,0.8323,0.8355,0.7824,RandomForestImportance,fp_bit_1|fp_bit_2|fp_bit_13|fp_bit_16|fp_bit_25|fp_bit_31|fp_bit_35|fp_bit_40|fp_bit_41|fp_bit_54|fp_bit_58|fp_bit_70|fp_bit_79|fp_bit_80|fp_bit_94|fp_bit_97|fp_bit_101|fp_bit_102|fp_bit_110|fp_bit_114|fp_bit_115|fp_bit_116|fp_bit_117|fp_bit_118|fp_bit_119|fp_bit_125|fp_bit_140|fp_bit_145|fp_bit_147|fp_bit_155|fp_bit_167|fp_bit_184|fp_bit_191|fp_bit_192|fp_bit_193|fp_bit_194|fp_bit_197|fp_bit_202|fp_bit_203|fp_bit_207|fp_bit_209|fp_bit_222|fp_bit_227|fp_bit_229|fp_bit_231|fp_bit_237|fp_bit_239|fp_bit_245|fp_bit_249|fp_bit_253|fp_bit_267|fp_bit_276|fp_bit_283|fp_bit_294|fp_bit_295|fp_bit_301|fp_bit_305|fp_bit_310|fp_bit_314|fp_bit_315|fp_bit_319|fp_bit_322|fp_bit_325|fp_bit_333|fp_bit_339|fp_bit_343|fp_bit_350|fp_bit_352|fp_bit_354|fp_bit_378|fp_bit_381|fp_bit_386|fp_bit_389|fp_bit_390|fp_bit_392|fp_bit_394|fp_bit_401|fp_bit_418|fp_bit_432|fp_bit_441|fp_bit_446|fp_bit_448|fp_bit_456|fp_bit_457|fp_bit_469|fp_bit_471|fp_bit_473|fp_bit_478|fp_bit_479|fp_bit_482|fp_bit_486|fp_bit_489|fp_bit_501|fp_bit_508|fp_bit_519|fp_bit_521|fp_bit_523|fp_bit_524|fp_bit_526|fp_bit_550|fp_bit_561|fp_bit_573|fp_bit_576|fp_bit_577|fp_bit_589|fp_bit_591|fp_bit_598|fp_bit_606|fp_bit_610|fp_bit_614|fp_bit_636|fp_bit_650|fp_bit_656|fp_bit_657|fp_bit_667|fp_bit_674|fp_bit_675|fp_bit_677|fp_bit_679|fp_bit_680|fp_bit_694|fp_bit_695|fp_bit_696|fp_bit_706|fp_bit_713|fp_bit_715|fp_bit_718|fp_bit_722|fp_bit_724|fp_bit_725|fp_bit_726|fp_bit_728|fp_bit_736|fp_bit_739|fp_bit_745|fp_bit_750|fp_bit_753|fp_bit_759|fp_bit_768|fp_bit_775|fp_bit_781|fp_bit_786|fp_bit_787|fp_bit_790|fp_bit_794|fp_bit_798|fp_bit_802|fp_bit_806|fp_bit_807|fp_bit_823|fp_bit_828|fp_bit_829|fp_bit_831|fp_bit_833|fp_bit_835|fp_bit_838|fp_bit_841|fp_bit_843|fp_bit_844|fp_bit_846|fp_bit_849|fp_bit_851|fp_bit_857|fp_bit_869|fp_bit_875|fp_bit_878|fp_bit_881|fp_bit_888|fp_bit_890|fp_bit_895|fp_bit_896|fp_bit_898|fp_bit_899|fp_bit_906|fp_bit_910|fp_bit_911|fp_bit_913|fp_bit_918|fp_bit_926|fp_bit_932|fp_bit_935|fp_bit_937|fp_bit_940|fp_bit_941|fp_bit_953|fp_bit_955|fp_bit_960|fp_bit_962|fp_bit_970|fp_bit_976|fp_bit_978|fp_bit_981|fp_bit_984|fp_bit_989|fp_bit_1004|fp_bit_1009|fp_bit_1017|fp_bit_1019|fp_bit_1022|fp_bit_1027|fp_bit_1028|fp_bit_1033|fp_bit_1034|fp_bit_1035|fp_bit_1037|fp_bit_1039|fp_bit_1045|fp_bit_1047|fp_bit_1057|fp_bit_1060|fp_bit_1063|fp_bit_1064|fp_bit_1066|fp_bit_1070|fp_bit_1073|fp_bit_1077|fp_bit_1087|fp_bit_1088|fp_bit_1095|fp_bit_1097|fp_bit_1102|fp_bit_1104|fp_bit_1110|fp_bit_1114|fp_bit_1118|fp_bit_1126|fp_bit_1134|fp_bit_1136|fp_bit_1138|fp_bit_1139|fp_bit_1141|fp_bit_1143|fp_bit_1145|fp_bit_1148|fp_bit_1152|fp_bit_1154|fp_bit_1155|fp_bit_1160|fp_bit_1162|fp_bit_1163|fp_bit_1168|fp_bit_1171|fp_bit_1176|fp_bit_1181|fp_bit_1195|fp_bit_1199|fp_bit_1234|fp_bit_1236|fp_bit_1238|fp_bit_1243|fp_bit_1249|fp_bit_1256|fp_bit_1257|fp_bit_1267|fp_bit_1274|fp_bit_1279|fp_bit_1283|fp_bit_1287|fp_bit_1290|fp_bit_1292|fp_bit_1296|fp_bit_1302|fp_bit_1308|fp_bit_1309|fp_bit_1313|fp_bit_1323|fp_bit_1325|fp_bit_1343|fp_bit_1349|fp_bit_1353|fp_bit_1356|fp_bit_1357|fp_bit_1365|fp_bit_1366|fp_bit_1380|fp_bit_1381|fp_bit_1384|fp_bit_1385|fp_bit_1386|fp_bit_1387|fp_bit_1391|fp_bit_1399|fp_bit_1401|fp_bit_1403|fp_bit_1407|fp_bit_1410|fp_bit_1420|fp_bit_1428|fp_bit_1430|fp_bit_1431|fp_bit_1435|fp_bit_1436|fp_bit_1440|fp_bit_1444|fp_bit_1447|fp_bit_1452|fp_bit_1457|fp_bit_1458|fp_bit_1459|fp_bit_1469|fp_bit_1475|fp_bit_1476|fp_bit_1480|fp_bit_1482|fp_bit_1487|fp_bit_1496|fp_bit_1508|fp_bit_1516|fp_bit_1522|fp_bit_1532|fp_bit_1535|fp_bit_1536|fp_bit_1538|fp_bit_1543|fp_bit_1544|fp_bit_1547|fp_bit_1564|fp_bit_1572|fp_bit_1573|fp_bit_1581|fp_bit_1582|fp_bit_1586|fp_bit_1599|fp_bit_1600|fp_bit_1602|fp_bit_1604|fp_bit_1607|fp_bit_1613|fp_bit_1616|fp_bit_1618|fp_bit_1624|fp_bit_1645|fp_bit_1647|fp_bit_1669|fp_bit_1672|fp_bit_1683|fp_bit_1693|fp_bit_1696|fp_bit_1697|fp_bit_1718|fp_bit_1722|fp_bit_1724|fp_bit_1729|fp_bit_1737|fp_bit_1738|fp_bit_1745|fp_bit_1750|fp_bit_1753|fp_bit_1754|fp_bit_1755|fp_bit_1763|fp_bit_1764|fp_bit_1775|fp_bit_1778|fp_bit_1781|fp_bit_1796|fp_bit_1803|fp_bit_1805|fp_bit_1807|fp_bit_1808|fp_bit_1809|fp_bit_1810|fp_bit_1814|fp_bit_1816|fp_bit_1819|fp_bit_1823|fp_bit_1824|fp_bit_1827|fp_bit_1831|fp_bit_1838|fp_bit_1840|fp_bit_1844|fp_bit_1847|fp_bit_1849|fp_bit_1854|fp_bit_1855|fp_bit_1866|fp_bit_1873|fp_bit_1876|fp_bit_1878|fp_bit_1879|fp_bit_1898|fp_bit_1902|fp_bit_1905|fp_bit_1908|fp_bit_1911|fp_bit_1917|fp_bit_1921|fp_bit_1923|fp_bit_1937|fp_bit_1940|fp_bit_1948|fp_bit_1950|fp_bit_1951|fp_bit_1959|fp_bit_1963|fp_bit_1970|fp_bit_1977|fp_bit_1978|fp_bit_1984|fp_bit_1985|fp_bit_1989|fp_bit_1990|fp_bit_1991|fp_bit_2004|fp_bit_2006|fp_bit_2016|fp_bit_2020|fp_bit_2029|fp_bit_2033|fp_bit_2038|fp_bit_2041|fp_bit_2044
SVM,Morgan FP,413,0.9199,0.8948,0.902,0.9718,0.8948,0.8978,0.8621,0.8712,0.8131,0.8432,0.9537,0.8131,0.8265,0.7761,RandomForestImportance,fp_bit_1|fp_bit_2|fp_bit_13|fp_bit_16|fp_bit_25|fp_bit_31|fp_bit_35|fp_bit_40|fp_bit_41|fp_bit_54|fp_bit_58|fp_bit_70|fp_bit_79|fp_bit_80|fp_bit_94|fp_bit_97|fp_bit_101|fp_bit_102|fp_bit_110|fp_bit_114|fp_bit_115|fp_bit_116|fp_bit_117|fp_bit_118|fp_bit_119|fp_bit_125|fp_bit_140|fp_bit_145|fp_bit_147|fp_bit_155|fp_bit_167|fp_bit_184|fp_bit_191|fp_bit_192|fp_bit_193|fp_bit_194|fp_bit_197|fp_bit_202|fp_bit_203|fp_bit_207|fp_bit_209|fp_bit_222|fp_bit_227|fp_bit_229|fp_bit_231|fp_bit_237|fp_bit_239|fp_bit_245|fp_bit_249|fp_bit_253|fp_bit_267|fp_bit_276|fp_bit_283|fp_bit_294|fp_bit_295|fp_bit_301|fp_bit_305|fp_bit_310|fp_bit_314|fp_bit_315|fp_bit_319|fp_bit_322|fp_bit_325|fp_bit_333|fp_bit_339|fp_bit_343|fp_bit_350|fp_bit_352|fp_bit_354|fp_bit_378|fp_bit_381|fp_bit_386|fp_bit_389|fp_bit_390|fp_bit_392|fp_bit_394|fp_bit_401|fp_bit_418|fp_bit_432|fp_bit_441|fp_bit_446|fp_bit_448|fp_bit_456|fp_bit_457|fp_bit_469|fp_bit_471|fp_bit_473|fp_bit_478|fp_bit_479|fp_bit_482|fp_bit_486|fp_bit_489|fp_bit_501|fp_bit_508|fp_bit_519|fp_bit_521|fp_bit_523|fp_bit_524|fp_bit_526|fp_bit_550|fp_bit_561|fp_bit_573|fp_bit_576|fp_bit_577|fp_bit_589|fp_bit_591|fp_bit_598|fp_bit_606|fp_bit_610|fp_bit_614|fp_bit_636|fp_bit_650|fp_bit_656|fp_bit_657|fp_bit_667|fp_bit_674|fp_bit_675|fp_bit_677|fp_bit_679|fp_bit_680|fp_bit_694|fp_bit_695|fp_bit_696|fp_bit_706|fp_bit_713|fp_bit_715|fp_bit_718|fp_bit_722|fp_bit_724|fp_bit_725|fp_bit_726|fp_bit_728|fp_bit_736|fp_bit_739|fp_bit_745|fp_bit_750|fp_bit_753|fp_bit_759|fp_bit_768|fp_bit_775|fp_bit_781|fp_bit_786|fp_bit_787|fp_bit_790|fp_bit_794|fp_bit_798|fp_bit_802|fp_bit_806|fp_bit_807|fp_bit_823|fp_bit_828|fp_bit_829|fp_bit_831|fp_bit_833|fp_bit_835|fp_bit_838|fp_bit_841|fp_bit_843|fp_bit_844|fp_bit_846|fp_bit_849|fp_bit_851|fp_bit_857|fp_bit_869|fp_bit_875|fp_bit_878|fp_bit_881|fp_bit_888|fp_bit_890|fp_bit_895|fp_bit_896|fp_bit_898|fp_bit_899|fp_bit_906|fp_bit_910|fp_bit_911|fp_bit_913|fp_bit_918|fp_bit_926|fp_bit_932|fp_bit_935|fp_bit_937|fp_bit_940|fp_bit_941|fp_bit_953|fp_bit_955|fp_bit_960|fp_bit_962|fp_bit_970|fp_bit_976|fp_bit_978|fp_bit_981|fp_bit_984|fp_bit_989|fp_bit_1004|fp_bit_1009|fp_bit_1017|fp_bit_1019|fp_bit_1022|fp_bit_1027|fp_bit_1028|fp_bit_1033|fp_bit_1034|fp_bit_1035|fp_bit_1037|fp_bit_1039|fp_bit_1045|fp_bit_1047|fp_bit_1057|fp_bit_1060|fp_bit_1063|fp_bit_1064|fp_bit_1066|fp_bit_1070|fp_bit_1073|fp_bit_1077|fp_bit_1087|fp_bit_1088|fp_bit_1095|fp_bit_1097|fp_bit_1102|fp_bit_1104|fp_bit_1110|fp_bit_1114|fp_bit_1118|fp_bit_1126|fp_bit_1134|fp_bit_1136|fp_bit_1138|fp_bit_1139|fp_bit_1141|fp_bit_1143|fp_bit_1145|fp_bit_1148|fp_bit_1152|fp_bit_1154|fp_bit_1155|fp_bit_1160|fp_bit_1162|fp_bit_1163|fp_bit_1168|fp_bit_1171|fp_bit_1176|fp_bit_1181|fp_bit_1195|fp_bit_1199|fp_bit_1234|fp_bit_1236|fp_bit_1238|fp_bit_1243|fp_bit_1249|fp_bit_1256|fp_bit_1257|fp_bit_1267|fp_bit_1274|fp_bit_1279|fp_bit_1283|fp_bit_1287|fp_bit_1290|fp_bit_1292|fp_bit_1296|fp_bit_1302|fp_bit_1308|fp_bit_1309|fp_bit_1313|fp_bit_1323|fp_bit_1325|fp_bit_1343|fp_bit_1349|fp_bit_1353|fp_bit_1356|fp_bit_1357|fp_bit_1365|fp_bit_1366|fp_bit_1380|fp_bit_1381|fp_bit_1384|fp_bit_1385|fp_bit_1386|fp_bit_1387|fp_bit_1391|fp_bit_1399|fp_bit_1401|fp_bit_1403|fp_bit_1407|fp_bit_1410|fp_bit_1420|fp_bit_1428|fp_bit_1430|fp_bit_1431|fp_bit_1435|fp_bit_1436|fp_bit_1440|fp_bit_1444|fp_bit_1447|fp_bit_1452|fp_bit_1457|fp_bit_1458|fp_bit_1459|fp_bit_1469|fp_bit_1475|fp_bit_1476|fp_bit_1480|fp_bit_1482|fp_bit_1487|fp_bit_1496|fp_bit_1508|fp_bit_1516|fp_bit_1522|fp_bit_1532|fp_bit_1535|fp_bit_1536|fp_bit_1538|fp_bit_1543|fp_bit_1544|fp_bit_1547|fp_bit_1564|fp_bit_1572|fp_bit_1573|fp_bit_1581|fp_bit_1582|fp_bit_1586|fp_bit_1599|fp_bit_1600|fp_bit_1602|fp_bit_1604|fp_bit_1607|fp_bit_1613|fp_bit_1616|fp_bit_1618|fp_bit_1624|fp_bit_1645|fp_bit_1647|fp_bit_1669|fp_bit_1672|fp_bit_1683|fp_bit_1693|fp_bit_1696|fp_bit_1697|fp_bit_1718|fp_bit_1722|fp_bit_1724|fp_bit_1729|fp_bit_1737|fp_bit_1738|fp_bit_1745|fp_bit_1750|fp_bit_1753|fp_bit_1754|fp_bit_1755|fp_bit_1763|fp_bit_1764|fp_bit_1775|fp_bit_1778|fp_bit_1781|fp_bit_1796|fp_bit_1803|fp_bit_1805|fp_bit_1807|fp_bit_1808|fp_bit_1809|fp_bit_1810|fp_bit_1814|fp_bit_1816|fp_bit_1819|fp_bit_1823|fp_bit_1824|fp_bit_1827|fp_bit_1831|fp_bit_1838|fp_bit_1840|fp_bit_1844|fp_bit_1847|fp_bit_1849|fp_bit_1854|fp_bit_1855|fp_bit_1866|fp_bit_1873|fp_bit_1876|fp_bit_1878|fp_bit_1879|fp_bit_1898|fp_bit_1902|fp_bit_1905|fp_bit_1908|fp_bit_1911|fp_bit_1917|fp_bit_1921|fp_bit_1923|fp_bit_1937|fp_bit_1940|fp_bit_1948|fp_bit_1950|fp_bit_1951|fp_bit_1959|fp_bit_1963|fp_bit_1970|fp_bit_1977|fp_bit_1978|fp_bit_1984|fp_bit_1985|fp_bit_1989|fp_bit_1990|fp_bit_1991|fp_bit_2004|fp_bit_2006|fp_bit_2016|fp_bit_2020|fp_bit_2029|fp_bit_2033|fp_bit_2038|fp_bit_2041|fp_bit_2044
BiGRU,Morgan FP,413,0.9245,0.9343,0.899,0.9797,0.9343,0.913,0.8767,0.8626,0.8381,0.8133,0.9612,0.8381,0.8214,0.7742,RandomForestImportance,fp_bit_1|fp_bit_2|fp_bit_13|fp_bit_16|fp_bit_25|fp_bit_31|fp_bit_35|fp_bit_40|fp_bit_41|fp_bit_54|fp_bit_58|fp_bit_70|fp_bit_79|fp_bit_80|fp_bit_94|fp_bit_97|fp_bit_101|fp_bit_102|fp_bit_110|fp_bit_114|fp_bit_115|fp_bit_116|fp_bit_117|fp_bit_118|fp_bit_119|fp_bit_125|fp_bit_140|fp_bit_145|fp_bit_147|fp_bit_155|fp_bit_167|fp_bit_184|fp_bit_191|fp_bit_192|fp_bit_193|fp_bit_194|fp_bit_197|fp_bit_202|fp_bit_203|fp_bit_207|fp_bit_209|fp_bit_222|fp_bit_227|fp_bit_229|fp_bit_231|fp_bit_237|fp_bit_239|fp_bit_245|fp_bit_249|fp_bit_253|fp_bit_267|fp_bit_276|fp_bit_283|fp_bit_294|fp_bit_295|fp_bit_301|fp_bit_305|fp_bit_310|fp_bit_314|fp_bit_315|fp_bit_319|fp_bit_322|fp_bit_325|fp_bit_333|fp_bit_339|fp_bit_343|fp_bit_350|fp_bit_352|fp_bit_354|fp_bit_378|fp_bit_381|fp_bit_386|fp_bit_389|fp_bit_390|fp_bit_392|fp_bit_394|fp_bit_401|fp_bit_418|fp_bit_432|fp_bit_441|fp_bit_446|fp_bit_448|fp_bit_456|fp_bit_457|fp_bit_469|fp_bit_471|fp_bit_473|fp_bit_478|fp_bit_479|fp_bit_482|fp_bit_486|fp_bit_489|fp_bit_501|fp_bit_508|fp_bit_519|fp_bit_521|fp_bit_523|fp_bit_524|fp_bit_526|fp_bit_550|fp_bit_561|fp_bit_573|fp_bit_576|fp_bit_577|fp_bit_589|fp_bit_591|fp_bit_598|fp_bit_606|fp_bit_610|fp_bit_614|fp_bit_636|fp_bit_650|fp_bit_656|fp_bit_657|fp_bit_667|fp_bit_674|fp_bit_675|fp_bit_677|fp_bit_679|fp_bit_680|fp_bit_694|fp_bit_695|fp_bit_696|fp_bit_706|fp_bit_713|fp_bit_715|fp_bit_718|fp_bit_722|fp_bit_724|fp_bit_725|fp_bit_726|fp_bit_728|fp_bit_736|fp_bit_739|fp_bit_745|fp_bit_750|fp_bit_753|fp_bit_759|fp_bit_768|fp_bit_775|fp_bit_781|fp_bit_786|fp_bit_787|fp_bit_790|fp_bit_794|fp_bit_798|fp_bit_802|fp_bit_806|fp_bit_807|fp_bit_823|fp_bit_828|fp_bit_829|fp_bit_831|fp_bit_833|fp_bit_835|fp_bit_838|fp_bit_841|fp_bit_843|fp_bit_844|fp_bit_846|fp_bit_849|fp_bit_851|fp_bit_857|fp_bit_869|fp_bit_875|fp_bit_878|fp_bit_881|fp_bit_888|fp_bit_890|fp_bit_895|fp_bit_896|fp_bit_898|fp_bit_899|fp_bit_906|fp_bit_910|fp_bit_911|fp_bit_913|fp_bit_918|fp_bit_926|fp_bit_932|fp_bit_935|fp_bit_937|fp_bit_940|fp_bit_941|fp_bit_953|fp_bit_955|fp_bit_960|fp_bit_962|fp_bit_970|fp_bit_976|fp_bit_978|fp_bit_981|fp_bit_984|fp_bit_989|fp_bit_1004|fp_bit_1009|fp_bit_1017|fp_bit_1019|fp_bit_1022|fp_bit_1027|fp_bit_1028|fp_bit_1033|fp_bit_1034|fp_bit_1035|fp_bit_1037|fp_bit_1039|fp_bit_1045|fp_bit_1047|fp_bit_1057|fp_bit_1060|fp_bit_1063|fp_bit_1064|fp_bit_1066|fp_bit_1070|fp_bit_1073|fp_bit_1077|fp_bit_1087|fp_bit_1088|fp_bit_1095|fp_bit_1097|fp_bit_1102|fp_bit_1104|fp_bit_1110|fp_bit_1114|fp_bit_1118|fp_bit_1126|fp_bit_1134|fp_bit_1136|fp_bit_1138|fp_bit_1139|fp_bit_1141|fp_bit_1143|fp_bit_1145|fp_bit_1148|fp_bit_1152|fp_bit_1154|fp_bit_1155|fp_bit_1160|fp_bit_1162|fp_bit_1163|fp_bit_1168|fp_bit_1171|fp_bit_1176|fp_bit_1181|fp_bit_1195|fp_bit_1199|fp_bit_1234|fp_bit_1236|fp_bit_1238|fp_bit_1243|fp_bit_1249|fp_bit_1256|fp_bit_1257|fp_bit_1267|fp_bit_1274|fp_bit_1279|fp_bit_1283|fp_bit_1287|fp_bit_1290|fp_bit_1292|fp_bit_1296|fp_bit_1302|fp_bit_1308|fp_bit_1309|fp_bit_1313|fp_bit_1323|fp_bit_1325|fp_bit_1343|fp_bit_1349|fp_bit_1353|fp_bit_1356|fp_bit_1357|fp_bit_1365|fp_bit_1366|fp_bit_1380|fp_bit_1381|fp_bit_1384|fp_bit_1385|fp_bit_1386|fp_bit_1387|fp_bit_1391|fp_bit_1399|fp_bit_1401|fp_bit_1403|fp_bit_1407|fp_bit_1410|fp_bit_1420|fp_bit_1428|fp_bit_1430|fp_bit_1431|fp_bit_1435|fp_bit_1436|fp_bit_1440|fp_bit_1444|fp_bit_1447|fp_bit_1452|fp_bit_1457|fp_bit_1458|fp_bit_1459|fp_bit_1469|fp_bit_1475|fp_bit_1476|fp_bit_1480|fp_bit_1482|fp_bit_1487|fp_bit_1496|fp_bit_1508|fp_bit_1516|fp_bit_1522|fp_bit_1532|fp_bit_1535|fp_bit_1536|fp_bit_1538|fp_bit_1543|fp_bit_1544|fp_bit_1547|fp_bit_1564|fp_bit_1572|fp_bit_1573|fp_bit_1581|fp_bit_1582|fp_bit_1586|fp_bit_1599|fp_bit_1600|fp_bit_1602|fp_bit_1604|fp_bit_1607|fp_bit_1613|fp_bit_1616|fp_bit_1618|fp_bit_1624|fp_bit_1645|fp_bit_1647|fp_bit_1669|fp_bit_1672|fp_bit_1683|fp_bit_1693|fp_bit_1696|fp_bit_1697|fp_bit_1718|fp_bit_1722|fp_bit_1724|fp_bit_1729|fp_bit_1737|fp_bit_1738|fp_bit_1745|fp_bit_1750|fp_bit_1753|fp_bit_1754|fp_bit_1755|fp_bit_1763|fp_bit_1764|fp_bit_1775|fp_bit_1778|fp_bit_1781|fp_bit_1796|fp_bit_1803|fp_bit_1805|fp_bit_1807|fp_bit_1808|fp_bit_1809|fp_bit_1810|fp_bit_1814|fp_bit_1816|fp_bit_1819|fp_bit_1823|fp_bit_1824|fp_bit_1827|fp_bit_1831|fp_bit_1838|fp_bit_1840|fp_bit_1844|fp_bit_1847|fp_bit_1849|fp_bit_1854|fp_bit_1855|fp_bit_1866|fp_bit_1873|fp_bit_1876|fp_bit_1878|fp_bit_1879|fp_bit_1898|fp_bit_1902|fp_bit_1905|fp_bit_1908|fp_bit_1911|fp_bit_1917|fp_bit_1921|fp_bit_1923|fp_bit_1937|fp_bit_1940|fp_bit_1948|fp_bit_1950|fp_bit_1951|fp_bit_1959|fp_bit_1963|fp_bit_1970|fp_bit_1977|fp_bit_1978|fp_bit_1984|fp_bit_1985|fp_bit_1989|fp_bit_1990|fp_bit_1991|fp_bit_2004|fp_bit_2006|fp_bit_2016|fp_bit_2020|fp_bit_2029|fp_bit_2033|fp_bit_2038|fp_bit_2041|fp_bit_2044
BiLSTM,Morgan FP,413,0.9531,0.9557,0.9305,0.9868,0.9557,0.9421,0.9215,0.8676,0.83,0.824,0.9589,0.83,0.826,0.7766,RandomForestImportance,fp_bit_1|fp_bit_2|fp_bit_13|fp_bit_16|fp_bit_25|fp_bit_31|fp_bit_35|fp_bit_40|fp_bit_41|fp_bit_54|fp_bit_58|fp_bit_70|fp_bit_79|fp_bit_80|fp_bit_94|fp_bit_97|fp_bit_101|fp_bit_102|fp_bit_110|fp_bit_114|fp_bit_115|fp_bit_116|fp_bit_117|fp_bit_118|fp_bit_119|fp_bit_125|fp_bit_140|fp_bit_145|fp_bit_147|fp_bit_155|fp_bit_167|fp_bit_184|fp_bit_191|fp_bit_192|fp_bit_193|fp_bit_194|fp_bit_197|fp_bit_202|fp_bit_203|fp_bit_207|fp_bit_209|fp_bit_222|fp_bit_227|fp_bit_229|fp_bit_231|fp_bit_237|fp_bit_239|fp_bit_245|fp_bit_249|fp_bit_253|fp_bit_267|fp_bit_276|fp_bit_283|fp_bit_294|fp_bit_295|fp_bit_301|fp_bit_305|fp_bit_310|fp_bit_314|fp_bit_315|fp_bit_319|fp_bit_322|fp_bit_325|fp_bit_333|fp_bit_339|fp_bit_343|fp_bit_350|fp_bit_352|fp_bit_354|fp_bit_378|fp_bit_381|fp_bit_386|fp_bit_389|fp_bit_390|fp_bit_392|fp_bit_394|fp_bit_401|fp_bit_418|fp_bit_432|fp_bit_441|fp_bit_446|fp_bit_448|fp_bit_456|fp_bit_457|fp_bit_469|fp_bit_471|fp_bit_473|fp_bit_478|fp_bit_479|fp_bit_482|fp_bit_486|fp_bit_489|fp_bit_501|fp_bit_508|fp_bit_519|fp_bit_521|fp_bit_523|fp_bit_524|fp_bit_526|fp_bit_550|fp_bit_561|fp_bit_573|fp_bit_576|fp_bit_577|fp_bit_589|fp_bit_591|fp_bit_598|fp_bit_606|fp_bit_610|fp_bit_614|fp_bit_636|fp_bit_650|fp_bit_656|fp_bit_657|fp_bit_667|fp_bit_674|fp_bit_675|fp_bit_677|fp_bit_679|fp_bit_680|fp_bit_694|fp_bit_695|fp_bit_696|fp_bit_706|fp_bit_713|fp_bit_715|fp_bit_718|fp_bit_722|fp_bit_724|fp_bit_725|fp_bit_726|fp_bit_728|fp_bit_736|fp_bit_739|fp_bit_745|fp_bit_750|fp_bit_753|fp_bit_759|fp_bit_768|fp_bit_775|fp_bit_781|fp_bit_786|fp_bit_787|fp_bit_790|fp_bit_794|fp_bit_798|fp_bit_802|fp_bit_806|fp_bit_807|fp_bit_823|fp_bit_828|fp_bit_829|fp_bit_831|fp_bit_833|fp_bit_835|fp_bit_838|fp_bit_841|fp_bit_843|fp_bit_844|fp_bit_846|fp_bit_849|fp_bit_851|fp_bit_857|fp_bit_869|fp_bit_875|fp_bit_878|fp_bit_881|fp_bit_888|fp_bit_890|fp_bit_895|fp_bit_896|fp_bit_898|fp_bit_899|fp_bit_906|fp_bit_910|fp_bit_911|fp_bit_913|fp_bit_918|fp_bit_926|fp_bit_932|fp_bit_935|fp_bit_937|fp_bit_940|fp_bit_941|fp_bit_953|fp_bit_955|fp_bit_960|fp_bit_962|fp_bit_970|fp_bit_976|fp_bit_978|fp_bit_981|fp_bit_984|fp_bit_989|fp_bit_1004|fp_bit_1009|fp_bit_1017|fp_bit_1019|fp_bit_1022|fp_bit_1027|fp_bit_1028|fp_bit_1033|fp_bit_1034|fp_bit_1035|fp_bit_1037|fp_bit_1039|fp_bit_1045|fp_bit_1047|fp_bit_1057|fp_bit_1060|fp_bit_1063|fp_bit_1064|fp_bit_1066|fp_bit_1070|fp_bit_1073|fp_bit_1077|fp_bit_1087|fp_bit_1088|fp_bit_1095|fp_bit_1097|fp_bit_1102|fp_bit_1104|fp_bit_1110|fp_bit_1114|fp_bit_1118|fp_bit_1126|fp_bit_1134|fp_bit_1136|fp_bit_1138|fp_bit_1139|fp_bit_1141|fp_bit_1143|fp_bit_1145|fp_bit_1148|fp_bit_1152|fp_bit_1154|fp_bit_1155|fp_bit_1160|fp_bit_1162|fp_bit_1163|fp_bit_1168|fp_bit_1171|fp_bit_1176|fp_bit_1181|fp_bit_1195|fp_bit_1199|fp_bit_1234|fp_bit_1236|fp_bit_1238|fp_bit_1243|fp_bit_1249|fp_bit_1256|fp_bit_1257|fp_bit_1267|fp_bit_1274|fp_bit_1279|fp_bit_1283|fp_bit_1287|fp_bit_1290|fp_bit_1292|fp_bit_1296|fp_bit_1302|fp_bit_1308|fp_bit_1309|fp_bit_1313|fp_bit_1323|fp_bit_1325|fp_bit_1343|fp_bit_1349|fp_bit_1353|fp_bit_1356|fp_bit_1357|fp_bit_1365|fp_bit_1366|fp_bit_1380|fp_bit_1381|fp_bit_1384|fp_bit_1385|fp_bit_1386|fp_bit_1387|fp_bit_1391|fp_bit_1399|fp_bit_1401|fp_bit_1403|fp_bit_1407|fp_bit_1410|fp_bit_1420|fp_bit_1428|fp_bit_1430|fp_bit_1431|fp_bit_1435|fp_bit_1436|fp_bit_1440|fp_bit_1444|fp_bit_1447|fp_bit_1452|fp_bit_1457|fp_bit_1458|fp_bit_1459|fp_bit_1469|fp_bit_1475|fp_bit_1476|fp_bit_1480|fp_bit_1482|fp_bit_1487|fp_bit_1496|fp_bit_1508|fp_bit_1516|fp_bit_1522|fp_bit_1532|fp_bit_1535|fp_bit_1536|fp_bit_1538|fp_bit_1543|fp_bit_1544|fp_bit_1547|fp_bit_1564|fp_bit_1572|fp_bit_1573|fp_bit_1581|fp_bit_1582|fp_bit_1586|fp_bit_1599|fp_bit_1600|fp_bit_1602|fp_bit_1604|fp_bit_1607|fp_bit_1613|fp_bit_1616|fp_bit_1618|fp_bit_1624|fp_bit_1645|fp_bit_1647|fp_bit_1669|fp_bit_1672|fp_bit_1683|fp_bit_1693|fp_bit_1696|fp_bit_1697|fp_bit_1718|fp_bit_1722|fp_bit_1724|fp_bit_1729|fp_bit_1737|fp_bit_1738|fp_bit_1745|fp_bit_1750|fp_bit_1753|fp_bit_1754|fp_bit_1755|fp_bit_1763|fp_bit_1764|fp_bit_1775|fp_bit_1778|fp_bit_1781|fp_bit_1796|fp_bit_1803|fp_bit_1805|fp_bit_1807|fp_bit_1808|fp_bit_1809|fp_bit_1810|fp_bit_1814|fp_bit_1816|fp_bit_1819|fp_bit_1823|fp_bit_1824|fp_bit_1827|fp_bit_1831|fp_bit_1838|fp_bit_1840|fp_bit_1844|fp_bit_1847|fp_bit_1849|fp_bit_1854|fp_bit_1855|fp_bit_1866|fp_bit_1873|fp_bit_1876|fp_bit_1878|fp_bit_1879|fp_bit_1898|fp_bit_1902|fp_bit_1905|fp_bit_1908|fp_bit_1911|fp_bit_1917|fp_bit_1921|fp_bit_1923|fp_bit_1937|fp_bit_1940|fp_bit_1948|fp_bit_1950|fp_bit_1951|fp_bit_1959|fp_bit_1963|fp_bit_1970|fp_bit_1977|fp_bit_1978|fp_bit_1984|fp_bit_1985|fp_bit_1989|fp_bit_1990|fp_bit_1991|fp_bit_2004|fp_bit_2006|fp_bit_2016|fp_bit_2020|fp_bit_2029|fp_bit_2033|fp_bit_2038|fp_bit_2041|fp_bit_2044
Logistic Regression,MACCS,70,0.7863,0.6998,0.7295,0.9235,0.6998,0.7124,0.6253,0.786,0.7002,0.7315,0.9237,0.7002,0.7132,0.6253,RandomForestImportance,maccs_50|maccs_53|maccs_54|maccs_57|maccs_66|maccs_72|maccs_74|maccs_76|maccs_79|maccs_82|maccs_83|maccs_84|maccs_89|maccs_90|maccs_91|maccs_92|maccs_93|maccs_95|maccs_96|maccs_97|maccs_98|maccs_99|maccs_101|maccs_104|maccs_105|maccs_108|maccs_109|maccs_110|maccs_111|maccs_112|maccs_113|maccs_114|maccs_115|maccs_116|maccs_117|maccs_118|maccs_120|maccs_123|maccs_125|maccs_126|maccs_127|maccs_128|maccs_129|maccs_131|maccs_132|maccs_136|maccs_137|maccs_138|maccs_139|maccs_140|maccs_141|maccs_142|maccs_143|maccs_144|maccs_145|maccs_146|maccs_147|maccs_149|maccs_150|maccs_151|maccs_152|maccs_153|maccs_154|maccs_155|maccs_157|maccs_159|maccs_160|maccs_162|maccs_163|maccs_165
Decision Tree,MACCS,70,0.9632,0.9467,0.9662,0.9853,0.9467,0.9561,0.9366,0.8446,0.7556,0.791,0.9465,0.7556,0.772,0.7295,RandomForestImportance,maccs_50|maccs_53|maccs_54|maccs_57|maccs_66|maccs_72|maccs_74|maccs_76|maccs_79|maccs_82|maccs_83|maccs_84|maccs_89|maccs_90|maccs_91|maccs_92|maccs_93|maccs_95|maccs_96|maccs_97|maccs_98|maccs_99|maccs_101|maccs_104|maccs_105|maccs_108|maccs_109|maccs_110|maccs_111|maccs_112|maccs_113|maccs_114|maccs_115|maccs_116|maccs_117|maccs_118|maccs_120|maccs_123|maccs_125|maccs_126|maccs_127|maccs_128|maccs_129|maccs_131|maccs_132|maccs_136|maccs_137|maccs_138|maccs_139|maccs_140|maccs_141|maccs_142|maccs_143|maccs_144|maccs_145|maccs_146|maccs_147|maccs_149|maccs_150|maccs_151|maccs_152|maccs_153|maccs_154|maccs_155|maccs_157|maccs_159|maccs_160|maccs_162|maccs_163|maccs_165
Random Forest,MACCS,70,0.9632,0.9546,0.9594,0.9868,0.9546,0.9569,0.9369,0.8763,0.8213,0.8527,0.9573,0.8213,0.8361,0.7862,RandomForestImportance,maccs_50|maccs_53|maccs_54|maccs_57|maccs_66|maccs_72|maccs_74|maccs_76|maccs_79|maccs_82|maccs_83|maccs_84|maccs_89|maccs_90|maccs_91|maccs_92|maccs_93|maccs_95|maccs_96|maccs_97|maccs_98|maccs_99|maccs_101|maccs_104|maccs_105|maccs_108|maccs_109|maccs_110|maccs_111|maccs_112|maccs_113|maccs_114|maccs_115|maccs_116|maccs_117|maccs_118|maccs_120|maccs_123|maccs_125|maccs_126|maccs_127|maccs_128|maccs_129|maccs_131|maccs_132|maccs_136|maccs_137|maccs_138|maccs_139|maccs_140|maccs_141|maccs_142|maccs_143|maccs_144|maccs_145|maccs_146|maccs_147|maccs_149|maccs_150|maccs_151|maccs_152|maccs_153|maccs_154|maccs_155|maccs_157|maccs_159|maccs_160|maccs_162|maccs_163|maccs_165
Extra Trees,MACCS,70,0.9632,0.9467,0.9662,0.9853,0.9467,0.9561,0.9366,0.8791,0.8221,0.8601,0.957,0.8221,0.8399,0.7903,RandomForestImportance,maccs_50|maccs_53|maccs_54|maccs_57|maccs_66|maccs_72|maccs_74|maccs_76|maccs_79|maccs_82|maccs_83|maccs_84|maccs_89|maccs_90|maccs_91|maccs_92|maccs_93|maccs_95|maccs_96|maccs_97|maccs_98|maccs_99|maccs_101|maccs_104|maccs_105|maccs_108|maccs_109|maccs_110|maccs_111|maccs_112|maccs_113|maccs_114|maccs_115|maccs_116|maccs_117|maccs_118|maccs_120|maccs_123|maccs_125|maccs_126|maccs_127|maccs_128|maccs_129|maccs_131|maccs_132|maccs_136|maccs_137|maccs_138|maccs_139|maccs_140|maccs_141|maccs_142|maccs_143|maccs_144|maccs_145|maccs_146|maccs_147|maccs_149|maccs_150|maccs_151|maccs_152|maccs_153|maccs_154|maccs_155|maccs_157|maccs_159|maccs_160|maccs_162|maccs_163|maccs_165
Gradient Boosting,MACCS,70,0.9341,0.9199,0.9253,0.9765,0.9199,0.9223,0.8867,0.8752,0.8253,0.8441,0.9577,0.8253,0.8343,0.7845,RandomForestImportance,maccs_50|maccs_53|maccs_54|maccs_57|maccs_66|maccs_72|maccs_74|maccs_76|maccs_79|maccs_82|maccs_83|maccs_84|maccs_89|maccs_90|maccs_91|maccs_92|maccs_93|maccs_95|maccs_96|maccs_97|maccs_98|maccs_99|maccs_101|maccs_104|maccs_105|maccs_108|maccs_109|maccs_110|maccs_111|maccs_112|maccs_113|maccs_114|maccs_115|maccs_116|maccs_117|maccs_118|maccs_120|maccs_123|maccs_125|maccs_126|maccs_127|maccs_128|maccs_129|maccs_131|maccs_132|maccs_136|maccs_137|maccs_138|maccs_139|maccs_140|maccs_141|maccs_142|maccs_143|maccs_144|maccs_145|maccs_146|maccs_147|maccs_149|maccs_150|maccs_151|maccs_152|maccs_153|maccs_154|maccs_155|maccs_157|maccs_159|maccs_160|maccs_162|maccs_163|maccs_165
AdaBoost,MACCS,70,0.6585,0.3176,0.3357,0.8521,0.3176,0.3124,0.3207,0.6592,0.3159,0.3374,0.8519,0.3159,0.3117,0.3212,RandomForestImportance,maccs_50|maccs_53|maccs_54|maccs_57|maccs_66|maccs_72|maccs_74|maccs_76|maccs_79|maccs_82|maccs_83|maccs_84|maccs_89|maccs_90|maccs_91|maccs_92|maccs_93|maccs_95|maccs_96|maccs_97|maccs_98|maccs_99|maccs_101|maccs_104|maccs_105|maccs_108|maccs_109|maccs_110|maccs_111|maccs_112|maccs_113|maccs_114|maccs_115|maccs_116|maccs_117|maccs_118|maccs_120|maccs_123|maccs_125|maccs_126|maccs_127|maccs_128|maccs_129|maccs_131|maccs_132|maccs_136|maccs_137|maccs_138|maccs_139|maccs_140|maccs_141|maccs_142|maccs_143|maccs_144|maccs_145|maccs_146|maccs_147|maccs_149|maccs_150|maccs_151|maccs_152|maccs_153|maccs_154|maccs_155|maccs_157|maccs_159|maccs_160|maccs_162|maccs_163|maccs_165
XGBoost,MACCS,70,0.9446,0.9341,0.9369,0.9804,0.9341,0.9353,0.905,0.8738,0.8217,0.8406,0.957,0.8217,0.8307,0.782,RandomForestImportance,maccs_50|maccs_53|maccs_54|maccs_57|maccs_66|maccs_72|maccs_74|maccs_76|maccs_79|maccs_82|maccs_83|maccs_84|maccs_89|maccs_90|maccs_91|maccs_92|maccs_93|maccs_95|maccs_96|maccs_97|maccs_98|maccs_99|maccs_101|maccs_104|maccs_105|maccs_108|maccs_109|maccs_110|maccs_111|maccs_112|maccs_113|maccs_114|maccs_115|maccs_116|maccs_117|maccs_118|maccs_120|maccs_123|maccs_125|maccs_126|maccs_127|maccs_128|maccs_129|maccs_131|maccs_132|maccs_136|maccs_137|maccs_138|maccs_139|maccs_140|maccs_141|maccs_142|maccs_143|maccs_144|maccs_145|maccs_146|maccs_147|maccs_149|maccs_150|maccs_151|maccs_152|maccs_153|maccs_154|maccs_155|maccs_157|maccs_159|maccs_160|maccs_162|maccs_163|maccs_165
SVM,MACCS,70,0.885,0.8484,0.8569,0.9597,0.8484,0.8514,0.8014,0.8597,0.7986,0.8193,0.9513,0.7986,0.8074,0.7567,RandomForestImportance,maccs_50|maccs_53|maccs_54|maccs_57|maccs_66|maccs_72|maccs_74|maccs_76|maccs_79|maccs_82|maccs_83|maccs_84|maccs_89|maccs_90|maccs_91|maccs_92|maccs_93|maccs_95|maccs_96|maccs_97|maccs_98|maccs_99|maccs_101|maccs_104|maccs_105|maccs_108|maccs_109|maccs_110|maccs_111|maccs_112|maccs_113|maccs_114|maccs_115|maccs_116|maccs_117|maccs_118|maccs_120|maccs_123|maccs_125|maccs_126|maccs_127|maccs_128|maccs_129|maccs_131|maccs_132|maccs_136|maccs_137|maccs_138|maccs_139|maccs_140|maccs_141|maccs_142|maccs_143|maccs_144|maccs_145|maccs_146|maccs_147|maccs_149|maccs_150|maccs_151|maccs_152|maccs_153|maccs_154|maccs_155|maccs_157|maccs_159|maccs_160|maccs_162|maccs_163|maccs_165
BiGRU,MACCS,70,0.8951,0.8898,0.8727,0.9688,0.8898,0.8778,0.8259,0.8612,0.8324,0.8201,0.9593,0.8324,0.822,0.7692,RandomForestImportance,maccs_50|maccs_53|maccs_54|maccs_57|maccs_66|maccs_72|maccs_74|maccs_76|maccs_79|maccs_82|maccs_83|maccs_84|maccs_89|maccs_90|maccs_91|maccs_92|maccs_93|maccs_95|maccs_96|maccs_97|maccs_98|maccs_99|maccs_101|maccs_104|maccs_105|maccs_108|maccs_109|maccs_110|maccs_111|maccs_112|maccs_113|maccs_114|maccs_115|maccs_116|maccs_117|maccs_118|maccs_120|maccs_123|maccs_125|maccs_126|maccs_127|maccs_128|maccs_129|maccs_131|maccs_132|maccs_136|maccs_137|maccs_138|maccs_139|maccs_140|maccs_141|maccs_142|maccs_143|maccs_144|maccs_145|maccs_146|maccs_147|maccs_149|maccs_150|maccs_151|maccs_152|maccs_153|maccs_154|maccs_155|maccs_157|maccs_159|maccs_160|maccs_162|maccs_163|maccs_165
BiLSTM,MACCS,70,0.909,0.92,0.8807,0.9745,0.92,0.8958,0.8516,0.8693,0.8505,0.8205,0.9631,0.8505,0.8312,0.7852,RandomForestImportance,maccs_50|maccs_53|maccs_54|maccs_57|maccs_66|maccs_72|maccs_74|maccs_76|maccs_79|maccs_82|maccs_83|maccs_84|maccs_89|maccs_90|maccs_91|maccs_92|maccs_93|maccs_95|maccs_96|maccs_97|maccs_98|maccs_99|maccs_101|maccs_104|maccs_105|maccs_108|maccs_109|maccs_110|maccs_111|maccs_112|maccs_113|maccs_114|maccs_115|maccs_116|maccs_117|maccs_118|maccs_120|maccs_123|maccs_125|maccs_126|maccs_127|maccs_128|maccs_129|maccs_131|maccs_132|maccs_136|maccs_137|maccs_138|maccs_139|maccs_140|maccs_141|maccs_142|maccs_143|maccs_144|maccs_145|maccs_146|maccs_147|maccs_149|maccs_150|maccs_151|maccs_152|maccs_153|maccs_154|maccs_155|maccs_157|maccs_159|maccs_160|maccs_162|maccs_163|maccs_165
Logistic Regression,Mol2Vec,95,0.7953,0.6958,0.7561,0.9239,0.6958,0.7219,0.6377,0.7837,0.6639,0.7203,0.9201,0.6639,0.6876,0.6162,RandomForestImportance,mol2vec_5|mol2vec_12|mol2vec_15|mol2vec_17|mol2vec_23|mol2vec_28|mol2vec_29|mol2vec_31|mol2vec_33|mol2vec_34|mol2vec_35|mol2vec_39|mol2vec_41|mol2vec_48|mol2vec_50|mol2vec_52|mol2vec_55|mol2vec_56|mol2vec_61|mol2vec_70|mol2vec_73|mol2vec_78|mol2vec_83|mol2vec_86|mol2vec_87|mol2vec_91|mol2vec_94|mol2vec_112|mol2vec_114|mol2vec_116|mol2vec_117|mol2vec_119|mol2vec_121|mol2vec_123|mol2vec_124|mol2vec_125|mol2vec_127|mol2vec_131|mol2vec_133|mol2vec_134|mol2vec_135|mol2vec_136|mol2vec_138|mol2vec_141|mol2vec_144|mol2vec_149|mol2vec_152|mol2vec_153|mol2vec_155|mol2vec_157|mol2vec_159|mol2vec_163|mol2vec_165|mol2vec_166|mol2vec_170|mol2vec_176|mol2vec_178|mol2vec_182|mol2vec_184|mol2vec_187|mol2vec_190|mol2vec_195|mol2vec_197|mol2vec_201|mol2vec_204|mol2vec_205|mol2vec_207|mol2vec_212|mol2vec_216|mol2vec_219|mol2vec_220|mol2vec_222|mol2vec_225|mol2vec_233|mol2vec_235|mol2vec_237|mol2vec_240|mol2vec_242|mol2vec_248|mol2vec_249|mol2vec_252|mol2vec_253|mol2vec_255|mol2vec_261|mol2vec_268|mol2vec_272|mol2vec_274|mol2vec_275|mol2vec_276|mol2vec_279|mol2vec_282|mol2vec_283|mol2vec_284|mol2vec_286|mol2vec_287
Decision Tree,Mol2Vec,95,0.9964,0.9932,0.9962,0.9986,0.9932,0.9947,0.9939,0.7983,0.7007,0.6984,0.9365,0.7007,0.6992,0.656,RandomForestImportance,mol2vec_5|mol2vec_12|mol2vec_15|mol2vec_17|mol2vec_23|mol2vec_28|mol2vec_29|mol2vec_31|mol2vec_33|mol2vec_34|mol2vec_35|mol2vec_39|mol2vec_41|mol2vec_48|mol2vec_50|mol2vec_52|mol2vec_55|mol2vec_56|mol2vec_61|mol2vec_70|mol2vec_73|mol2vec_78|mol2vec_83|mol2vec_86|mol2vec_87|mol2vec_91|mol2vec_94|mol2vec_112|mol2vec_114|mol2vec_116|mol2vec_117|mol2vec_119|mol2vec_121|mol2vec_123|mol2vec_124|mol2vec_125|mol2vec_127|mol2vec_131|mol2vec_133|mol2vec_134|mol2vec_135|mol2vec_136|mol2vec_138|mol2vec_141|mol2vec_144|mol2vec_149|mol2vec_152|mol2vec_153|mol2vec_155|mol2vec_157|mol2vec_159|mol2vec_163|mol2vec_165|mol2vec_166|mol2vec_170|mol2vec_176|mol2vec_178|mol2vec_182|mol2vec_184|mol2vec_187|mol2vec_190|mol2vec_195|mol2vec_197|mol2vec_201|mol2vec_204|mol2vec_205|mol2vec_207|mol2vec_212|mol2vec_216|mol2vec_219|mol2vec_220|mol2vec_222|mol2vec_225|mol2vec_233|mol2vec_235|mol2vec_237|mol2vec_240|mol2vec_242|mol2vec_248|mol2vec_249|mol2vec_252|mol2vec_253|mol2vec_255|mol2vec_261|mol2vec_268|mol2vec_272|mol2vec_274|mol2vec_275|mol2vec_276|mol2vec_279|mol2vec_282|mol2vec_283|mol2vec_284|mol2vec_286|mol2vec_287
Random Forest,Mol2Vec,95,0.9964,0.9943,0.9951,0.9988,0.9943,0.9947,0.9939,0.8651,0.7862,0.8329,0.952,0.7862,0.8073,0.7652,RandomForestImportance,mol2vec_5|mol2vec_12|mol2vec_15|mol2vec_17|mol2vec_23|mol2vec_28|mol2vec_29|mol2vec_31|mol2vec_33|mol2vec_34|mol2vec_35|mol2vec_39|mol2vec_41|mol2vec_48|mol2vec_50|mol2vec_52|mol2vec_55|mol2vec_56|mol2vec_61|mol2vec_70|mol2vec_73|mol2vec_78|mol2vec_83|mol2vec_86|mol2vec_87|mol2vec_91|mol2vec_94|mol2vec_112|mol2vec_114|mol2vec_116|mol2vec_117|mol2vec_119|mol2vec_121|mol2vec_123|mol2vec_124|mol2vec_125|mol2vec_127|mol2vec_131|mol2vec_133|mol2vec_134|mol2vec_135|mol2vec_136|mol2vec_138|mol2vec_141|mol2vec_144|mol2vec_149|mol2vec_152|mol2vec_153|mol2vec_155|mol2vec_157|mol2vec_159|mol2vec_163|mol2vec_165|mol2vec_166|mol2vec_170|mol2vec_176|mol2vec_178|mol2vec_182|mol2vec_184|mol2vec_187|mol2vec_190|mol2vec_195|mol2vec_197|mol2vec_201|mol2vec_204|mol2vec_205|mol2vec_207|mol2vec_212|mol2vec_216|mol2vec_219|mol2vec_220|mol2vec_222|mol2vec_225|mol2vec_233|mol2vec_235|mol2vec_237|mol2vec_240|mol2vec_242|mol2vec_248|mol2vec_249|mol2vec_252|mol2vec_253|mol2vec_255|mol2vec_261|mol2vec_268|mol2vec_272|mol2vec_274|mol2vec_275|mol2vec_276|mol2vec_279|mol2vec_282|mol2vec_283|mol2vec_284|mol2vec_286|mol2vec_287
Extra Trees,Mol2Vec,95,0.9964,0.9932,0.9962,0.9986,0.9932,0.9947,0.9939,0.8693,0.8026,0.8351,0.9544,0.8026,0.8174,0.7736,RandomForestImportance,mol2vec_5|mol2vec_12|mol2vec_15|mol2vec_17|mol2vec_23|mol2vec_28|mol2vec_29|mol2vec_31|mol2vec_33|mol2vec_34|mol2vec_35|mol2vec_39|mol2vec_41|mol2vec_48|mol2vec_50|mol2vec_52|mol2vec_55|mol2vec_56|mol2vec_61|mol2vec_70|mol2vec_73|mol2vec_78|mol2vec_83|mol2vec_86|mol2vec_87|mol2vec_91|mol2vec_94|mol2vec_112|mol2vec_114|mol2vec_116|mol2vec_117|mol2vec_119|mol2vec_121|mol2vec_123|mol2vec_124|mol2vec_125|mol2vec_127|mol2vec_131|mol2vec_133|mol2vec_134|mol2vec_135|mol2vec_136|mol2vec_138|mol2vec_141|mol2vec_144|mol2vec_149|mol2vec_152|mol2vec_153|mol2vec_155|mol2vec_157|mol2vec_159|mol2vec_163|mol2vec_165|mol2vec_166|mol2vec_170|mol2vec_176|mol2vec_178|mol2vec_182|mol2vec_184|mol2vec_187|mol2vec_190|mol2vec_195|mol2vec_197|mol2vec_201|mol2vec_204|mol2vec_205|mol2vec_207|mol2vec_212|mol2vec_216|mol2vec_219|mol2vec_220|mol2vec_222|mol2vec_225|mol2vec_233|mol2vec_235|mol2vec_237|mol2vec_240|mol2vec_242|mol2vec_248|mol2vec_249|mol2vec_252|mol2vec_253|mol2vec_255|mol2vec_261|mol2vec_268|mol2vec_272|mol2vec_274|mol2vec_275|mol2vec_276|mol2vec_279|mol2vec_282|mol2vec_283|mol2vec_284|mol2vec_286|mol2vec_287
Gradient Boosting,Mol2Vec,95,0.9897,0.9852,0.9905,0.9958,0.9852,0.9878,0.9823,0.8572,0.7717,0.826,0.9486,0.7717,0.7962,0.7508,RandomForestImportance,mol2vec_5|mol2vec_12|mol2vec_15|mol2vec_17|mol2vec_23|mol2vec_28|mol2vec_29|mol2vec_31|mol2vec_33|mol2vec_34|mol2vec_35|mol2vec_39|mol2vec_41|mol2vec_48|mol2vec_50|mol2vec_52|mol2vec_55|mol2vec_56|mol2vec_61|mol2vec_70|mol2vec_73|mol2vec_78|mol2vec_83|mol2vec_86|mol2vec_87|mol2vec_91|mol2vec_94|mol2vec_112|mol2vec_114|mol2vec_116|mol2vec_117|mol2vec_119|mol2vec_121|mol2vec_123|mol2vec_124|mol2vec_125|mol2vec_127|mol2vec_131|mol2vec_133|mol2vec_134|mol2vec_135|mol2vec_136|mol2vec_138|mol2vec_141|mol2vec_144|mol2vec_149|mol2vec_152|mol2vec_153|mol2vec_155|mol2vec_157|mol2vec_159|mol2vec_163|mol2vec_165|mol2vec_166|mol2vec_170|mol2vec_176|mol2vec_178|mol2vec_182|mol2vec_184|mol2vec_187|mol2vec_190|mol2vec_195|mol2vec_197|mol2vec_201|mol2vec_204|mol2vec_205|mol2vec_207|mol2vec_212|mol2vec_216|mol2vec_219|mol2vec_220|mol2vec_222|mol2vec_225|mol2vec_233|mol2vec_235|mol2vec_237|mol2vec_240|mol2vec_242|mol2vec_248|mol2vec_249|mol2vec_252|mol2vec_253|mol2vec_255|mol2vec_261|mol2vec_268|mol2vec_272|mol2vec_274|mol2vec_275|mol2vec_276|mol2vec_279|mol2vec_282|mol2vec_283|mol2vec_284|mol2vec_286|mol2vec_287
AdaBoost,Mol2Vec,95,0.6453,0.3159,0.4505,0.8465,0.3159,0.334,0.2882,0.6452,0.32,0.4643,0.8462,0.32,0.3401,0.2888,RandomForestImportance,mol2vec_5|mol2vec_12|mol2vec_15|mol2vec_17|mol2vec_23|mol2vec_28|mol2vec_29|mol2vec_31|mol2vec_33|mol2vec_34|mol2vec_35|mol2vec_39|mol2vec_41|mol2vec_48|mol2vec_50|mol2vec_52|mol2vec_55|mol2vec_56|mol2vec_61|mol2vec_70|mol2vec_73|mol2vec_78|mol2vec_83|mol2vec_86|mol2vec_87|mol2vec_91|mol2vec_94|mol2vec_112|mol2vec_114|mol2vec_116|mol2vec_117|mol2vec_119|mol2vec_121|mol2vec_123|mol2vec_124|mol2vec_125|mol2vec_127|mol2vec_131|mol2vec_133|mol2vec_134|mol2vec_135|mol2vec_136|mol2vec_138|mol2vec_141|mol2vec_144|mol2vec_149|mol2vec_152|mol2vec_153|mol2vec_155|mol2vec_157|mol2vec_159|mol2vec_163|mol2vec_165|mol2vec_166|mol2vec_170|mol2vec_176|mol2vec_178|mol2vec_182|mol2vec_184|mol2vec_187|mol2vec_190|mol2vec_195|mol2vec_197|mol2vec_201|mol2vec_204|mol2vec_205|mol2vec_207|mol2vec_212|mol2vec_216|mol2vec_219|mol2vec_220|mol2vec_222|mol2vec_225|mol2vec_233|mol2vec_235|mol2vec_237|mol2vec_240|mol2vec_242|mol2vec_248|mol2vec_249|mol2vec_252|mol2vec_253|mol2vec_255|mol2vec_261|mol2vec_268|mol2vec_272|mol2vec_274|mol2vec_275|mol2vec_276|mol2vec_279|mol2vec_282|mol2vec_283|mol2vec_284|mol2vec_286|mol2vec_287
XGBoost,Mol2Vec,95,0.9885,0.9859,0.9858,0.9959,0.9859,0.9858,0.9803,0.8648,0.7966,0.8329,0.9523,0.7966,0.8137,0.7653,RandomForestImportance,mol2vec_5|mol2vec_12|mol2vec_15|mol2vec_17|mol2vec_23|mol2vec_28|mol2vec_29|mol2vec_31|mol2vec_33|mol2vec_34|mol2vec_35|mol2vec_39|mol2vec_41|mol2vec_48|mol2vec_50|mol2vec_52|mol2vec_55|mol2vec_56|mol2vec_61|mol2vec_70|mol2vec_73|mol2vec_78|mol2vec_83|mol2vec_86|mol2vec_87|mol2vec_91|mol2vec_94|mol2vec_112|mol2vec_114|mol2vec_116|mol2vec_117|mol2vec_119|mol2vec_121|mol2vec_123|mol2vec_124|mol2vec_125|mol2vec_127|mol2vec_131|mol2vec_133|mol2vec_134|mol2vec_135|mol2vec_136|mol2vec_138|mol2vec_141|mol2vec_144|mol2vec_149|mol2vec_152|mol2vec_153|mol2vec_155|mol2vec_157|mol2vec_159|mol2vec_163|mol2vec_165|mol2vec_166|mol2vec_170|mol2vec_176|mol2vec_178|mol2vec_182|mol2vec_184|mol2vec_187|mol2vec_190|mol2vec_195|mol2vec_197|mol2vec_201|mol2vec_204|mol2vec_205|mol2vec_207|mol2vec_212|mol2vec_216|mol2vec_219|mol2vec_220|mol2vec_222|mol2vec_225|mol2vec_233|mol2vec_235|mol2vec_237|mol2vec_240|mol2vec_242|mol2vec_248|mol2vec_249|mol2vec_252|mol2vec_253|mol2vec_255|mol2vec_261|mol2vec_268|mol2vec_272|mol2vec_274|mol2vec_275|mol2vec_276|mol2vec_279|mol2vec_282|mol2vec_283|mol2vec_284|mol2vec_286|mol2vec_287
SVM,Mol2Vec,95,0.8725,0.8127,0.8549,0.9523,0.8127,0.8312,0.7777,0.839,0.7542,0.8112,0.9403,0.7542,0.7787,0.7173,RandomForestImportance,mol2vec_5|mol2vec_12|mol2vec_15|mol2vec_17|mol2vec_23|mol2vec_28|mol2vec_29|mol2vec_31|mol2vec_33|mol2vec_34|mol2vec_35|mol2vec_39|mol2vec_41|mol2vec_48|mol2vec_50|mol2vec_52|mol2vec_55|mol2vec_56|mol2vec_61|mol2vec_70|mol2vec_73|mol2vec_78|mol2vec_83|mol2vec_86|mol2vec_87|mol2vec_91|mol2vec_94|mol2vec_112|mol2vec_114|mol2vec_116|mol2vec_117|mol2vec_119|mol2vec_121|mol2vec_123|mol2vec_124|mol2vec_125|mol2vec_127|mol2vec_131|mol2vec_133|mol2vec_134|mol2vec_135|mol2vec_136|mol2vec_138|mol2vec_141|mol2vec_144|mol2vec_149|mol2vec_152|mol2vec_153|mol2vec_155|mol2vec_157|mol2vec_159|mol2vec_163|mol2vec_165|mol2vec_166|mol2vec_170|mol2vec_176|mol2vec_178|mol2vec_182|mol2vec_184|mol2vec_187|mol2vec_190|mol2vec_195|mol2vec_197|mol2vec_201|mol2vec_204|mol2vec_205|mol2vec_207|mol2vec_212|mol2vec_216|mol2vec_219|mol2vec_220|mol2vec_222|mol2vec_225|mol2vec_233|mol2vec_235|mol2vec_237|mol2vec_240|mol2vec_242|mol2vec_248|mol2vec_249|mol2vec_252|mol2vec_253|mol2vec_255|mol2vec_261|mol2vec_268|mol2vec_272|mol2vec_274|mol2vec_275|mol2vec_276|mol2vec_279|mol2vec_282|mol2vec_283|mol2vec_284|mol2vec_286|mol2vec_287
BiGRU,Mol2Vec,95,0.9162,0.9211,0.889,0.9753,0.9211,0.9033,0.8609,0.8564,0.8316,0.8089,0.957,0.8316,0.8181,0.7603,RandomForestImportance,mol2vec_5|mol2vec_12|mol2vec_15|mol2vec_17|mol2vec_23|mol2vec_28|mol2vec_29|mol2vec_31|mol2vec_33|mol2vec_34|mol2vec_35|mol2vec_39|mol2vec_41|mol2vec_48|mol2vec_50|mol2vec_52|mol2vec_55|mol2vec_56|mol2vec_61|mol2vec_70|mol2vec_73|mol2vec_78|mol2vec_83|mol2vec_86|mol2vec_87|mol2vec_91|mol2vec_94|mol2vec_112|mol2vec_114|mol2vec_116|mol2vec_117|mol2vec_119|mol2vec_121|mol2vec_123|mol2vec_124|mol2vec_125|mol2vec_127|mol2vec_131|mol2vec_133|mol2vec_134|mol2vec_135|mol2vec_136|mol2vec_138|mol2vec_141|mol2vec_144|mol2vec_149|mol2vec_152|mol2vec_153|mol2vec_155|mol2vec_157|mol2vec_159|mol2vec_163|mol2vec_165|mol2vec_166|mol2vec_170|mol2vec_176|mol2vec_178|mol2vec_182|mol2vec_184|mol2vec_187|mol2vec_190|mol2vec_195|mol2vec_197|mol2vec_201|mol2vec_204|mol2vec_205|mol2vec_207|mol2vec_212|mol2vec_216|mol2vec_219|mol2vec_220|mol2vec_222|mol2vec_225|mol2vec_233|mol2vec_235|mol2vec_237|mol2vec_240|mol2vec_242|mol2vec_248|mol2vec_249|mol2vec_252|mol2vec_253|mol2vec_255|mol2vec_261|mol2vec_268|mol2vec_272|mol2vec_274|mol2vec_275|mol2vec_276|mol2vec_279|mol2vec_282|mol2vec_283|mol2vec_284|mol2vec_286|mol2vec_287
BiLSTM,Mol2Vec,95,0.9179,0.9257,0.8905,0.9766,0.9257,0.9063,0.8645,0.8642,0.8394,0.8163,0.9604,0.8394,0.8257,0.7745,RandomForestImportance,mol2vec_5|mol2vec_12|mol2vec_15|mol2vec_17|mol2vec_23|mol2vec_28|mol2vec_29|mol2vec_31|mol2vec_33|mol2vec_34|mol2vec_35|mol2vec_39|mol2vec_41|mol2vec_48|mol2vec_50|mol2vec_52|mol2vec_55|mol2vec_56|mol2vec_61|mol2vec_70|mol2vec_73|mol2vec_78|mol2vec_83|mol2vec_86|mol2vec_87|mol2vec_91|mol2vec_94|mol2vec_112|mol2vec_114|mol2vec_116|mol2vec_117|mol2vec_119|mol2vec_121|mol2vec_123|mol2vec_124|mol2vec_125|mol2vec_127|mol2vec_131|mol2vec_133|mol2vec_134|mol2vec_135|mol2vec_136|mol2vec_138|mol2vec_141|mol2vec_144|mol2vec_149|mol2vec_152|mol2vec_153|mol2vec_155|mol2vec_157|mol2vec_159|mol2vec_163|mol2vec_165|mol2vec_166|mol2vec_170|mol2vec_176|mol2vec_178|mol2vec_182|mol2vec_184|mol2vec_187|mol2vec_190|mol2vec_195|mol2vec_197|mol2vec_201|mol2vec_204|mol2vec_205|mol2vec_207|mol2vec_212|mol2vec_216|mol2vec_219|mol2vec_220|mol2vec_222|mol2vec_225|mol2vec_233|mol2vec_235|mol2vec_237|mol2vec_240|mol2vec_242|mol2vec_248|mol2vec_249|mol2vec_252|mol2vec_253|mol2vec_255|mol2vec_261|mol2vec_268|mol2vec_272|mol2vec_274|mol2vec_275|mol2vec_276|mol2vec_279|mol2vec_282|mol2vec_283|mol2vec_284|mol2vec_286|mol2vec_287
Logistic Regression,ChemBERTa,193,0.8161,0.7533,0.786,0.933,0.7533,0.7674,0.678,0.7916,0.6995,0.7423,0.9246,0.6995,0.7171,0.6323,RandomForestImportance,chemberta_3|chemberta_10|chemberta_17|chemberta_20|chemberta_25|chemberta_41|chemberta_43|chemberta_45|chemberta_51|chemberta_52|chemberta_58|chemberta_63|chemberta_64|chemberta_65|chemberta_68|chemberta_69|chemberta_72|chemberta_73|chemberta_75|chemberta_76|chemberta_81|chemberta_83|chemberta_91|chemberta_93|chemberta_94|chemberta_101|chemberta_107|chemberta_110|chemberta_113|chemberta_117|chemberta_128|chemberta_132|chemberta_136|chemberta_147|chemberta_149|chemberta_150|chemberta_160|chemberta_161|chemberta_169|chemberta_170|chemberta_174|chemberta_185|chemberta_186|chemberta_190|chemberta_201|chemberta_204|chemberta_213|chemberta_214|chemberta_215|chemberta_224|chemberta_230|chemberta_232|chemberta_233|chemberta_235|chemberta_239|chemberta_240|chemberta_243|chemberta_244|chemberta_245|chemberta_248|chemberta_261|chemberta_262|chemberta_263|chemberta_264|chemberta_268|chemberta_270|chemberta_279|chemberta_282|chemberta_285|chemberta_286|chemberta_290|chemberta_291|chemberta_292|chemberta_294|chemberta_302|chemberta_304|chemberta_307|chemberta_311|chemberta_312|chemberta_313|chemberta_314|chemberta_318|chemberta_322|chemberta_325|chemberta_330|chemberta_333|chemberta_337|chemberta_359|chemberta_362|chemberta_363|chemberta_379|chemberta_380|chemberta_384|chemberta_387|chemberta_395|chemberta_397|chemberta_402|chemberta_412|chemberta_416|chemberta_417|chemberta_419|chemberta_420|chemberta_422|chemberta_426|chemberta_427|chemberta_429|chemberta_431|chemberta_441|chemberta_449|chemberta_457|chemberta_460|chemberta_465|chemberta_472|chemberta_475|chemberta_476|chemberta_482|chemberta_490|chemberta_492|chemberta_503|chemberta_510|chemberta_512|chemberta_513|chemberta_516|chemberta_524|chemberta_528|chemberta_535|chemberta_536|chemberta_540|chemberta_541|chemberta_542|chemberta_543|chemberta_545|chemberta_547|chemberta_550|chemberta_554|chemberta_561|chemberta_562|chemberta_563|chemberta_567|chemberta_570|chemberta_581|chemberta_582|chemberta_586|chemberta_587|chemberta_592|chemberta_593|chemberta_604|chemberta_607|chemberta_609|chemberta_612|chemberta_617|chemberta_624|chemberta_625|chemberta_630|chemberta_634|chemberta_635|chemberta_642|chemberta_647|chemberta_650|chemberta_659|chemberta_663|chemberta_665|chemberta_667|chemberta_672|chemberta_674|chemberta_680|chemberta_682|chemberta_691|chemberta_692|chemberta_694|chemberta_695|chemberta_698|chemberta_702|chemberta_704|chemberta_707|chemberta_710|chemberta_711|chemberta_712|chemberta_713|chemberta_715|chemberta_718|chemberta_721|chemberta_723|chemberta_730|chemberta_733|chemberta_740|chemberta_748|chemberta_751|chemberta_753|chemberta_754|chemberta_758|chemberta_760|chemberta_763
Decision Tree,ChemBERTa,193,1.0,1.0,1.0,1.0,1.0,1.0,1.0,0.7091,0.5723,0.5886,0.9036,0.5723,0.5801,0.4961,RandomForestImportance,chemberta_3|chemberta_10|chemberta_17|chemberta_20|chemberta_25|chemberta_41|chemberta_43|chemberta_45|chemberta_51|chemberta_52|chemberta_58|chemberta_63|chemberta_64|chemberta_65|chemberta_68|chemberta_69|chemberta_72|chemberta_73|chemberta_75|chemberta_76|chemberta_81|chemberta_83|chemberta_91|chemberta_93|chemberta_94|chemberta_101|chemberta_107|chemberta_110|chemberta_113|chemberta_117|chemberta_128|chemberta_132|chemberta_136|chemberta_147|chemberta_149|chemberta_150|chemberta_160|chemberta_161|chemberta_169|chemberta_170|chemberta_174|chemberta_185|chemberta_186|chemberta_190|chemberta_201|chemberta_204|chemberta_213|chemberta_214|chemberta_215|chemberta_224|chemberta_230|chemberta_232|chemberta_233|chemberta_235|chemberta_239|chemberta_240|chemberta_243|chemberta_244|chemberta_245|chemberta_248|chemberta_261|chemberta_262|chemberta_263|chemberta_264|chemberta_268|chemberta_270|chemberta_279|chemberta_282|chemberta_285|chemberta_286|chemberta_290|chemberta_291|chemberta_292|chemberta_294|chemberta_302|chemberta_304|chemberta_307|chemberta_311|chemberta_312|chemberta_313|chemberta_314|chemberta_318|chemberta_322|chemberta_325|chemberta_330|chemberta_333|chemberta_337|chemberta_359|chemberta_362|chemberta_363|chemberta_379|chemberta_380|chemberta_384|chemberta_387|chemberta_395|chemberta_397|chemberta_402|chemberta_412|chemberta_416|chemberta_417|chemberta_419|chemberta_420|chemberta_422|chemberta_426|chemberta_427|chemberta_429|chemberta_431|chemberta_441|chemberta_449|chemberta_457|chemberta_460|chemberta_465|chemberta_472|chemberta_475|chemberta_476|chemberta_482|chemberta_490|chemberta_492|chemberta_503|chemberta_510|chemberta_512|chemberta_513|chemberta_516|chemberta_524|chemberta_528|chemberta_535|chemberta_536|chemberta_540|chemberta_541|chemberta_542|chemberta_543|chemberta_545|chemberta_547|chemberta_550|chemberta_554|chemberta_561|chemberta_562|chemberta_563|chemberta_567|chemberta_570|chemberta_581|chemberta_582|chemberta_586|chemberta_587|chemberta_592|chemberta_593|chemberta_604|chemberta_607|chemberta_609|chemberta_612|chemberta_617|chemberta_624|chemberta_625|chemberta_630|chemberta_634|chemberta_635|chemberta_642|chemberta_647|chemberta_650|chemberta_659|chemberta_663|chemberta_665|chemberta_667|chemberta_672|chemberta_674|chemberta_680|chemberta_682|chemberta_691|chemberta_692|chemberta_694|chemberta_695|chemberta_698|chemberta_702|chemberta_704|chemberta_707|chemberta_710|chemberta_711|chemberta_712|chemberta_713|chemberta_715|chemberta_718|chemberta_721|chemberta_723|chemberta_730|chemberta_733|chemberta_740|chemberta_748|chemberta_751|chemberta_753|chemberta_754|chemberta_758|chemberta_760|chemberta_763
Random Forest,ChemBERTa,193,1.0,1.0,1.0,1.0,1.0,1.0,1.0,0.8157,0.7083,0.7964,0.9298,0.7083,0.7437,0.673,RandomForestImportance,chemberta_3|chemberta_10|chemberta_17|chemberta_20|chemberta_25|chemberta_41|chemberta_43|chemberta_45|chemberta_51|chemberta_52|chemberta_58|chemberta_63|chemberta_64|chemberta_65|chemberta_68|chemberta_69|chemberta_72|chemberta_73|chemberta_75|chemberta_76|chemberta_81|chemberta_83|chemberta_91|chemberta_93|chemberta_94|chemberta_101|chemberta_107|chemberta_110|chemberta_113|chemberta_117|chemberta_128|chemberta_132|chemberta_136|chemberta_147|chemberta_149|chemberta_150|chemberta_160|chemberta_161|chemberta_169|chemberta_170|chemberta_174|chemberta_185|chemberta_186|chemberta_190|chemberta_201|chemberta_204|chemberta_213|chemberta_214|chemberta_215|chemberta_224|chemberta_230|chemberta_232|chemberta_233|chemberta_235|chemberta_239|chemberta_240|chemberta_243|chemberta_244|chemberta_245|chemberta_248|chemberta_261|chemberta_262|chemberta_263|chemberta_264|chemberta_268|chemberta_270|chemberta_279|chemberta_282|chemberta_285|chemberta_286|chemberta_290|chemberta_291|chemberta_292|chemberta_294|chemberta_302|chemberta_304|chemberta_307|chemberta_311|chemberta_312|chemberta_313|chemberta_314|chemberta_318|chemberta_322|chemberta_325|chemberta_330|chemberta_333|chemberta_337|chemberta_359|chemberta_362|chemberta_363|chemberta_379|chemberta_380|chemberta_384|chemberta_387|chemberta_395|chemberta_397|chemberta_402|chemberta_412|chemberta_416|chemberta_417|chemberta_419|chemberta_420|chemberta_422|chemberta_426|chemberta_427|chemberta_429|chemberta_431|chemberta_441|chemberta_449|chemberta_457|chemberta_460|chemberta_465|chemberta_472|chemberta_475|chemberta_476|chemberta_482|chemberta_490|chemberta_492|chemberta_503|chemberta_510|chemberta_512|chemberta_513|chemberta_516|chemberta_524|chemberta_528|chemberta_535|chemberta_536|chemberta_540|chemberta_541|chemberta_542|chemberta_543|chemberta_545|chemberta_547|chemberta_550|chemberta_554|chemberta_561|chemberta_562|chemberta_563|chemberta_567|chemberta_570|chemberta_581|chemberta_582|chemberta_586|chemberta_587|chemberta_592|chemberta_593|chemberta_604|chemberta_607|chemberta_609|chemberta_612|chemberta_617|chemberta_624|chemberta_625|chemberta_630|chemberta_634|chemberta_635|chemberta_642|chemberta_647|chemberta_650|chemberta_659|chemberta_663|chemberta_665|chemberta_667|chemberta_672|chemberta_674|chemberta_680|chemberta_682|chemberta_691|chemberta_692|chemberta_694|chemberta_695|chemberta_698|chemberta_702|chemberta_704|chemberta_707|chemberta_710|chemberta_711|chemberta_712|chemberta_713|chemberta_715|chemberta_718|chemberta_721|chemberta_723|chemberta_730|chemberta_733|chemberta_740|chemberta_748|chemberta_751|chemberta_753|chemberta_754|chemberta_758|chemberta_760|chemberta_763
Extra Trees,ChemBERTa,193,1.0,1.0,1.0,1.0,1.0,1.0,1.0,0.821,0.717,0.8067,0.9308,0.717,0.7538,0.682,RandomForestImportance,chemberta_3|chemberta_10|chemberta_17|chemberta_20|chemberta_25|chemberta_41|chemberta_43|chemberta_45|chemberta_51|chemberta_52|chemberta_58|chemberta_63|chemberta_64|chemberta_65|chemberta_68|chemberta_69|chemberta_72|chemberta_73|chemberta_75|chemberta_76|chemberta_81|chemberta_83|chemberta_91|chemberta_93|chemberta_94|chemberta_101|chemberta_107|chemberta_110|chemberta_113|chemberta_117|chemberta_128|chemberta_132|chemberta_136|chemberta_147|chemberta_149|chemberta_150|chemberta_160|chemberta_161|chemberta_169|chemberta_170|chemberta_174|chemberta_185|chemberta_186|chemberta_190|chemberta_201|chemberta_204|chemberta_213|chemberta_214|chemberta_215|chemberta_224|chemberta_230|chemberta_232|chemberta_233|chemberta_235|chemberta_239|chemberta_240|chemberta_243|chemberta_244|chemberta_245|chemberta_248|chemberta_261|chemberta_262|chemberta_263|chemberta_264|chemberta_268|chemberta_270|chemberta_279|chemberta_282|chemberta_285|chemberta_286|chemberta_290|chemberta_291|chemberta_292|chemberta_294|chemberta_302|chemberta_304|chemberta_307|chemberta_311|chemberta_312|chemberta_313|chemberta_314|chemberta_318|chemberta_322|chemberta_325|chemberta_330|chemberta_333|chemberta_337|chemberta_359|chemberta_362|chemberta_363|chemberta_379|chemberta_380|chemberta_384|chemberta_387|chemberta_395|chemberta_397|chemberta_402|chemberta_412|chemberta_416|chemberta_417|chemberta_419|chemberta_420|chemberta_422|chemberta_426|chemberta_427|chemberta_429|chemberta_431|chemberta_441|chemberta_449|chemberta_457|chemberta_460|chemberta_465|chemberta_472|chemberta_475|chemberta_476|chemberta_482|chemberta_490|chemberta_492|chemberta_503|chemberta_510|chemberta_512|chemberta_513|chemberta_516|chemberta_524|chemberta_528|chemberta_535|chemberta_536|chemberta_540|chemberta_541|chemberta_542|chemberta_543|chemberta_545|chemberta_547|chemberta_550|chemberta_554|chemberta_561|chemberta_562|chemberta_563|chemberta_567|chemberta_570|chemberta_581|chemberta_582|chemberta_586|chemberta_587|chemberta_592|chemberta_593|chemberta_604|chemberta_607|chemberta_609|chemberta_612|chemberta_617|chemberta_624|chemberta_625|chemberta_630|chemberta_634|chemberta_635|chemberta_642|chemberta_647|chemberta_650|chemberta_659|chemberta_663|chemberta_665|chemberta_667|chemberta_672|chemberta_674|chemberta_680|chemberta_682|chemberta_691|chemberta_692|chemberta_694|chemberta_695|chemberta_698|chemberta_702|chemberta_704|chemberta_707|chemberta_710|chemberta_711|chemberta_712|chemberta_713|chemberta_715|chemberta_718|chemberta_721|chemberta_723|chemberta_730|chemberta_733|chemberta_740|chemberta_748|chemberta_751|chemberta_753|chemberta_754|chemberta_758|chemberta_760|chemberta_763
Gradient Boosting,ChemBERTa,193,0.9823,0.9753,0.9887,0.9922,0.9753,0.9818,0.9697,0.8185,0.7123,0.7875,0.9343,0.7123,0.7428,0.6802,RandomForestImportance,chemberta_3|chemberta_10|chemberta_17|chemberta_20|chemberta_25|chemberta_41|chemberta_43|chemberta_45|chemberta_51|chemberta_52|chemberta_58|chemberta_63|chemberta_64|chemberta_65|chemberta_68|chemberta_69|chemberta_72|chemberta_73|chemberta_75|chemberta_76|chemberta_81|chemberta_83|chemberta_91|chemberta_93|chemberta_94|chemberta_101|chemberta_107|chemberta_110|chemberta_113|chemberta_117|chemberta_128|chemberta_132|chemberta_136|chemberta_147|chemberta_149|chemberta_150|chemberta_160|chemberta_161|chemberta_169|chemberta_170|chemberta_174|chemberta_185|chemberta_186|chemberta_190|chemberta_201|chemberta_204|chemberta_213|chemberta_214|chemberta_215|chemberta_224|chemberta_230|chemberta_232|chemberta_233|chemberta_235|chemberta_239|chemberta_240|chemberta_243|chemberta_244|chemberta_245|chemberta_248|chemberta_261|chemberta_262|chemberta_263|chemberta_264|chemberta_268|chemberta_270|chemberta_279|chemberta_282|chemberta_285|chemberta_286|chemberta_290|chemberta_291|chemberta_292|chemberta_294|chemberta_302|chemberta_304|chemberta_307|chemberta_311|chemberta_312|chemberta_313|chemberta_314|chemberta_318|chemberta_322|chemberta_325|chemberta_330|chemberta_333|chemberta_337|chemberta_359|chemberta_362|chemberta_363|chemberta_379|chemberta_380|chemberta_384|chemberta_387|chemberta_395|chemberta_397|chemberta_402|chemberta_412|chemberta_416|chemberta_417|chemberta_419|chemberta_420|chemberta_422|chemberta_426|chemberta_427|chemberta_429|chemberta_431|chemberta_441|chemberta_449|chemberta_457|chemberta_460|chemberta_465|chemberta_472|chemberta_475|chemberta_476|chemberta_482|chemberta_490|chemberta_492|chemberta_503|chemberta_510|chemberta_512|chemberta_513|chemberta_516|chemberta_524|chemberta_528|chemberta_535|chemberta_536|chemberta_540|chemberta_541|chemberta_542|chemberta_543|chemberta_545|chemberta_547|chemberta_550|chemberta_554|chemberta_561|chemberta_562|chemberta_563|chemberta_567|chemberta_570|chemberta_581|chemberta_582|chemberta_586|chemberta_587|chemberta_592|chemberta_593|chemberta_604|chemberta_607|chemberta_609|chemberta_612|chemberta_617|chemberta_624|chemberta_625|chemberta_630|chemberta_634|chemberta_635|chemberta_642|chemberta_647|chemberta_650|chemberta_659|chemberta_663|chemberta_665|chemberta_667|chemberta_672|chemberta_674|chemberta_680|chemberta_682|chemberta_691|chemberta_692|chemberta_694|chemberta_695|chemberta_698|chemberta_702|chemberta_704|chemberta_707|chemberta_710|chemberta_711|chemberta_712|chemberta_713|chemberta_715|chemberta_718|chemberta_721|chemberta_723|chemberta_730|chemberta_733|chemberta_740|chemberta_748|chemberta_751|chemberta_753|chemberta_754|chemberta_758|chemberta_760|chemberta_763
AdaBoost,ChemBERTa,193,0.6467,0.3315,0.4521,0.8479,0.3315,0.3421,0.2992,0.6502,0.3327,0.4573,0.8481,0.3327,0.3423,0.3052,RandomForestImportance,chemberta_3|chemberta_10|chemberta_17|chemberta_20|chemberta_25|chemberta_41|chemberta_43|chemberta_45|chemberta_51|chemberta_52|chemberta_58|chemberta_63|chemberta_64|chemberta_65|chemberta_68|chemberta_69|chemberta_72|chemberta_73|chemberta_75|chemberta_76|chemberta_81|chemberta_83|chemberta_91|chemberta_93|chemberta_94|chemberta_101|chemberta_107|chemberta_110|chemberta_113|chemberta_117|chemberta_128|chemberta_132|chemberta_136|chemberta_147|chemberta_149|chemberta_150|chemberta_160|chemberta_161|chemberta_169|chemberta_170|chemberta_174|chemberta_185|chemberta_186|chemberta_190|chemberta_201|chemberta_204|chemberta_213|chemberta_214|chemberta_215|chemberta_224|chemberta_230|chemberta_232|chemberta_233|chemberta_235|chemberta_239|chemberta_240|chemberta_243|chemberta_244|chemberta_245|chemberta_248|chemberta_261|chemberta_262|chemberta_263|chemberta_264|chemberta_268|chemberta_270|chemberta_279|chemberta_282|chemberta_285|chemberta_286|chemberta_290|chemberta_291|chemberta_292|chemberta_294|chemberta_302|chemberta_304|chemberta_307|chemberta_311|chemberta_312|chemberta_313|chemberta_314|chemberta_318|chemberta_322|chemberta_325|chemberta_330|chemberta_333|chemberta_337|chemberta_359|chemberta_362|chemberta_363|chemberta_379|chemberta_380|chemberta_384|chemberta_387|chemberta_395|chemberta_397|chemberta_402|chemberta_412|chemberta_416|chemberta_417|chemberta_419|chemberta_420|chemberta_422|chemberta_426|chemberta_427|chemberta_429|chemberta_431|chemberta_441|chemberta_449|chemberta_457|chemberta_460|chemberta_465|chemberta_472|chemberta_475|chemberta_476|chemberta_482|chemberta_490|chemberta_492|chemberta_503|chemberta_510|chemberta_512|chemberta_513|chemberta_516|chemberta_524|chemberta_528|chemberta_535|chemberta_536|chemberta_540|chemberta_541|chemberta_542|chemberta_543|chemberta_545|chemberta_547|chemberta_550|chemberta_554|chemberta_561|chemberta_562|chemberta_563|chemberta_567|chemberta_570|chemberta_581|chemberta_582|chemberta_586|chemberta_587|chemberta_592|chemberta_593|chemberta_604|chemberta_607|chemberta_609|chemberta_612|chemberta_617|chemberta_624|chemberta_625|chemberta_630|chemberta_634|chemberta_635|chemberta_642|chemberta_647|chemberta_650|chemberta_659|chemberta_663|chemberta_665|chemberta_667|chemberta_672|chemberta_674|chemberta_680|chemberta_682|chemberta_691|chemberta_692|chemberta_694|chemberta_695|chemberta_698|chemberta_702|chemberta_704|chemberta_707|chemberta_710|chemberta_711|chemberta_712|chemberta_713|chemberta_715|chemberta_718|chemberta_721|chemberta_723|chemberta_730|chemberta_733|chemberta_740|chemberta_748|chemberta_751|chemberta_753|chemberta_754|chemberta_758|chemberta_760|chemberta_763
XGBoost,ChemBERTa,193,0.9999,0.9999,1.0,1.0,0.9999,0.9999,0.9999,0.8339,0.7503,0.8072,0.939,0.7503,0.7751,0.7082,RandomForestImportance,chemberta_3|chemberta_10|chemberta_17|chemberta_20|chemberta_25|chemberta_41|chemberta_43|chemberta_45|chemberta_51|chemberta_52|chemberta_58|chemberta_63|chemberta_64|chemberta_65|chemberta_68|chemberta_69|chemberta_72|chemberta_73|chemberta_75|chemberta_76|chemberta_81|chemberta_83|chemberta_91|chemberta_93|chemberta_94|chemberta_101|chemberta_107|chemberta_110|chemberta_113|chemberta_117|chemberta_128|chemberta_132|chemberta_136|chemberta_147|chemberta_149|chemberta_150|chemberta_160|chemberta_161|chemberta_169|chemberta_170|chemberta_174|chemberta_185|chemberta_186|chemberta_190|chemberta_201|chemberta_204|chemberta_213|chemberta_214|chemberta_215|chemberta_224|chemberta_230|chemberta_232|chemberta_233|chemberta_235|chemberta_239|chemberta_240|chemberta_243|chemberta_244|chemberta_245|chemberta_248|chemberta_261|chemberta_262|chemberta_263|chemberta_264|chemberta_268|chemberta_270|chemberta_279|chemberta_282|chemberta_285|chemberta_286|chemberta_290|chemberta_291|chemberta_292|chemberta_294|chemberta_302|chemberta_304|chemberta_307|chemberta_311|chemberta_312|chemberta_313|chemberta_314|chemberta_318|chemberta_322|chemberta_325|chemberta_330|chemberta_333|chemberta_337|chemberta_359|chemberta_362|chemberta_363|chemberta_379|chemberta_380|chemberta_384|chemberta_387|chemberta_395|chemberta_397|chemberta_402|chemberta_412|chemberta_416|chemberta_417|chemberta_419|chemberta_420|chemberta_422|chemberta_426|chemberta_427|chemberta_429|chemberta_431|chemberta_441|chemberta_449|chemberta_457|chemberta_460|chemberta_465|chemberta_472|chemberta_475|chemberta_476|chemberta_482|chemberta_490|chemberta_492|chemberta_503|chemberta_510|chemberta_512|chemberta_513|chemberta_516|chemberta_524|chemberta_528|chemberta_535|chemberta_536|chemberta_540|chemberta_541|chemberta_542|chemberta_543|chemberta_545|chemberta_547|chemberta_550|chemberta_554|chemberta_561|chemberta_562|chemberta_563|chemberta_567|chemberta_570|chemberta_581|chemberta_582|chemberta_586|chemberta_587|chemberta_592|chemberta_593|chemberta_604|chemberta_607|chemberta_609|chemberta_612|chemberta_617|chemberta_624|chemberta_625|chemberta_630|chemberta_634|chemberta_635|chemberta_642|chemberta_647|chemberta_650|chemberta_659|chemberta_663|chemberta_665|chemberta_667|chemberta_672|chemberta_674|chemberta_680|chemberta_682|chemberta_691|chemberta_692|chemberta_694|chemberta_695|chemberta_698|chemberta_702|chemberta_704|chemberta_707|chemberta_710|chemberta_711|chemberta_712|chemberta_713|chemberta_715|chemberta_718|chemberta_721|chemberta_723|chemberta_730|chemberta_733|chemberta_740|chemberta_748|chemberta_751|chemberta_753|chemberta_754|chemberta_758|chemberta_760|chemberta_763
SVM,ChemBERTa,193,0.8996,0.8633,0.8859,0.9637,0.8633,0.8733,0.8264,0.8457,0.7787,0.8169,0.9459,0.7787,0.7934,0.7318,RandomForestImportance,chemberta_3|chemberta_10|chemberta_17|chemberta_20|chemberta_25|chemberta_41|chemberta_43|chemberta_45|chemberta_51|chemberta_52|chemberta_58|chemberta_63|chemberta_64|chemberta_65|chemberta_68|chemberta_69|chemberta_72|chemberta_73|chemberta_75|chemberta_76|chemberta_81|chemberta_83|chemberta_91|chemberta_93|chemberta_94|chemberta_101|chemberta_107|chemberta_110|chemberta_113|chemberta_117|chemberta_128|chemberta_132|chemberta_136|chemberta_147|chemberta_149|chemberta_150|chemberta_160|chemberta_161|chemberta_169|chemberta_170|chemberta_174|chemberta_185|chemberta_186|chemberta_190|chemberta_201|chemberta_204|chemberta_213|chemberta_214|chemberta_215|chemberta_224|chemberta_230|chemberta_232|chemberta_233|chemberta_235|chemberta_239|chemberta_240|chemberta_243|chemberta_244|chemberta_245|chemberta_248|chemberta_261|chemberta_262|chemberta_263|chemberta_264|chemberta_268|chemberta_270|chemberta_279|chemberta_282|chemberta_285|chemberta_286|chemberta_290|chemberta_291|chemberta_292|chemberta_294|chemberta_302|chemberta_304|chemberta_307|chemberta_311|chemberta_312|chemberta_313|chemberta_314|chemberta_318|chemberta_322|chemberta_325|chemberta_330|chemberta_333|chemberta_337|chemberta_359|chemberta_362|chemberta_363|chemberta_379|chemberta_380|chemberta_384|chemberta_387|chemberta_395|chemberta_397|chemberta_402|chemberta_412|chemberta_416|chemberta_417|chemberta_419|chemberta_420|chemberta_422|chemberta_426|chemberta_427|chemberta_429|chemberta_431|chemberta_441|chemberta_449|chemberta_457|chemberta_460|chemberta_465|chemberta_472|chemberta_475|chemberta_476|chemberta_482|chemberta_490|chemberta_492|chemberta_503|chemberta_510|chemberta_512|chemberta_513|chemberta_516|chemberta_524|chemberta_528|chemberta_535|chemberta_536|chemberta_540|chemberta_541|chemberta_542|chemberta_543|chemberta_545|chemberta_547|chemberta_550|chemberta_554|chemberta_561|chemberta_562|chemberta_563|chemberta_567|chemberta_570|chemberta_581|chemberta_582|chemberta_586|chemberta_587|chemberta_592|chemberta_593|chemberta_604|chemberta_607|chemberta_609|chemberta_612|chemberta_617|chemberta_624|chemberta_625|chemberta_630|chemberta_634|chemberta_635|chemberta_642|chemberta_647|chemberta_650|chemberta_659|chemberta_663|chemberta_665|chemberta_667|chemberta_672|chemberta_674|chemberta_680|chemberta_682|chemberta_691|chemberta_692|chemberta_694|chemberta_695|chemberta_698|chemberta_702|chemberta_704|chemberta_707|chemberta_710|chemberta_711|chemberta_712|chemberta_713|chemberta_715|chemberta_718|chemberta_721|chemberta_723|chemberta_730|chemberta_733|chemberta_740|chemberta_748|chemberta_751|chemberta_753|chemberta_754|chemberta_758|chemberta_760|chemberta_763
BiGRU,ChemBERTa,193,0.9461,0.9549,0.9269,0.9853,0.9549,0.939,0.9108,0.8463,0.8118,0.7994,0.9532,0.8118,0.8016,0.7424,RandomForestImportance,chemberta_3|chemberta_10|chemberta_17|chemberta_20|chemberta_25|chemberta_41|chemberta_43|chemberta_45|chemberta_51|chemberta_52|chemberta_58|chemberta_63|chemberta_64|chemberta_65|chemberta_68|chemberta_69|chemberta_72|chemberta_73|chemberta_75|chemberta_76|chemberta_81|chemberta_83|chemberta_91|chemberta_93|chemberta_94|chemberta_101|chemberta_107|chemberta_110|chemberta_113|chemberta_117|chemberta_128|chemberta_132|chemberta_136|chemberta_147|chemberta_149|chemberta_150|chemberta_160|chemberta_161|chemberta_169|chemberta_170|chemberta_174|chemberta_185|chemberta_186|chemberta_190|chemberta_201|chemberta_204|chemberta_213|chemberta_214|chemberta_215|chemberta_224|chemberta_230|chemberta_232|chemberta_233|chemberta_235|chemberta_239|chemberta_240|chemberta_243|chemberta_244|chemberta_245|chemberta_248|chemberta_261|chemberta_262|chemberta_263|chemberta_264|chemberta_268|chemberta_270|chemberta_279|chemberta_282|chemberta_285|chemberta_286|chemberta_290|chemberta_291|chemberta_292|chemberta_294|chemberta_302|chemberta_304|chemberta_307|chemberta_311|chemberta_312|chemberta_313|chemberta_314|chemberta_318|chemberta_322|chemberta_325|chemberta_330|chemberta_333|chemberta_337|chemberta_359|chemberta_362|chemberta_363|chemberta_379|chemberta_380|chemberta_384|chemberta_387|chemberta_395|chemberta_397|chemberta_402|chemberta_412|chemberta_416|chemberta_417|chemberta_419|chemberta_420|chemberta_422|chemberta_426|chemberta_427|chemberta_429|chemberta_431|chemberta_441|chemberta_449|chemberta_457|chemberta_460|chemberta_465|chemberta_472|chemberta_475|chemberta_476|chemberta_482|chemberta_490|chemberta_492|chemberta_503|chemberta_510|chemberta_512|chemberta_513|chemberta_516|chemberta_524|chemberta_528|chemberta_535|chemberta_536|chemberta_540|chemberta_541|chemberta_542|chemberta_543|chemberta_545|chemberta_547|chemberta_550|chemberta_554|chemberta_561|chemberta_562|chemberta_563|chemberta_567|chemberta_570|chemberta_581|chemberta_582|chemberta_586|chemberta_587|chemberta_592|chemberta_593|chemberta_604|chemberta_607|chemberta_609|chemberta_612|chemberta_617|chemberta_624|chemberta_625|chemberta_630|chemberta_634|chemberta_635|chemberta_642|chemberta_647|chemberta_650|chemberta_659|chemberta_663|chemberta_665|chemberta_667|chemberta_672|chemberta_674|chemberta_680|chemberta_682|chemberta_691|chemberta_692|chemberta_694|chemberta_695|chemberta_698|chemberta_702|chemberta_704|chemberta_707|chemberta_710|chemberta_711|chemberta_712|chemberta_713|chemberta_715|chemberta_718|chemberta_721|chemberta_723|chemberta_730|chemberta_733|chemberta_740|chemberta_748|chemberta_751|chemberta_753|chemberta_754|chemberta_758|chemberta_760|chemberta_763
BiLSTM,ChemBERTa,193,0.9404,0.9461,0.9181,0.9833,0.9461,0.9306,0.901,0.8471,0.8085,0.7962,0.9535,0.8085,0.8008,0.7429,RandomForestImportance,chemberta_3|chemberta_10|chemberta_17|chemberta_20|chemberta_25|chemberta_41|chemberta_43|chemberta_45|chemberta_51|chemberta_52|chemberta_58|chemberta_63|chemberta_64|chemberta_65|chemberta_68|chemberta_69|chemberta_72|chemberta_73|chemberta_75|chemberta_76|chemberta_81|chemberta_83|chemberta_91|chemberta_93|chemberta_94|chemberta_101|chemberta_107|chemberta_110|chemberta_113|chemberta_117|chemberta_128|chemberta_132|chemberta_136|chemberta_147|chemberta_149|chemberta_150|chemberta_160|chemberta_161|chemberta_169|chemberta_170|chemberta_174|chemberta_185|chemberta_186|chemberta_190|chemberta_201|chemberta_204|chemberta_213|chemberta_214|chemberta_215|chemberta_224|chemberta_230|chemberta_232|chemberta_233|chemberta_235|chemberta_239|chemberta_240|chemberta_243|chemberta_244|chemberta_245|chemberta_248|chemberta_261|chemberta_262|chemberta_263|chemberta_264|chemberta_268|chemberta_270|chemberta_279|chemberta_282|chemberta_285|chemberta_286|chemberta_290|chemberta_291|chemberta_292|chemberta_294|chemberta_302|chemberta_304|chemberta_307|chemberta_311|chemberta_312|chemberta_313|chemberta_314|chemberta_318|chemberta_322|chemberta_325|chemberta_330|chemberta_333|chemberta_337|chemberta_359|chemberta_362|chemberta_363|chemberta_379|chemberta_380|chemberta_384|chemberta_387|chemberta_395|chemberta_397|chemberta_402|chemberta_412|chemberta_416|chemberta_417|chemberta_419|chemberta_420|chemberta_422|chemberta_426|chemberta_427|chemberta_429|chemberta_431|chemberta_441|chemberta_449|chemberta_457|chemberta_460|chemberta_465|chemberta_472|chemberta_475|chemberta_476|chemberta_482|chemberta_490|chemberta_492|chemberta_503|chemberta_510|chemberta_512|chemberta_513|chemberta_516|chemberta_524|chemberta_528|chemberta_535|chemberta_536|chemberta_540|chemberta_541|chemberta_542|chemberta_543|chemberta_545|chemberta_547|chemberta_550|chemberta_554|chemberta_561|chemberta_562|chemberta_563|chemberta_567|chemberta_570|chemberta_581|chemberta_582|chemberta_586|chemberta_587|chemberta_592|chemberta_593|chemberta_604|chemberta_607|chemberta_609|chemberta_612|chemberta_617|chemberta_624|chemberta_625|chemberta_630|chemberta_634|chemberta_635|chemberta_642|chemberta_647|chemberta_650|chemberta_659|chemberta_663|chemberta_665|chemberta_667|chemberta_672|chemberta_674|chemberta_680|chemberta_682|chemberta_691|chemberta_692|chemberta_694|chemberta_695|chemberta_698|chemberta_702|chemberta_704|chemberta_707|chemberta_710|chemberta_711|chemberta_712|chemberta_713|chemberta_715|chemberta_718|chemberta_721|chemberta_723|chemberta_730|chemberta_733|chemberta_740|chemberta_748|chemberta_751|chemberta_753|chemberta_754|chemberta_758|chemberta_760|chemberta_763
