Model,Embedding,Selected_Features,Train_ACC,Train_BACC,Train_PRE,Train_SPEC,Train_SENS,Train_F1,Train_MCC,Test_ACC,Test_BACC,Test_PRE,Test_SPEC,Test_SENS,Test_F1,Test_MCC,Selector,Selected_Feature_Names
Logistic Regression,RDKit,141,0.8269,0.7784,0.7971,0.9382,0.7784,0.7867,0.699,0.8163,0.7592,0.7838,0.9348,0.7592,0.7698,0.6805,CorrelationFilter,MaxAbsEStateIndex|MinAbsEStateIndex|MinEStateIndex|qed|SPS|MolWt|MaxPartialCharge|MinPartialCharge|MaxAbsPartialCharge|FpDensityMorgan1|FpDensityMorgan2|FpDensityMorgan3|BCUT2D_MWHI|BCUT2D_MWLOW|BCUT2D_CHGHI|BCUT2D_CHGLO|BCUT2D_LOGPHI|BCUT2D_LOGPLOW|BCUT2D_MRHI|BCUT2D_MRLOW|AvgIpc|BalabanJ|BertzCT|HallKierAlpha|Ipc|Kappa2|Kappa3|PEOE_VSA1|PEOE_VSA10|PEOE_VSA11|PEOE_VSA12|PEOE_VSA13|PEOE_VSA14|PEOE_VSA2|PEOE_VSA3|PEOE_VSA4|PEOE_VSA5|PEOE_VSA6|PEOE_VSA7|PEOE_VSA8|PEOE_VSA9|SMR_VSA10|SMR_VSA2|SMR_VSA3|SMR_VSA4|SMR_VSA5|SMR_VSA6|SMR_VSA7|SMR_VSA9|SlogP_VSA1|SlogP_VSA10|SlogP_VSA12|SlogP_VSA3|SlogP_VSA4|SlogP_VSA5|SlogP_VSA7|SlogP_VSA8|TPSA|EState_VSA1|EState_VSA10|EState_VSA2|EState_VSA3|EState_VSA4|EState_VSA5|EState_VSA6|EState_VSA7|EState_VSA8|EState_VSA9|VSA_EState1|VSA_EState10|VSA_EState2|VSA_EState3|VSA_EState4|VSA_EState5|VSA_EState6|VSA_EState7|VSA_EState8|VSA_EState9|FractionCSP3|NHOHCount|NumAliphaticCarbocycles|NumAliphaticHeterocycles|NumAliphaticRings|NumAmideBonds|NumAromaticCarbocycles|NumAromaticHeterocycles|NumAromaticRings|NumAtomStereoCenters|NumBridgeheadAtoms|NumHeterocycles|NumRotatableBonds|NumSaturatedHeterocycles|NumSpiroAtoms|NumUnspecifiedAtomStereoCenters|RingCount|MolLogP|fr_Al_COO|fr_Al_OH|fr_ArN|fr_Ar_COO|fr_Ar_N|fr_Ar_NH|fr_Ar_OH|fr_C_O|fr_C_O_noCOO|fr_Imine|fr_NH0|fr_NH1|fr_NH2|fr_Ndealkylation1|fr_Ndealkylation2|fr_SH|fr_aldehyde|fr_alkyl_halide|fr_allylic_oxid|fr_aniline|fr_aryl_methyl|fr_bicyclic|fr_ester|fr_ether|fr_furan|fr_halogen|fr_imidazole|fr_ketone|fr_ketone_Topliss|fr_lactone|fr_methoxy|fr_nitrile|fr_nitro|fr_nitro_arom|fr_nitro_arom_nonortho|fr_para_hydroxylation|fr_phos_acid|fr_phos_ester|fr_piperdine|fr_priamide|fr_pyridine|fr_sulfide|fr_sulfonamd|fr_unbrch_alkane|fr_urea
Decision Tree,RDKit,141,0.9897,0.9824,0.9947,0.9952,0.9824,0.9883,0.9824,0.8356,0.7523,0.7813,0.9454,0.7523,0.7658,0.716,CorrelationFilter,MaxAbsEStateIndex|MinAbsEStateIndex|MinEStateIndex|qed|SPS|MolWt|MaxPartialCharge|MinPartialCharge|MaxAbsPartialCharge|FpDensityMorgan1|FpDensityMorgan2|FpDensityMorgan3|BCUT2D_MWHI|BCUT2D_MWLOW|BCUT2D_CHGHI|BCUT2D_CHGLO|BCUT2D_LOGPHI|BCUT2D_LOGPLOW|BCUT2D_MRHI|BCUT2D_MRLOW|AvgIpc|BalabanJ|BertzCT|HallKierAlpha|Ipc|Kappa2|Kappa3|PEOE_VSA1|PEOE_VSA10|PEOE_VSA11|PEOE_VSA12|PEOE_VSA13|PEOE_VSA14|PEOE_VSA2|PEOE_VSA3|PEOE_VSA4|PEOE_VSA5|PEOE_VSA6|PEOE_VSA7|PEOE_VSA8|PEOE_VSA9|SMR_VSA10|SMR_VSA2|SMR_VSA3|SMR_VSA4|SMR_VSA5|SMR_VSA6|SMR_VSA7|SMR_VSA9|SlogP_VSA1|SlogP_VSA10|SlogP_VSA12|SlogP_VSA3|SlogP_VSA4|SlogP_VSA5|SlogP_VSA7|SlogP_VSA8|TPSA|EState_VSA1|EState_VSA10|EState_VSA2|EState_VSA3|EState_VSA4|EState_VSA5|EState_VSA6|EState_VSA7|EState_VSA8|EState_VSA9|VSA_EState1|VSA_EState10|VSA_EState2|VSA_EState3|VSA_EState4|VSA_EState5|VSA_EState6|VSA_EState7|VSA_EState8|VSA_EState9|FractionCSP3|NHOHCount|NumAliphaticCarbocycles|NumAliphaticHeterocycles|NumAliphaticRings|NumAmideBonds|NumAromaticCarbocycles|NumAromaticHeterocycles|NumAromaticRings|NumAtomStereoCenters|NumBridgeheadAtoms|NumHeterocycles|NumRotatableBonds|NumSaturatedHeterocycles|NumSpiroAtoms|NumUnspecifiedAtomStereoCenters|RingCount|MolLogP|fr_Al_COO|fr_Al_OH|fr_ArN|fr_Ar_COO|fr_Ar_N|fr_Ar_NH|fr_Ar_OH|fr_C_O|fr_C_O_noCOO|fr_Imine|fr_NH0|fr_NH1|fr_NH2|fr_Ndealkylation1|fr_Ndealkylation2|fr_SH|fr_aldehyde|fr_alkyl_halide|fr_allylic_oxid|fr_aniline|fr_aryl_methyl|fr_bicyclic|fr_ester|fr_ether|fr_furan|fr_halogen|fr_imidazole|fr_ketone|fr_ketone_Topliss|fr_lactone|fr_methoxy|fr_nitrile|fr_nitro|fr_nitro_arom|fr_nitro_arom_nonortho|fr_para_hydroxylation|fr_phos_acid|fr_phos_ester|fr_piperdine|fr_priamide|fr_pyridine|fr_sulfide|fr_sulfonamd|fr_unbrch_alkane|fr_urea
Random Forest,RDKit,141,0.9897,0.9893,0.9878,0.9965,0.9893,0.9885,0.9824,0.8909,0.8457,0.8694,0.9617,0.8457,0.857,0.8113,CorrelationFilter,MaxAbsEStateIndex|MinAbsEStateIndex|MinEStateIndex|qed|SPS|MolWt|MaxPartialCharge|MinPartialCharge|MaxAbsPartialCharge|FpDensityMorgan1|FpDensityMorgan2|FpDensityMorgan3|BCUT2D_MWHI|BCUT2D_MWLOW|BCUT2D_CHGHI|BCUT2D_CHGLO|BCUT2D_LOGPHI|BCUT2D_LOGPLOW|BCUT2D_MRHI|BCUT2D_MRLOW|AvgIpc|BalabanJ|BertzCT|HallKierAlpha|Ipc|Kappa2|Kappa3|PEOE_VSA1|PEOE_VSA10|PEOE_VSA11|PEOE_VSA12|PEOE_VSA13|PEOE_VSA14|PEOE_VSA2|PEOE_VSA3|PEOE_VSA4|PEOE_VSA5|PEOE_VSA6|PEOE_VSA7|PEOE_VSA8|PEOE_VSA9|SMR_VSA10|SMR_VSA2|SMR_VSA3|SMR_VSA4|SMR_VSA5|SMR_VSA6|SMR_VSA7|SMR_VSA9|SlogP_VSA1|SlogP_VSA10|SlogP_VSA12|SlogP_VSA3|SlogP_VSA4|SlogP_VSA5|SlogP_VSA7|SlogP_VSA8|TPSA|EState_VSA1|EState_VSA10|EState_VSA2|EState_VSA3|EState_VSA4|EState_VSA5|EState_VSA6|EState_VSA7|EState_VSA8|EState_VSA9|VSA_EState1|VSA_EState10|VSA_EState2|VSA_EState3|VSA_EState4|VSA_EState5|VSA_EState6|VSA_EState7|VSA_EState8|VSA_EState9|FractionCSP3|NHOHCount|NumAliphaticCarbocycles|NumAliphaticHeterocycles|NumAliphaticRings|NumAmideBonds|NumAromaticCarbocycles|NumAromaticHeterocycles|NumAromaticRings|NumAtomStereoCenters|NumBridgeheadAtoms|NumHeterocycles|NumRotatableBonds|NumSaturatedHeterocycles|NumSpiroAtoms|NumUnspecifiedAtomStereoCenters|RingCount|MolLogP|fr_Al_COO|fr_Al_OH|fr_ArN|fr_Ar_COO|fr_Ar_N|fr_Ar_NH|fr_Ar_OH|fr_C_O|fr_C_O_noCOO|fr_Imine|fr_NH0|fr_NH1|fr_NH2|fr_Ndealkylation1|fr_Ndealkylation2|fr_SH|fr_aldehyde|fr_alkyl_halide|fr_allylic_oxid|fr_aniline|fr_aryl_methyl|fr_bicyclic|fr_ester|fr_ether|fr_furan|fr_halogen|fr_imidazole|fr_ketone|fr_ketone_Topliss|fr_lactone|fr_methoxy|fr_nitrile|fr_nitro|fr_nitro_arom|fr_nitro_arom_nonortho|fr_para_hydroxylation|fr_phos_acid|fr_phos_ester|fr_piperdine|fr_priamide|fr_pyridine|fr_sulfide|fr_sulfonamd|fr_unbrch_alkane|fr_urea
Extra Trees,RDKit,141,0.9897,0.9824,0.9947,0.9952,0.9824,0.9883,0.9824,0.8917,0.8521,0.8686,0.9613,0.8521,0.8599,0.8127,CorrelationFilter,MaxAbsEStateIndex|MinAbsEStateIndex|MinEStateIndex|qed|SPS|MolWt|MaxPartialCharge|MinPartialCharge|MaxAbsPartialCharge|FpDensityMorgan1|FpDensityMorgan2|FpDensityMorgan3|BCUT2D_MWHI|BCUT2D_MWLOW|BCUT2D_CHGHI|BCUT2D_CHGLO|BCUT2D_LOGPHI|BCUT2D_LOGPLOW|BCUT2D_MRHI|BCUT2D_MRLOW|AvgIpc|BalabanJ|BertzCT|HallKierAlpha|Ipc|Kappa2|Kappa3|PEOE_VSA1|PEOE_VSA10|PEOE_VSA11|PEOE_VSA12|PEOE_VSA13|PEOE_VSA14|PEOE_VSA2|PEOE_VSA3|PEOE_VSA4|PEOE_VSA5|PEOE_VSA6|PEOE_VSA7|PEOE_VSA8|PEOE_VSA9|SMR_VSA10|SMR_VSA2|SMR_VSA3|SMR_VSA4|SMR_VSA5|SMR_VSA6|SMR_VSA7|SMR_VSA9|SlogP_VSA1|SlogP_VSA10|SlogP_VSA12|SlogP_VSA3|SlogP_VSA4|SlogP_VSA5|SlogP_VSA7|SlogP_VSA8|TPSA|EState_VSA1|EState_VSA10|EState_VSA2|EState_VSA3|EState_VSA4|EState_VSA5|EState_VSA6|EState_VSA7|EState_VSA8|EState_VSA9|VSA_EState1|VSA_EState10|VSA_EState2|VSA_EState3|VSA_EState4|VSA_EState5|VSA_EState6|VSA_EState7|VSA_EState8|VSA_EState9|FractionCSP3|NHOHCount|NumAliphaticCarbocycles|NumAliphaticHeterocycles|NumAliphaticRings|NumAmideBonds|NumAromaticCarbocycles|NumAromaticHeterocycles|NumAromaticRings|NumAtomStereoCenters|NumBridgeheadAtoms|NumHeterocycles|NumRotatableBonds|NumSaturatedHeterocycles|NumSpiroAtoms|NumUnspecifiedAtomStereoCenters|RingCount|MolLogP|fr_Al_COO|fr_Al_OH|fr_ArN|fr_Ar_COO|fr_Ar_N|fr_Ar_NH|fr_Ar_OH|fr_C_O|fr_C_O_noCOO|fr_Imine|fr_NH0|fr_NH1|fr_NH2|fr_Ndealkylation1|fr_Ndealkylation2|fr_SH|fr_aldehyde|fr_alkyl_halide|fr_allylic_oxid|fr_aniline|fr_aryl_methyl|fr_bicyclic|fr_ester|fr_ether|fr_furan|fr_halogen|fr_imidazole|fr_ketone|fr_ketone_Topliss|fr_lactone|fr_methoxy|fr_nitrile|fr_nitro|fr_nitro_arom|fr_nitro_arom_nonortho|fr_para_hydroxylation|fr_phos_acid|fr_phos_ester|fr_piperdine|fr_priamide|fr_pyridine|fr_sulfide|fr_sulfonamd|fr_unbrch_alkane|fr_urea
Gradient Boosting,RDKit,141,0.9832,0.9804,0.9833,0.9936,0.9804,0.9818,0.9713,0.885,0.8354,0.8661,0.9592,0.8354,0.8501,0.8006,CorrelationFilter,MaxAbsEStateIndex|MinAbsEStateIndex|MinEStateIndex|qed|SPS|MolWt|MaxPartialCharge|MinPartialCharge|MaxAbsPartialCharge|FpDensityMorgan1|FpDensityMorgan2|FpDensityMorgan3|BCUT2D_MWHI|BCUT2D_MWLOW|BCUT2D_CHGHI|BCUT2D_CHGLO|BCUT2D_LOGPHI|BCUT2D_LOGPLOW|BCUT2D_MRHI|BCUT2D_MRLOW|AvgIpc|BalabanJ|BertzCT|HallKierAlpha|Ipc|Kappa2|Kappa3|PEOE_VSA1|PEOE_VSA10|PEOE_VSA11|PEOE_VSA12|PEOE_VSA13|PEOE_VSA14|PEOE_VSA2|PEOE_VSA3|PEOE_VSA4|PEOE_VSA5|PEOE_VSA6|PEOE_VSA7|PEOE_VSA8|PEOE_VSA9|SMR_VSA10|SMR_VSA2|SMR_VSA3|SMR_VSA4|SMR_VSA5|SMR_VSA6|SMR_VSA7|SMR_VSA9|SlogP_VSA1|SlogP_VSA10|SlogP_VSA12|SlogP_VSA3|SlogP_VSA4|SlogP_VSA5|SlogP_VSA7|SlogP_VSA8|TPSA|EState_VSA1|EState_VSA10|EState_VSA2|EState_VSA3|EState_VSA4|EState_VSA5|EState_VSA6|EState_VSA7|EState_VSA8|EState_VSA9|VSA_EState1|VSA_EState10|VSA_EState2|VSA_EState3|VSA_EState4|VSA_EState5|VSA_EState6|VSA_EState7|VSA_EState8|VSA_EState9|FractionCSP3|NHOHCount|NumAliphaticCarbocycles|NumAliphaticHeterocycles|NumAliphaticRings|NumAmideBonds|NumAromaticCarbocycles|NumAromaticHeterocycles|NumAromaticRings|NumAtomStereoCenters|NumBridgeheadAtoms|NumHeterocycles|NumRotatableBonds|NumSaturatedHeterocycles|NumSpiroAtoms|NumUnspecifiedAtomStereoCenters|RingCount|MolLogP|fr_Al_COO|fr_Al_OH|fr_ArN|fr_Ar_COO|fr_Ar_N|fr_Ar_NH|fr_Ar_OH|fr_C_O|fr_C_O_noCOO|fr_Imine|fr_NH0|fr_NH1|fr_NH2|fr_Ndealkylation1|fr_Ndealkylation2|fr_SH|fr_aldehyde|fr_alkyl_halide|fr_allylic_oxid|fr_aniline|fr_aryl_methyl|fr_bicyclic|fr_ester|fr_ether|fr_furan|fr_halogen|fr_imidazole|fr_ketone|fr_ketone_Topliss|fr_lactone|fr_methoxy|fr_nitrile|fr_nitro|fr_nitro_arom|fr_nitro_arom_nonortho|fr_para_hydroxylation|fr_phos_acid|fr_phos_ester|fr_piperdine|fr_priamide|fr_pyridine|fr_sulfide|fr_sulfonamd|fr_unbrch_alkane|fr_urea
AdaBoost,RDKit,141,0.6815,0.4169,0.4833,0.8656,0.4169,0.4262,0.3921,0.6878,0.4257,0.4904,0.8685,0.4257,0.4339,0.4069,CorrelationFilter,MaxAbsEStateIndex|MinAbsEStateIndex|MinEStateIndex|qed|SPS|MolWt|MaxPartialCharge|MinPartialCharge|MaxAbsPartialCharge|FpDensityMorgan1|FpDensityMorgan2|FpDensityMorgan3|BCUT2D_MWHI|BCUT2D_MWLOW|BCUT2D_CHGHI|BCUT2D_CHGLO|BCUT2D_LOGPHI|BCUT2D_LOGPLOW|BCUT2D_MRHI|BCUT2D_MRLOW|AvgIpc|BalabanJ|BertzCT|HallKierAlpha|Ipc|Kappa2|Kappa3|PEOE_VSA1|PEOE_VSA10|PEOE_VSA11|PEOE_VSA12|PEOE_VSA13|PEOE_VSA14|PEOE_VSA2|PEOE_VSA3|PEOE_VSA4|PEOE_VSA5|PEOE_VSA6|PEOE_VSA7|PEOE_VSA8|PEOE_VSA9|SMR_VSA10|SMR_VSA2|SMR_VSA3|SMR_VSA4|SMR_VSA5|SMR_VSA6|SMR_VSA7|SMR_VSA9|SlogP_VSA1|SlogP_VSA10|SlogP_VSA12|SlogP_VSA3|SlogP_VSA4|SlogP_VSA5|SlogP_VSA7|SlogP_VSA8|TPSA|EState_VSA1|EState_VSA10|EState_VSA2|EState_VSA3|EState_VSA4|EState_VSA5|EState_VSA6|EState_VSA7|EState_VSA8|EState_VSA9|VSA_EState1|VSA_EState10|VSA_EState2|VSA_EState3|VSA_EState4|VSA_EState5|VSA_EState6|VSA_EState7|VSA_EState8|VSA_EState9|FractionCSP3|NHOHCount|NumAliphaticCarbocycles|NumAliphaticHeterocycles|NumAliphaticRings|NumAmideBonds|NumAromaticCarbocycles|NumAromaticHeterocycles|NumAromaticRings|NumAtomStereoCenters|NumBridgeheadAtoms|NumHeterocycles|NumRotatableBonds|NumSaturatedHeterocycles|NumSpiroAtoms|NumUnspecifiedAtomStereoCenters|RingCount|MolLogP|fr_Al_COO|fr_Al_OH|fr_ArN|fr_Ar_COO|fr_Ar_N|fr_Ar_NH|fr_Ar_OH|fr_C_O|fr_C_O_noCOO|fr_Imine|fr_NH0|fr_NH1|fr_NH2|fr_Ndealkylation1|fr_Ndealkylation2|fr_SH|fr_aldehyde|fr_alkyl_halide|fr_allylic_oxid|fr_aniline|fr_aryl_methyl|fr_bicyclic|fr_ester|fr_ether|fr_furan|fr_halogen|fr_imidazole|fr_ketone|fr_ketone_Topliss|fr_lactone|fr_methoxy|fr_nitrile|fr_nitro|fr_nitro_arom|fr_nitro_arom_nonortho|fr_para_hydroxylation|fr_phos_acid|fr_phos_ester|fr_piperdine|fr_priamide|fr_pyridine|fr_sulfide|fr_sulfonamd|fr_unbrch_alkane|fr_urea
XGBoost,RDKit,141,0.9884,0.988,0.9868,0.996,0.988,0.9874,0.9802,0.8898,0.843,0.874,0.9604,0.843,0.8576,0.8088,CorrelationFilter,MaxAbsEStateIndex|MinAbsEStateIndex|MinEStateIndex|qed|SPS|MolWt|MaxPartialCharge|MinPartialCharge|MaxAbsPartialCharge|FpDensityMorgan1|FpDensityMorgan2|FpDensityMorgan3|BCUT2D_MWHI|BCUT2D_MWLOW|BCUT2D_CHGHI|BCUT2D_CHGLO|BCUT2D_LOGPHI|BCUT2D_LOGPLOW|BCUT2D_MRHI|BCUT2D_MRLOW|AvgIpc|BalabanJ|BertzCT|HallKierAlpha|Ipc|Kappa2|Kappa3|PEOE_VSA1|PEOE_VSA10|PEOE_VSA11|PEOE_VSA12|PEOE_VSA13|PEOE_VSA14|PEOE_VSA2|PEOE_VSA3|PEOE_VSA4|PEOE_VSA5|PEOE_VSA6|PEOE_VSA7|PEOE_VSA8|PEOE_VSA9|SMR_VSA10|SMR_VSA2|SMR_VSA3|SMR_VSA4|SMR_VSA5|SMR_VSA6|SMR_VSA7|SMR_VSA9|SlogP_VSA1|SlogP_VSA10|SlogP_VSA12|SlogP_VSA3|SlogP_VSA4|SlogP_VSA5|SlogP_VSA7|SlogP_VSA8|TPSA|EState_VSA1|EState_VSA10|EState_VSA2|EState_VSA3|EState_VSA4|EState_VSA5|EState_VSA6|EState_VSA7|EState_VSA8|EState_VSA9|VSA_EState1|VSA_EState10|VSA_EState2|VSA_EState3|VSA_EState4|VSA_EState5|VSA_EState6|VSA_EState7|VSA_EState8|VSA_EState9|FractionCSP3|NHOHCount|NumAliphaticCarbocycles|NumAliphaticHeterocycles|NumAliphaticRings|NumAmideBonds|NumAromaticCarbocycles|NumAromaticHeterocycles|NumAromaticRings|NumAtomStereoCenters|NumBridgeheadAtoms|NumHeterocycles|NumRotatableBonds|NumSaturatedHeterocycles|NumSpiroAtoms|NumUnspecifiedAtomStereoCenters|RingCount|MolLogP|fr_Al_COO|fr_Al_OH|fr_ArN|fr_Ar_COO|fr_Ar_N|fr_Ar_NH|fr_Ar_OH|fr_C_O|fr_C_O_noCOO|fr_Imine|fr_NH0|fr_NH1|fr_NH2|fr_Ndealkylation1|fr_Ndealkylation2|fr_SH|fr_aldehyde|fr_alkyl_halide|fr_allylic_oxid|fr_aniline|fr_aryl_methyl|fr_bicyclic|fr_ester|fr_ether|fr_furan|fr_halogen|fr_imidazole|fr_ketone|fr_ketone_Topliss|fr_lactone|fr_methoxy|fr_nitrile|fr_nitro|fr_nitro_arom|fr_nitro_arom_nonortho|fr_para_hydroxylation|fr_phos_acid|fr_phos_ester|fr_piperdine|fr_priamide|fr_pyridine|fr_sulfide|fr_sulfonamd|fr_unbrch_alkane|fr_urea
SVM,RDKit,141,0.885,0.8419,0.8643,0.9582,0.8419,0.8517,0.8005,0.8567,0.7952,0.8326,0.9478,0.7952,0.8118,0.75,CorrelationFilter,MaxAbsEStateIndex|MinAbsEStateIndex|MinEStateIndex|qed|SPS|MolWt|MaxPartialCharge|MinPartialCharge|MaxAbsPartialCharge|FpDensityMorgan1|FpDensityMorgan2|FpDensityMorgan3|BCUT2D_MWHI|BCUT2D_MWLOW|BCUT2D_CHGHI|BCUT2D_CHGLO|BCUT2D_LOGPHI|BCUT2D_LOGPLOW|BCUT2D_MRHI|BCUT2D_MRLOW|AvgIpc|BalabanJ|BertzCT|HallKierAlpha|Ipc|Kappa2|Kappa3|PEOE_VSA1|PEOE_VSA10|PEOE_VSA11|PEOE_VSA12|PEOE_VSA13|PEOE_VSA14|PEOE_VSA2|PEOE_VSA3|PEOE_VSA4|PEOE_VSA5|PEOE_VSA6|PEOE_VSA7|PEOE_VSA8|PEOE_VSA9|SMR_VSA10|SMR_VSA2|SMR_VSA3|SMR_VSA4|SMR_VSA5|SMR_VSA6|SMR_VSA7|SMR_VSA9|SlogP_VSA1|SlogP_VSA10|SlogP_VSA12|SlogP_VSA3|SlogP_VSA4|SlogP_VSA5|SlogP_VSA7|SlogP_VSA8|TPSA|EState_VSA1|EState_VSA10|EState_VSA2|EState_VSA3|EState_VSA4|EState_VSA5|EState_VSA6|EState_VSA7|EState_VSA8|EState_VSA9|VSA_EState1|VSA_EState10|VSA_EState2|VSA_EState3|VSA_EState4|VSA_EState5|VSA_EState6|VSA_EState7|VSA_EState8|VSA_EState9|FractionCSP3|NHOHCount|NumAliphaticCarbocycles|NumAliphaticHeterocycles|NumAliphaticRings|NumAmideBonds|NumAromaticCarbocycles|NumAromaticHeterocycles|NumAromaticRings|NumAtomStereoCenters|NumBridgeheadAtoms|NumHeterocycles|NumRotatableBonds|NumSaturatedHeterocycles|NumSpiroAtoms|NumUnspecifiedAtomStereoCenters|RingCount|MolLogP|fr_Al_COO|fr_Al_OH|fr_ArN|fr_Ar_COO|fr_Ar_N|fr_Ar_NH|fr_Ar_OH|fr_C_O|fr_C_O_noCOO|fr_Imine|fr_NH0|fr_NH1|fr_NH2|fr_Ndealkylation1|fr_Ndealkylation2|fr_SH|fr_aldehyde|fr_alkyl_halide|fr_allylic_oxid|fr_aniline|fr_aryl_methyl|fr_bicyclic|fr_ester|fr_ether|fr_furan|fr_halogen|fr_imidazole|fr_ketone|fr_ketone_Topliss|fr_lactone|fr_methoxy|fr_nitrile|fr_nitro|fr_nitro_arom|fr_nitro_arom_nonortho|fr_para_hydroxylation|fr_phos_acid|fr_phos_ester|fr_piperdine|fr_priamide|fr_pyridine|fr_sulfide|fr_sulfonamd|fr_unbrch_alkane|fr_urea
BiGRU,RDKit,141,0.9151,0.9243,0.894,0.9758,0.9243,0.9061,0.8605,0.8684,0.8507,0.8302,0.9608,0.8507,0.838,0.7812,CorrelationFilter,MaxAbsEStateIndex|MinAbsEStateIndex|MinEStateIndex|qed|SPS|MolWt|MaxPartialCharge|MinPartialCharge|MaxAbsPartialCharge|FpDensityMorgan1|FpDensityMorgan2|FpDensityMorgan3|BCUT2D_MWHI|BCUT2D_MWLOW|BCUT2D_CHGHI|BCUT2D_CHGLO|BCUT2D_LOGPHI|BCUT2D_LOGPLOW|BCUT2D_MRHI|BCUT2D_MRLOW|AvgIpc|BalabanJ|BertzCT|HallKierAlpha|Ipc|Kappa2|Kappa3|PEOE_VSA1|PEOE_VSA10|PEOE_VSA11|PEOE_VSA12|PEOE_VSA13|PEOE_VSA14|PEOE_VSA2|PEOE_VSA3|PEOE_VSA4|PEOE_VSA5|PEOE_VSA6|PEOE_VSA7|PEOE_VSA8|PEOE_VSA9|SMR_VSA10|SMR_VSA2|SMR_VSA3|SMR_VSA4|SMR_VSA5|SMR_VSA6|SMR_VSA7|SMR_VSA9|SlogP_VSA1|SlogP_VSA10|SlogP_VSA12|SlogP_VSA3|SlogP_VSA4|SlogP_VSA5|SlogP_VSA7|SlogP_VSA8|TPSA|EState_VSA1|EState_VSA10|EState_VSA2|EState_VSA3|EState_VSA4|EState_VSA5|EState_VSA6|EState_VSA7|EState_VSA8|EState_VSA9|VSA_EState1|VSA_EState10|VSA_EState2|VSA_EState3|VSA_EState4|VSA_EState5|VSA_EState6|VSA_EState7|VSA_EState8|VSA_EState9|FractionCSP3|NHOHCount|NumAliphaticCarbocycles|NumAliphaticHeterocycles|NumAliphaticRings|NumAmideBonds|NumAromaticCarbocycles|NumAromaticHeterocycles|NumAromaticRings|NumAtomStereoCenters|NumBridgeheadAtoms|NumHeterocycles|NumRotatableBonds|NumSaturatedHeterocycles|NumSpiroAtoms|NumUnspecifiedAtomStereoCenters|RingCount|MolLogP|fr_Al_COO|fr_Al_OH|fr_ArN|fr_Ar_COO|fr_Ar_N|fr_Ar_NH|fr_Ar_OH|fr_C_O|fr_C_O_noCOO|fr_Imine|fr_NH0|fr_NH1|fr_NH2|fr_Ndealkylation1|fr_Ndealkylation2|fr_SH|fr_aldehyde|fr_alkyl_halide|fr_allylic_oxid|fr_aniline|fr_aryl_methyl|fr_bicyclic|fr_ester|fr_ether|fr_furan|fr_halogen|fr_imidazole|fr_ketone|fr_ketone_Topliss|fr_lactone|fr_methoxy|fr_nitrile|fr_nitro|fr_nitro_arom|fr_nitro_arom_nonortho|fr_para_hydroxylation|fr_phos_acid|fr_phos_ester|fr_piperdine|fr_priamide|fr_pyridine|fr_sulfide|fr_sulfonamd|fr_unbrch_alkane|fr_urea
BiLSTM,RDKit,141,0.9165,0.9329,0.8936,0.9778,0.9329,0.9093,0.8652,0.8721,0.8554,0.8344,0.9629,0.8554,0.8421,0.7892,CorrelationFilter,MaxAbsEStateIndex|MinAbsEStateIndex|MinEStateIndex|qed|SPS|MolWt|MaxPartialCharge|MinPartialCharge|MaxAbsPartialCharge|FpDensityMorgan1|FpDensityMorgan2|FpDensityMorgan3|BCUT2D_MWHI|BCUT2D_MWLOW|BCUT2D_CHGHI|BCUT2D_CHGLO|BCUT2D_LOGPHI|BCUT2D_LOGPLOW|BCUT2D_MRHI|BCUT2D_MRLOW|AvgIpc|BalabanJ|BertzCT|HallKierAlpha|Ipc|Kappa2|Kappa3|PEOE_VSA1|PEOE_VSA10|PEOE_VSA11|PEOE_VSA12|PEOE_VSA13|PEOE_VSA14|PEOE_VSA2|PEOE_VSA3|PEOE_VSA4|PEOE_VSA5|PEOE_VSA6|PEOE_VSA7|PEOE_VSA8|PEOE_VSA9|SMR_VSA10|SMR_VSA2|SMR_VSA3|SMR_VSA4|SMR_VSA5|SMR_VSA6|SMR_VSA7|SMR_VSA9|SlogP_VSA1|SlogP_VSA10|SlogP_VSA12|SlogP_VSA3|SlogP_VSA4|SlogP_VSA5|SlogP_VSA7|SlogP_VSA8|TPSA|EState_VSA1|EState_VSA10|EState_VSA2|EState_VSA3|EState_VSA4|EState_VSA5|EState_VSA6|EState_VSA7|EState_VSA8|EState_VSA9|VSA_EState1|VSA_EState10|VSA_EState2|VSA_EState3|VSA_EState4|VSA_EState5|VSA_EState6|VSA_EState7|VSA_EState8|VSA_EState9|FractionCSP3|NHOHCount|NumAliphaticCarbocycles|NumAliphaticHeterocycles|NumAliphaticRings|NumAmideBonds|NumAromaticCarbocycles|NumAromaticHeterocycles|NumAromaticRings|NumAtomStereoCenters|NumBridgeheadAtoms|NumHeterocycles|NumRotatableBonds|NumSaturatedHeterocycles|NumSpiroAtoms|NumUnspecifiedAtomStereoCenters|RingCount|MolLogP|fr_Al_COO|fr_Al_OH|fr_ArN|fr_Ar_COO|fr_Ar_N|fr_Ar_NH|fr_Ar_OH|fr_C_O|fr_C_O_noCOO|fr_Imine|fr_NH0|fr_NH1|fr_NH2|fr_Ndealkylation1|fr_Ndealkylation2|fr_SH|fr_aldehyde|fr_alkyl_halide|fr_allylic_oxid|fr_aniline|fr_aryl_methyl|fr_bicyclic|fr_ester|fr_ether|fr_furan|fr_halogen|fr_imidazole|fr_ketone|fr_ketone_Topliss|fr_lactone|fr_methoxy|fr_nitrile|fr_nitro|fr_nitro_arom|fr_nitro_arom_nonortho|fr_para_hydroxylation|fr_phos_acid|fr_phos_ester|fr_piperdine|fr_priamide|fr_pyridine|fr_sulfide|fr_sulfonamd|fr_unbrch_alkane|fr_urea
Logistic Regression,Morgan FP,1984,0.9733,0.9687,0.9696,0.9906,0.9687,0.9691,0.9543,0.8079,0.729,0.7486,0.9387,0.729,0.7378,0.6721,CorrelationFilter,fp_bit_0|fp_bit_1|fp_bit_2|fp_bit_3|fp_bit_4|fp_bit_5|fp_bit_6|fp_bit_7|fp_bit_8|fp_bit_9|fp_bit_10|fp_bit_11|fp_bit_12|fp_bit_13|fp_bit_14|fp_bit_15|fp_bit_16|fp_bit_17|fp_bit_18|fp_bit_19|fp_bit_20|fp_bit_21|fp_bit_22|fp_bit_23|fp_bit_24|fp_bit_25|fp_bit_26|fp_bit_27|fp_bit_28|fp_bit_29|fp_bit_30|fp_bit_31|fp_bit_32|fp_bit_33|fp_bit_34|fp_bit_35|fp_bit_36|fp_bit_37|fp_bit_38|fp_bit_39|fp_bit_40|fp_bit_41|fp_bit_42|fp_bit_43|fp_bit_44|fp_bit_45|fp_bit_46|fp_bit_47|fp_bit_48|fp_bit_49|fp_bit_50|fp_bit_51|fp_bit_52|fp_bit_53|fp_bit_54|fp_bit_55|fp_bit_56|fp_bit_57|fp_bit_58|fp_bit_59|fp_bit_60|fp_bit_61|fp_bit_62|fp_bit_63|fp_bit_64|fp_bit_65|fp_bit_66|fp_bit_67|fp_bit_68|fp_bit_69|fp_bit_70|fp_bit_72|fp_bit_73|fp_bit_74|fp_bit_75|fp_bit_76|fp_bit_77|fp_bit_78|fp_bit_79|fp_bit_80|fp_bit_81|fp_bit_82|fp_bit_83|fp_bit_84|fp_bit_86|fp_bit_87|fp_bit_88|fp_bit_89|fp_bit_90|fp_bit_91|fp_bit_92|fp_bit_93|fp_bit_94|fp_bit_95|fp_bit_96|fp_bit_97|fp_bit_98|fp_bit_99|fp_bit_100|fp_bit_101|fp_bit_102|fp_bit_103|fp_bit_104|fp_bit_105|fp_bit_106|fp_bit_107|fp_bit_108|fp_bit_109|fp_bit_110|fp_bit_111|fp_bit_112|fp_bit_113|fp_bit_114|fp_bit_115|fp_bit_116|fp_bit_117|fp_bit_118|fp_bit_119|fp_bit_120|fp_bit_121|fp_bit_125|fp_bit_126|fp_bit_127|fp_bit_128|fp_bit_129|fp_bit_130|fp_bit_131|fp_bit_132|fp_bit_133|fp_bit_134|fp_bit_135|fp_bit_136|fp_bit_137|fp_bit_139|fp_bit_140|fp_bit_141|fp_bit_142|fp_bit_143|fp_bit_144|fp_bit_145|fp_bit_146|fp_bit_147|fp_bit_148|fp_bit_149|fp_bit_150|fp_bit_151|fp_bit_152|fp_bit_153|fp_bit_154|fp_bit_155|fp_bit_156|fp_bit_157|fp_bit_158|fp_bit_159|fp_bit_160|fp_bit_162|fp_bit_163|fp_bit_164|fp_bit_165|fp_bit_166|fp_bit_167|fp_bit_168|fp_bit_169|fp_bit_170|fp_bit_171|fp_bit_172|fp_bit_173|fp_bit_174|fp_bit_175|fp_bit_176|fp_bit_177|fp_bit_178|fp_bit_179|fp_bit_180|fp_bit_181|fp_bit_182|fp_bit_183|fp_bit_184|fp_bit_185|fp_bit_186|fp_bit_187|fp_bit_188|fp_bit_189|fp_bit_190|fp_bit_191|fp_bit_192|fp_bit_193|fp_bit_194|fp_bit_195|fp_bit_196|fp_bit_197|fp_bit_198|fp_bit_199|fp_bit_200|fp_bit_201|fp_bit_202|fp_bit_203|fp_bit_204|fp_bit_205|fp_bit_206|fp_bit_207|fp_bit_208|fp_bit_209|fp_bit_210|fp_bit_211|fp_bit_212|fp_bit_213|fp_bit_215|fp_bit_216|fp_bit_217|fp_bit_218|fp_bit_219|fp_bit_220|fp_bit_221|fp_bit_222|fp_bit_223|fp_bit_224|fp_bit_225|fp_bit_226|fp_bit_227|fp_bit_228|fp_bit_229|fp_bit_230|fp_bit_231|fp_bit_232|fp_bit_233|fp_bit_234|fp_bit_235|fp_bit_236|fp_bit_237|fp_bit_238|fp_bit_239|fp_bit_240|fp_bit_241|fp_bit_242|fp_bit_243|fp_bit_244|fp_bit_245|fp_bit_246|fp_bit_247|fp_bit_248|fp_bit_249|fp_bit_250|fp_bit_251|fp_bit_252|fp_bit_253|fp_bit_254|fp_bit_255|fp_bit_256|fp_bit_257|fp_bit_258|fp_bit_259|fp_bit_260|fp_bit_261|fp_bit_262|fp_bit_263|fp_bit_264|fp_bit_265|fp_bit_266|fp_bit_267|fp_bit_268|fp_bit_269|fp_bit_270|fp_bit_271|fp_bit_272|fp_bit_273|fp_bit_274|fp_bit_275|fp_bit_276|fp_bit_277|fp_bit_278|fp_bit_279|fp_bit_280|fp_bit_281|fp_bit_282|fp_bit_283|fp_bit_284|fp_bit_285|fp_bit_286|fp_bit_287|fp_bit_289|fp_bit_290|fp_bit_291|fp_bit_292|fp_bit_293|fp_bit_294|fp_bit_295|fp_bit_296|fp_bit_297|fp_bit_298|fp_bit_299|fp_bit_300|fp_bit_301|fp_bit_302|fp_bit_303|fp_bit_304|fp_bit_305|fp_bit_306|fp_bit_307|fp_bit_308|fp_bit_309|fp_bit_310|fp_bit_311|fp_bit_312|fp_bit_313|fp_bit_314|fp_bit_315|fp_bit_316|fp_bit_317|fp_bit_318|fp_bit_319|fp_bit_320|fp_bit_321|fp_bit_322|fp_bit_323|fp_bit_324|fp_bit_325|fp_bit_326|fp_bit_327|fp_bit_328|fp_bit_329|fp_bit_330|fp_bit_331|fp_bit_332|fp_bit_333|fp_bit_334|fp_bit_335|fp_bit_336|fp_bit_337|fp_bit_338|fp_bit_339|fp_bit_340|fp_bit_341|fp_bit_342|fp_bit_343|fp_bit_344|fp_bit_345|fp_bit_347|fp_bit_348|fp_bit_349|fp_bit_350|fp_bit_351|fp_bit_352|fp_bit_353|fp_bit_354|fp_bit_355|fp_bit_356|fp_bit_357|fp_bit_358|fp_bit_359|fp_bit_360|fp_bit_361|fp_bit_362|fp_bit_363|fp_bit_364|fp_bit_365|fp_bit_366|fp_bit_367|fp_bit_368|fp_bit_369|fp_bit_370|fp_bit_371|fp_bit_372|fp_bit_373|fp_bit_374|fp_bit_375|fp_bit_376|fp_bit_377|fp_bit_378|fp_bit_379|fp_bit_380|fp_bit_381|fp_bit_382|fp_bit_383|fp_bit_384|fp_bit_385|fp_bit_386|fp_bit_387|fp_bit_388|fp_bit_389|fp_bit_390|fp_bit_391|fp_bit_392|fp_bit_393|fp_bit_394|fp_bit_395|fp_bit_396|fp_bit_397|fp_bit_398|fp_bit_399|fp_bit_400|fp_bit_401|fp_bit_402|fp_bit_403|fp_bit_404|fp_bit_405|fp_bit_406|fp_bit_407|fp_bit_408|fp_bit_409|fp_bit_411|fp_bit_412|fp_bit_413|fp_bit_414|fp_bit_415|fp_bit_416|fp_bit_417|fp_bit_418|fp_bit_419|fp_bit_420|fp_bit_421|fp_bit_422|fp_bit_423|fp_bit_424|fp_bit_425|fp_bit_426|fp_bit_427|fp_bit_428|fp_bit_429|fp_bit_430|fp_bit_431|fp_bit_432|fp_bit_433|fp_bit_434|fp_bit_435|fp_bit_437|fp_bit_438|fp_bit_439|fp_bit_440|fp_bit_441|fp_bit_442|fp_bit_443|fp_bit_444|fp_bit_445|fp_bit_446|fp_bit_447|fp_bit_448|fp_bit_449|fp_bit_450|fp_bit_451|fp_bit_452|fp_bit_453|fp_bit_454|fp_bit_455|fp_bit_456|fp_bit_457|fp_bit_458|fp_bit_459|fp_bit_460|fp_bit_461|fp_bit_462|fp_bit_463|fp_bit_464|fp_bit_465|fp_bit_466|fp_bit_467|fp_bit_468|fp_bit_469|fp_bit_470|fp_bit_471|fp_bit_472|fp_bit_473|fp_bit_474|fp_bit_475|fp_bit_476|fp_bit_477|fp_bit_478|fp_bit_479|fp_bit_480|fp_bit_481|fp_bit_482|fp_bit_483|fp_bit_484|fp_bit_485|fp_bit_486|fp_bit_487|fp_bit_488|fp_bit_489|fp_bit_490|fp_bit_491|fp_bit_492|fp_bit_493|fp_bit_494|fp_bit_495|fp_bit_496|fp_bit_497|fp_bit_499|fp_bit_500|fp_bit_501|fp_bit_502|fp_bit_503|fp_bit_504|fp_bit_505|fp_bit_506|fp_bit_507|fp_bit_508|fp_bit_509|fp_bit_510|fp_bit_511|fp_bit_512|fp_bit_513|fp_bit_514|fp_bit_516|fp_bit_517|fp_bit_518|fp_bit_519|fp_bit_520|fp_bit_521|fp_bit_522|fp_bit_523|fp_bit_524|fp_bit_525|fp_bit_526|fp_bit_527|fp_bit_528|fp_bit_529|fp_bit_530|fp_bit_531|fp_bit_532|fp_bit_533|fp_bit_534|fp_bit_535|fp_bit_536|fp_bit_537|fp_bit_538|fp_bit_540|fp_bit_541|fp_bit_542|fp_bit_543|fp_bit_544|fp_bit_545|fp_bit_546|fp_bit_547|fp_bit_548|fp_bit_549|fp_bit_550|fp_bit_551|fp_bit_552|fp_bit_553|fp_bit_554|fp_bit_555|fp_bit_556|fp_bit_557|fp_bit_558|fp_bit_559|fp_bit_560|fp_bit_561|fp_bit_562|fp_bit_563|fp_bit_564|fp_bit_565|fp_bit_566|fp_bit_567|fp_bit_568|fp_bit_569|fp_bit_570|fp_bit_572|fp_bit_573|fp_bit_574|fp_bit_575|fp_bit_576|fp_bit_578|fp_bit_579|fp_bit_580|fp_bit_581|fp_bit_582|fp_bit_583|fp_bit_584|fp_bit_585|fp_bit_586|fp_bit_587|fp_bit_588|fp_bit_589|fp_bit_590|fp_bit_591|fp_bit_592|fp_bit_593|fp_bit_594|fp_bit_595|fp_bit_596|fp_bit_597|fp_bit_598|fp_bit_599|fp_bit_600|fp_bit_601|fp_bit_602|fp_bit_603|fp_bit_604|fp_bit_605|fp_bit_606|fp_bit_607|fp_bit_608|fp_bit_609|fp_bit_610|fp_bit_611|fp_bit_612|fp_bit_613|fp_bit_614|fp_bit_615|fp_bit_616|fp_bit_617|fp_bit_618|fp_bit_619|fp_bit_620|fp_bit_621|fp_bit_622|fp_bit_623|fp_bit_624|fp_bit_625|fp_bit_626|fp_bit_627|fp_bit_628|fp_bit_629|fp_bit_630|fp_bit_631|fp_bit_632|fp_bit_633|fp_bit_634|fp_bit_635|fp_bit_636|fp_bit_637|fp_bit_638|fp_bit_639|fp_bit_640|fp_bit_641|fp_bit_642|fp_bit_643|fp_bit_644|fp_bit_645|fp_bit_646|fp_bit_647|fp_bit_648|fp_bit_649|fp_bit_650|fp_bit_651|fp_bit_652|fp_bit_653|fp_bit_654|fp_bit_655|fp_bit_656|fp_bit_657|fp_bit_658|fp_bit_659|fp_bit_660|fp_bit_661|fp_bit_662|fp_bit_663|fp_bit_664|fp_bit_665|fp_bit_666|fp_bit_667|fp_bit_668|fp_bit_669|fp_bit_670|fp_bit_672|fp_bit_673|fp_bit_674|fp_bit_675|fp_bit_676|fp_bit_677|fp_bit_678|fp_bit_679|fp_bit_680|fp_bit_681|fp_bit_682|fp_bit_683|fp_bit_684|fp_bit_685|fp_bit_686|fp_bit_687|fp_bit_688|fp_bit_689|fp_bit_690|fp_bit_691|fp_bit_692|fp_bit_693|fp_bit_694|fp_bit_695|fp_bit_696|fp_bit_697|fp_bit_698|fp_bit_699|fp_bit_700|fp_bit_701|fp_bit_702|fp_bit_703|fp_bit_704|fp_bit_705|fp_bit_706|fp_bit_707|fp_bit_708|fp_bit_710|fp_bit_711|fp_bit_712|fp_bit_713|fp_bit_714|fp_bit_715|fp_bit_716|fp_bit_717|fp_bit_718|fp_bit_719|fp_bit_720|fp_bit_721|fp_bit_722|fp_bit_723|fp_bit_724|fp_bit_725|fp_bit_726|fp_bit_727|fp_bit_728|fp_bit_729|fp_bit_730|fp_bit_731|fp_bit_732|fp_bit_733|fp_bit_734|fp_bit_735|fp_bit_736|fp_bit_737|fp_bit_738|fp_bit_739|fp_bit_740|fp_bit_741|fp_bit_742|fp_bit_743|fp_bit_744|fp_bit_745|fp_bit_746|fp_bit_747|fp_bit_748|fp_bit_749|fp_bit_750|fp_bit_751|fp_bit_752|fp_bit_753|fp_bit_754|fp_bit_755|fp_bit_756|fp_bit_757|fp_bit_758|fp_bit_759|fp_bit_760|fp_bit_761|fp_bit_762|fp_bit_763|fp_bit_764|fp_bit_765|fp_bit_766|fp_bit_767|fp_bit_768|fp_bit_769|fp_bit_770|fp_bit_771|fp_bit_772|fp_bit_773|fp_bit_774|fp_bit_775|fp_bit_776|fp_bit_778|fp_bit_779|fp_bit_780|fp_bit_781|fp_bit_782|fp_bit_783|fp_bit_784|fp_bit_785|fp_bit_786|fp_bit_787|fp_bit_788|fp_bit_789|fp_bit_790|fp_bit_791|fp_bit_794|fp_bit_795|fp_bit_796|fp_bit_797|fp_bit_798|fp_bit_799|fp_bit_800|fp_bit_801|fp_bit_802|fp_bit_803|fp_bit_804|fp_bit_805|fp_bit_806|fp_bit_807|fp_bit_808|fp_bit_809|fp_bit_810|fp_bit_811|fp_bit_812|fp_bit_814|fp_bit_815|fp_bit_816|fp_bit_817|fp_bit_818|fp_bit_819|fp_bit_820|fp_bit_821|fp_bit_822|fp_bit_823|fp_bit_824|fp_bit_825|fp_bit_826|fp_bit_827|fp_bit_828|fp_bit_829|fp_bit_830|fp_bit_831|fp_bit_832|fp_bit_833|fp_bit_834|fp_bit_835|fp_bit_836|fp_bit_837|fp_bit_838|fp_bit_839|fp_bit_840|fp_bit_841|fp_bit_842|fp_bit_843|fp_bit_844|fp_bit_845|fp_bit_846|fp_bit_847|fp_bit_848|fp_bit_849|fp_bit_850|fp_bit_851|fp_bit_852|fp_bit_853|fp_bit_854|fp_bit_855|fp_bit_856|fp_bit_857|fp_bit_858|fp_bit_859|fp_bit_860|fp_bit_861|fp_bit_862|fp_bit_863|fp_bit_864|fp_bit_865|fp_bit_867|fp_bit_868|fp_bit_869|fp_bit_870|fp_bit_871|fp_bit_872|fp_bit_873|fp_bit_874|fp_bit_875|fp_bit_876|fp_bit_877|fp_bit_878|fp_bit_879|fp_bit_880|fp_bit_881|fp_bit_882|fp_bit_883|fp_bit_884|fp_bit_885|fp_bit_886|fp_bit_887|fp_bit_888|fp_bit_889|fp_bit_890|fp_bit_891|fp_bit_892|fp_bit_893|fp_bit_894|fp_bit_895|fp_bit_896|fp_bit_897|fp_bit_898|fp_bit_899|fp_bit_900|fp_bit_901|fp_bit_902|fp_bit_903|fp_bit_904|fp_bit_905|fp_bit_906|fp_bit_907|fp_bit_908|fp_bit_909|fp_bit_910|fp_bit_911|fp_bit_912|fp_bit_913|fp_bit_914|fp_bit_915|fp_bit_916|fp_bit_917|fp_bit_918|fp_bit_919|fp_bit_921|fp_bit_922|fp_bit_923|fp_bit_924|fp_bit_925|fp_bit_926|fp_bit_927|fp_bit_928|fp_bit_929|fp_bit_930|fp_bit_931|fp_bit_932|fp_bit_934|fp_bit_935|fp_bit_936|fp_bit_937|fp_bit_938|fp_bit_939|fp_bit_940|fp_bit_941|fp_bit_942|fp_bit_943|fp_bit_944|fp_bit_945|fp_bit_946|fp_bit_947|fp_bit_948|fp_bit_949|fp_bit_950|fp_bit_951|fp_bit_952|fp_bit_953|fp_bit_954|fp_bit_955|fp_bit_956|fp_bit_957|fp_bit_958|fp_bit_959|fp_bit_960|fp_bit_961|fp_bit_962|fp_bit_963|fp_bit_964|fp_bit_965|fp_bit_966|fp_bit_967|fp_bit_968|fp_bit_970|fp_bit_971|fp_bit_973|fp_bit_974|fp_bit_975|fp_bit_976|fp_bit_977|fp_bit_978|fp_bit_979|fp_bit_980|fp_bit_981|fp_bit_983|fp_bit_984|fp_bit_985|fp_bit_986|fp_bit_987|fp_bit_988|fp_bit_989|fp_bit_990|fp_bit_991|fp_bit_992|fp_bit_993|fp_bit_994|fp_bit_995|fp_bit_996|fp_bit_997|fp_bit_998|fp_bit_999|fp_bit_1000|fp_bit_1001|fp_bit_1002|fp_bit_1003|fp_bit_1004|fp_bit_1005|fp_bit_1006|fp_bit_1007|fp_bit_1008|fp_bit_1009|fp_bit_1010|fp_bit_1011|fp_bit_1012|fp_bit_1013|fp_bit_1014|fp_bit_1015|fp_bit_1016|fp_bit_1017|fp_bit_1018|fp_bit_1019|fp_bit_1020|fp_bit_1021|fp_bit_1022|fp_bit_1023|fp_bit_1024|fp_bit_1025|fp_bit_1026|fp_bit_1027|fp_bit_1028|fp_bit_1029|fp_bit_1031|fp_bit_1032|fp_bit_1033|fp_bit_1034|fp_bit_1035|fp_bit_1036|fp_bit_1037|fp_bit_1038|fp_bit_1039|fp_bit_1040|fp_bit_1041|fp_bit_1042|fp_bit_1043|fp_bit_1044|fp_bit_1045|fp_bit_1046|fp_bit_1047|fp_bit_1048|fp_bit_1049|fp_bit_1050|fp_bit_1051|fp_bit_1052|fp_bit_1053|fp_bit_1054|fp_bit_1055|fp_bit_1056|fp_bit_1057|fp_bit_1058|fp_bit_1059|fp_bit_1060|fp_bit_1061|fp_bit_1062|fp_bit_1063|fp_bit_1064|fp_bit_1065|fp_bit_1066|fp_bit_1067|fp_bit_1068|fp_bit_1069|fp_bit_1070|fp_bit_1071|fp_bit_1072|fp_bit_1073|fp_bit_1074|fp_bit_1075|fp_bit_1076|fp_bit_1077|fp_bit_1078|fp_bit_1079|fp_bit_1080|fp_bit_1081|fp_bit_1082|fp_bit_1083|fp_bit_1084|fp_bit_1085|fp_bit_1086|fp_bit_1087|fp_bit_1088|fp_bit_1089|fp_bit_1090|fp_bit_1091|fp_bit_1092|fp_bit_1093|fp_bit_1095|fp_bit_1096|fp_bit_1097|fp_bit_1098|fp_bit_1099|fp_bit_1100|fp_bit_1101|fp_bit_1102|fp_bit_1103|fp_bit_1104|fp_bit_1105|fp_bit_1106|fp_bit_1107|fp_bit_1109|fp_bit_1110|fp_bit_1111|fp_bit_1112|fp_bit_1113|fp_bit_1114|fp_bit_1115|fp_bit_1116|fp_bit_1117|fp_bit_1118|fp_bit_1119|fp_bit_1120|fp_bit_1121|fp_bit_1122|fp_bit_1123|fp_bit_1124|fp_bit_1125|fp_bit_1126|fp_bit_1127|fp_bit_1128|fp_bit_1129|fp_bit_1130|fp_bit_1131|fp_bit_1132|fp_bit_1133|fp_bit_1134|fp_bit_1135|fp_bit_1136|fp_bit_1137|fp_bit_1138|fp_bit_1139|fp_bit_1140|fp_bit_1141|fp_bit_1142|fp_bit_1143|fp_bit_1144|fp_bit_1145|fp_bit_1146|fp_bit_1147|fp_bit_1148|fp_bit_1149|fp_bit_1150|fp_bit_1152|fp_bit_1153|fp_bit_1154|fp_bit_1155|fp_bit_1156|fp_bit_1157|fp_bit_1158|fp_bit_1160|fp_bit_1162|fp_bit_1163|fp_bit_1164|fp_bit_1165|fp_bit_1167|fp_bit_1168|fp_bit_1169|fp_bit_1170|fp_bit_1171|fp_bit_1172|fp_bit_1173|fp_bit_1174|fp_bit_1175|fp_bit_1176|fp_bit_1177|fp_bit_1179|fp_bit_1180|fp_bit_1181|fp_bit_1182|fp_bit_1183|fp_bit_1184|fp_bit_1185|fp_bit_1186|fp_bit_1187|fp_bit_1188|fp_bit_1189|fp_bit_1190|fp_bit_1191|fp_bit_1192|fp_bit_1193|fp_bit_1194|fp_bit_1195|fp_bit_1196|fp_bit_1197|fp_bit_1198|fp_bit_1199|fp_bit_1200|fp_bit_1201|fp_bit_1202|fp_bit_1203|fp_bit_1205|fp_bit_1206|fp_bit_1207|fp_bit_1208|fp_bit_1209|fp_bit_1210|fp_bit_1211|fp_bit_1212|fp_bit_1213|fp_bit_1214|fp_bit_1215|fp_bit_1216|fp_bit_1217|fp_bit_1218|fp_bit_1219|fp_bit_1220|fp_bit_1221|fp_bit_1222|fp_bit_1223|fp_bit_1224|fp_bit_1225|fp_bit_1226|fp_bit_1227|fp_bit_1228|fp_bit_1229|fp_bit_1230|fp_bit_1231|fp_bit_1232|fp_bit_1233|fp_bit_1234|fp_bit_1235|fp_bit_1236|fp_bit_1237|fp_bit_1238|fp_bit_1239|fp_bit_1240|fp_bit_1241|fp_bit_1242|fp_bit_1243|fp_bit_1244|fp_bit_1245|fp_bit_1246|fp_bit_1247|fp_bit_1248|fp_bit_1249|fp_bit_1250|fp_bit_1251|fp_bit_1252|fp_bit_1253|fp_bit_1254|fp_bit_1255|fp_bit_1256|fp_bit_1257|fp_bit_1258|fp_bit_1259|fp_bit_1260|fp_bit_1261|fp_bit_1262|fp_bit_1263|fp_bit_1264|fp_bit_1265|fp_bit_1266|fp_bit_1267|fp_bit_1268|fp_bit_1269|fp_bit_1270|fp_bit_1271|fp_bit_1272|fp_bit_1273|fp_bit_1274|fp_bit_1275|fp_bit_1276|fp_bit_1277|fp_bit_1278|fp_bit_1279|fp_bit_1280|fp_bit_1281|fp_bit_1282|fp_bit_1283|fp_bit_1284|fp_bit_1285|fp_bit_1286|fp_bit_1287|fp_bit_1288|fp_bit_1289|fp_bit_1290|fp_bit_1291|fp_bit_1292|fp_bit_1293|fp_bit_1294|fp_bit_1295|fp_bit_1296|fp_bit_1297|fp_bit_1298|fp_bit_1299|fp_bit_1300|fp_bit_1301|fp_bit_1302|fp_bit_1303|fp_bit_1304|fp_bit_1305|fp_bit_1306|fp_bit_1307|fp_bit_1308|fp_bit_1309|fp_bit_1310|fp_bit_1311|fp_bit_1312|fp_bit_1313|fp_bit_1314|fp_bit_1317|fp_bit_1318|fp_bit_1319|fp_bit_1321|fp_bit_1322|fp_bit_1323|fp_bit_1324|fp_bit_1325|fp_bit_1326|fp_bit_1327|fp_bit_1328|fp_bit_1329|fp_bit_1330|fp_bit_1331|fp_bit_1332|fp_bit_1333|fp_bit_1334|fp_bit_1335|fp_bit_1336|fp_bit_1337|fp_bit_1338|fp_bit_1339|fp_bit_1340|fp_bit_1341|fp_bit_1342|fp_bit_1343|fp_bit_1344|fp_bit_1345|fp_bit_1346|fp_bit_1347|fp_bit_1348|fp_bit_1349|fp_bit_1350|fp_bit_1351|fp_bit_1352|fp_bit_1353|fp_bit_1355|fp_bit_1356|fp_bit_1357|fp_bit_1358|fp_bit_1359|fp_bit_1360|fp_bit_1361|fp_bit_1362|fp_bit_1363|fp_bit_1364|fp_bit_1365|fp_bit_1366|fp_bit_1367|fp_bit_1368|fp_bit_1369|fp_bit_1370|fp_bit_1372|fp_bit_1373|fp_bit_1374|fp_bit_1375|fp_bit_1376|fp_bit_1377|fp_bit_1378|fp_bit_1379|fp_bit_1380|fp_bit_1381|fp_bit_1382|fp_bit_1383|fp_bit_1384|fp_bit_1385|fp_bit_1386|fp_bit_1387|fp_bit_1388|fp_bit_1389|fp_bit_1390|fp_bit_1391|fp_bit_1392|fp_bit_1393|fp_bit_1394|fp_bit_1395|fp_bit_1396|fp_bit_1397|fp_bit_1398|fp_bit_1399|fp_bit_1400|fp_bit_1401|fp_bit_1402|fp_bit_1403|fp_bit_1404|fp_bit_1405|fp_bit_1406|fp_bit_1407|fp_bit_1409|fp_bit_1410|fp_bit_1411|fp_bit_1412|fp_bit_1413|fp_bit_1414|fp_bit_1415|fp_bit_1416|fp_bit_1417|fp_bit_1418|fp_bit_1419|fp_bit_1420|fp_bit_1421|fp_bit_1422|fp_bit_1423|fp_bit_1424|fp_bit_1425|fp_bit_1426|fp_bit_1427|fp_bit_1428|fp_bit_1429|fp_bit_1430|fp_bit_1431|fp_bit_1432|fp_bit_1433|fp_bit_1434|fp_bit_1435|fp_bit_1436|fp_bit_1437|fp_bit_1438|fp_bit_1439|fp_bit_1440|fp_bit_1441|fp_bit_1442|fp_bit_1443|fp_bit_1444|fp_bit_1445|fp_bit_1446|fp_bit_1447|fp_bit_1448|fp_bit_1449|fp_bit_1450|fp_bit_1451|fp_bit_1452|fp_bit_1453|fp_bit_1454|fp_bit_1455|fp_bit_1456|fp_bit_1457|fp_bit_1458|fp_bit_1459|fp_bit_1460|fp_bit_1461|fp_bit_1462|fp_bit_1463|fp_bit_1464|fp_bit_1465|fp_bit_1466|fp_bit_1467|fp_bit_1468|fp_bit_1469|fp_bit_1470|fp_bit_1471|fp_bit_1472|fp_bit_1473|fp_bit_1474|fp_bit_1475|fp_bit_1476|fp_bit_1477|fp_bit_1478|fp_bit_1479|fp_bit_1480|fp_bit_1481|fp_bit_1482|fp_bit_1483|fp_bit_1484|fp_bit_1485|fp_bit_1487|fp_bit_1488|fp_bit_1489|fp_bit_1490|fp_bit_1491|fp_bit_1492|fp_bit_1493|fp_bit_1494|fp_bit_1495|fp_bit_1496|fp_bit_1497|fp_bit_1498|fp_bit_1499|fp_bit_1500|fp_bit_1501|fp_bit_1502|fp_bit_1503|fp_bit_1505|fp_bit_1506|fp_bit_1507|fp_bit_1508|fp_bit_1509|fp_bit_1510|fp_bit_1511|fp_bit_1512|fp_bit_1513|fp_bit_1514|fp_bit_1515|fp_bit_1516|fp_bit_1517|fp_bit_1518|fp_bit_1519|fp_bit_1520|fp_bit_1521|fp_bit_1522|fp_bit_1523|fp_bit_1524|fp_bit_1525|fp_bit_1526|fp_bit_1527|fp_bit_1528|fp_bit_1529|fp_bit_1530|fp_bit_1531|fp_bit_1532|fp_bit_1533|fp_bit_1534|fp_bit_1535|fp_bit_1536|fp_bit_1537|fp_bit_1538|fp_bit_1539|fp_bit_1540|fp_bit_1542|fp_bit_1543|fp_bit_1544|fp_bit_1545|fp_bit_1546|fp_bit_1547|fp_bit_1548|fp_bit_1549|fp_bit_1550|fp_bit_1551|fp_bit_1552|fp_bit_1553|fp_bit_1554|fp_bit_1555|fp_bit_1556|fp_bit_1557|fp_bit_1558|fp_bit_1559|fp_bit_1560|fp_bit_1561|fp_bit_1562|fp_bit_1563|fp_bit_1564|fp_bit_1565|fp_bit_1566|fp_bit_1567|fp_bit_1568|fp_bit_1569|fp_bit_1570|fp_bit_1571|fp_bit_1572|fp_bit_1573|fp_bit_1574|fp_bit_1575|fp_bit_1576|fp_bit_1577|fp_bit_1578|fp_bit_1579|fp_bit_1580|fp_bit_1581|fp_bit_1582|fp_bit_1583|fp_bit_1584|fp_bit_1585|fp_bit_1586|fp_bit_1587|fp_bit_1588|fp_bit_1589|fp_bit_1590|fp_bit_1591|fp_bit_1592|fp_bit_1593|fp_bit_1594|fp_bit_1595|fp_bit_1597|fp_bit_1598|fp_bit_1599|fp_bit_1600|fp_bit_1601|fp_bit_1602|fp_bit_1603|fp_bit_1604|fp_bit_1605|fp_bit_1606|fp_bit_1607|fp_bit_1608|fp_bit_1609|fp_bit_1610|fp_bit_1611|fp_bit_1612|fp_bit_1613|fp_bit_1614|fp_bit_1615|fp_bit_1616|fp_bit_1617|fp_bit_1618|fp_bit_1619|fp_bit_1620|fp_bit_1621|fp_bit_1622|fp_bit_1623|fp_bit_1624|fp_bit_1625|fp_bit_1626|fp_bit_1627|fp_bit_1628|fp_bit_1629|fp_bit_1630|fp_bit_1631|fp_bit_1632|fp_bit_1633|fp_bit_1634|fp_bit_1635|fp_bit_1636|fp_bit_1637|fp_bit_1638|fp_bit_1639|fp_bit_1640|fp_bit_1641|fp_bit_1642|fp_bit_1643|fp_bit_1644|fp_bit_1645|fp_bit_1646|fp_bit_1647|fp_bit_1648|fp_bit_1649|fp_bit_1650|fp_bit_1651|fp_bit_1652|fp_bit_1653|fp_bit_1654|fp_bit_1655|fp_bit_1656|fp_bit_1657|fp_bit_1658|fp_bit_1659|fp_bit_1660|fp_bit_1661|fp_bit_1663|fp_bit_1664|fp_bit_1665|fp_bit_1666|fp_bit_1667|fp_bit_1668|fp_bit_1669|fp_bit_1670|fp_bit_1671|fp_bit_1672|fp_bit_1673|fp_bit_1674|fp_bit_1675|fp_bit_1676|fp_bit_1677|fp_bit_1678|fp_bit_1679|fp_bit_1680|fp_bit_1681|fp_bit_1682|fp_bit_1683|fp_bit_1684|fp_bit_1685|fp_bit_1686|fp_bit_1687|fp_bit_1688|fp_bit_1689|fp_bit_1690|fp_bit_1691|fp_bit_1692|fp_bit_1693|fp_bit_1694|fp_bit_1695|fp_bit_1696|fp_bit_1697|fp_bit_1698|fp_bit_1699|fp_bit_1700|fp_bit_1701|fp_bit_1704|fp_bit_1705|fp_bit_1706|fp_bit_1707|fp_bit_1708|fp_bit_1709|fp_bit_1710|fp_bit_1711|fp_bit_1712|fp_bit_1713|fp_bit_1714|fp_bit_1715|fp_bit_1716|fp_bit_1717|fp_bit_1718|fp_bit_1719|fp_bit_1720|fp_bit_1721|fp_bit_1722|fp_bit_1723|fp_bit_1724|fp_bit_1725|fp_bit_1726|fp_bit_1727|fp_bit_1728|fp_bit_1729|fp_bit_1730|fp_bit_1731|fp_bit_1732|fp_bit_1733|fp_bit_1734|fp_bit_1735|fp_bit_1736|fp_bit_1737|fp_bit_1738|fp_bit_1739|fp_bit_1740|fp_bit_1741|fp_bit_1742|fp_bit_1743|fp_bit_1744|fp_bit_1745|fp_bit_1746|fp_bit_1747|fp_bit_1748|fp_bit_1749|fp_bit_1750|fp_bit_1751|fp_bit_1752|fp_bit_1753|fp_bit_1754|fp_bit_1755|fp_bit_1756|fp_bit_1757|fp_bit_1758|fp_bit_1759|fp_bit_1760|fp_bit_1761|fp_bit_1762|fp_bit_1763|fp_bit_1764|fp_bit_1765|fp_bit_1766|fp_bit_1767|fp_bit_1768|fp_bit_1769|fp_bit_1770|fp_bit_1771|fp_bit_1772|fp_bit_1773|fp_bit_1775|fp_bit_1776|fp_bit_1777|fp_bit_1778|fp_bit_1779|fp_bit_1780|fp_bit_1781|fp_bit_1782|fp_bit_1783|fp_bit_1784|fp_bit_1785|fp_bit_1786|fp_bit_1787|fp_bit_1788|fp_bit_1789|fp_bit_1790|fp_bit_1791|fp_bit_1792|fp_bit_1793|fp_bit_1794|fp_bit_1795|fp_bit_1796|fp_bit_1797|fp_bit_1798|fp_bit_1799|fp_bit_1800|fp_bit_1801|fp_bit_1802|fp_bit_1803|fp_bit_1804|fp_bit_1805|fp_bit_1806|fp_bit_1807|fp_bit_1808|fp_bit_1809|fp_bit_1810|fp_bit_1811|fp_bit_1812|fp_bit_1814|fp_bit_1815|fp_bit_1816|fp_bit_1817|fp_bit_1818|fp_bit_1819|fp_bit_1820|fp_bit_1821|fp_bit_1822|fp_bit_1823|fp_bit_1824|fp_bit_1825|fp_bit_1827|fp_bit_1828|fp_bit_1829|fp_bit_1831|fp_bit_1832|fp_bit_1833|fp_bit_1834|fp_bit_1835|fp_bit_1837|fp_bit_1838|fp_bit_1839|fp_bit_1840|fp_bit_1841|fp_bit_1842|fp_bit_1843|fp_bit_1844|fp_bit_1845|fp_bit_1846|fp_bit_1847|fp_bit_1848|fp_bit_1849|fp_bit_1850|fp_bit_1851|fp_bit_1852|fp_bit_1853|fp_bit_1854|fp_bit_1855|fp_bit_1856|fp_bit_1857|fp_bit_1858|fp_bit_1859|fp_bit_1860|fp_bit_1861|fp_bit_1862|fp_bit_1863|fp_bit_1864|fp_bit_1865|fp_bit_1866|fp_bit_1867|fp_bit_1868|fp_bit_1869|fp_bit_1870|fp_bit_1871|fp_bit_1872|fp_bit_1873|fp_bit_1874|fp_bit_1875|fp_bit_1876|fp_bit_1877|fp_bit_1878|fp_bit_1879|fp_bit_1881|fp_bit_1882|fp_bit_1883|fp_bit_1884|fp_bit_1885|fp_bit_1886|fp_bit_1887|fp_bit_1888|fp_bit_1889|fp_bit_1891|fp_bit_1892|fp_bit_1893|fp_bit_1895|fp_bit_1896|fp_bit_1897|fp_bit_1898|fp_bit_1899|fp_bit_1900|fp_bit_1901|fp_bit_1902|fp_bit_1903|fp_bit_1904|fp_bit_1905|fp_bit_1906|fp_bit_1907|fp_bit_1908|fp_bit_1909|fp_bit_1910|fp_bit_1911|fp_bit_1912|fp_bit_1913|fp_bit_1914|fp_bit_1915|fp_bit_1916|fp_bit_1917|fp_bit_1918|fp_bit_1919|fp_bit_1920|fp_bit_1921|fp_bit_1922|fp_bit_1923|fp_bit_1924|fp_bit_1925|fp_bit_1926|fp_bit_1927|fp_bit_1928|fp_bit_1929|fp_bit_1930|fp_bit_1932|fp_bit_1934|fp_bit_1935|fp_bit_1936|fp_bit_1937|fp_bit_1938|fp_bit_1939|fp_bit_1940|fp_bit_1941|fp_bit_1942|fp_bit_1943|fp_bit_1944|fp_bit_1945|fp_bit_1946|fp_bit_1948|fp_bit_1949|fp_bit_1950|fp_bit_1951|fp_bit_1952|fp_bit_1953|fp_bit_1954|fp_bit_1955|fp_bit_1956|fp_bit_1957|fp_bit_1958|fp_bit_1959|fp_bit_1960|fp_bit_1961|fp_bit_1962|fp_bit_1963|fp_bit_1964|fp_bit_1965|fp_bit_1966|fp_bit_1967|fp_bit_1968|fp_bit_1969|fp_bit_1970|fp_bit_1971|fp_bit_1972|fp_bit_1974|fp_bit_1975|fp_bit_1976|fp_bit_1977|fp_bit_1978|fp_bit_1979|fp_bit_1980|fp_bit_1981|fp_bit_1982|fp_bit_1983|fp_bit_1984|fp_bit_1985|fp_bit_1986|fp_bit_1987|fp_bit_1988|fp_bit_1989|fp_bit_1990|fp_bit_1991|fp_bit_1992|fp_bit_1993|fp_bit_1994|fp_bit_1995|fp_bit_1996|fp_bit_1997|fp_bit_1998|fp_bit_1999|fp_bit_2000|fp_bit_2001|fp_bit_2002|fp_bit_2003|fp_bit_2004|fp_bit_2005|fp_bit_2006|fp_bit_2007|fp_bit_2008|fp_bit_2009|fp_bit_2010|fp_bit_2011|fp_bit_2012|fp_bit_2013|fp_bit_2014|fp_bit_2016|fp_bit_2017|fp_bit_2018|fp_bit_2019|fp_bit_2020|fp_bit_2021|fp_bit_2022|fp_bit_2023|fp_bit_2024|fp_bit_2025|fp_bit_2026|fp_bit_2027|fp_bit_2028|fp_bit_2029|fp_bit_2030|fp_bit_2031|fp_bit_2032|fp_bit_2033|fp_bit_2034|fp_bit_2035|fp_bit_2036|fp_bit_2037|fp_bit_2038|fp_bit_2039|fp_bit_2040|fp_bit_2041|fp_bit_2042|fp_bit_2043|fp_bit_2044|fp_bit_2045|fp_bit_2046|fp_bit_2047
Decision Tree,Morgan FP,1984,0.9842,0.974,0.9872,0.9935,0.974,0.9804,0.973,0.848,0.7815,0.7964,0.9497,0.7815,0.7886,0.7387,CorrelationFilter,fp_bit_0|fp_bit_1|fp_bit_2|fp_bit_3|fp_bit_4|fp_bit_5|fp_bit_6|fp_bit_7|fp_bit_8|fp_bit_9|fp_bit_10|fp_bit_11|fp_bit_12|fp_bit_13|fp_bit_14|fp_bit_15|fp_bit_16|fp_bit_17|fp_bit_18|fp_bit_19|fp_bit_20|fp_bit_21|fp_bit_22|fp_bit_23|fp_bit_24|fp_bit_25|fp_bit_26|fp_bit_27|fp_bit_28|fp_bit_29|fp_bit_30|fp_bit_31|fp_bit_32|fp_bit_33|fp_bit_34|fp_bit_35|fp_bit_36|fp_bit_37|fp_bit_38|fp_bit_39|fp_bit_40|fp_bit_41|fp_bit_42|fp_bit_43|fp_bit_44|fp_bit_45|fp_bit_46|fp_bit_47|fp_bit_48|fp_bit_49|fp_bit_50|fp_bit_51|fp_bit_52|fp_bit_53|fp_bit_54|fp_bit_55|fp_bit_56|fp_bit_57|fp_bit_58|fp_bit_59|fp_bit_60|fp_bit_61|fp_bit_62|fp_bit_63|fp_bit_64|fp_bit_65|fp_bit_66|fp_bit_67|fp_bit_68|fp_bit_69|fp_bit_70|fp_bit_72|fp_bit_73|fp_bit_74|fp_bit_75|fp_bit_76|fp_bit_77|fp_bit_78|fp_bit_79|fp_bit_80|fp_bit_81|fp_bit_82|fp_bit_83|fp_bit_84|fp_bit_86|fp_bit_87|fp_bit_88|fp_bit_89|fp_bit_90|fp_bit_91|fp_bit_92|fp_bit_93|fp_bit_94|fp_bit_95|fp_bit_96|fp_bit_97|fp_bit_98|fp_bit_99|fp_bit_100|fp_bit_101|fp_bit_102|fp_bit_103|fp_bit_104|fp_bit_105|fp_bit_106|fp_bit_107|fp_bit_108|fp_bit_109|fp_bit_110|fp_bit_111|fp_bit_112|fp_bit_113|fp_bit_114|fp_bit_115|fp_bit_116|fp_bit_117|fp_bit_118|fp_bit_119|fp_bit_120|fp_bit_121|fp_bit_125|fp_bit_126|fp_bit_127|fp_bit_128|fp_bit_129|fp_bit_130|fp_bit_131|fp_bit_132|fp_bit_133|fp_bit_134|fp_bit_135|fp_bit_136|fp_bit_137|fp_bit_139|fp_bit_140|fp_bit_141|fp_bit_142|fp_bit_143|fp_bit_144|fp_bit_145|fp_bit_146|fp_bit_147|fp_bit_148|fp_bit_149|fp_bit_150|fp_bit_151|fp_bit_152|fp_bit_153|fp_bit_154|fp_bit_155|fp_bit_156|fp_bit_157|fp_bit_158|fp_bit_159|fp_bit_160|fp_bit_162|fp_bit_163|fp_bit_164|fp_bit_165|fp_bit_166|fp_bit_167|fp_bit_168|fp_bit_169|fp_bit_170|fp_bit_171|fp_bit_172|fp_bit_173|fp_bit_174|fp_bit_175|fp_bit_176|fp_bit_177|fp_bit_178|fp_bit_179|fp_bit_180|fp_bit_181|fp_bit_182|fp_bit_183|fp_bit_184|fp_bit_185|fp_bit_186|fp_bit_187|fp_bit_188|fp_bit_189|fp_bit_190|fp_bit_191|fp_bit_192|fp_bit_193|fp_bit_194|fp_bit_195|fp_bit_196|fp_bit_197|fp_bit_198|fp_bit_199|fp_bit_200|fp_bit_201|fp_bit_202|fp_bit_203|fp_bit_204|fp_bit_205|fp_bit_206|fp_bit_207|fp_bit_208|fp_bit_209|fp_bit_210|fp_bit_211|fp_bit_212|fp_bit_213|fp_bit_215|fp_bit_216|fp_bit_217|fp_bit_218|fp_bit_219|fp_bit_220|fp_bit_221|fp_bit_222|fp_bit_223|fp_bit_224|fp_bit_225|fp_bit_226|fp_bit_227|fp_bit_228|fp_bit_229|fp_bit_230|fp_bit_231|fp_bit_232|fp_bit_233|fp_bit_234|fp_bit_235|fp_bit_236|fp_bit_237|fp_bit_238|fp_bit_239|fp_bit_240|fp_bit_241|fp_bit_242|fp_bit_243|fp_bit_244|fp_bit_245|fp_bit_246|fp_bit_247|fp_bit_248|fp_bit_249|fp_bit_250|fp_bit_251|fp_bit_252|fp_bit_253|fp_bit_254|fp_bit_255|fp_bit_256|fp_bit_257|fp_bit_258|fp_bit_259|fp_bit_260|fp_bit_261|fp_bit_262|fp_bit_263|fp_bit_264|fp_bit_265|fp_bit_266|fp_bit_267|fp_bit_268|fp_bit_269|fp_bit_270|fp_bit_271|fp_bit_272|fp_bit_273|fp_bit_274|fp_bit_275|fp_bit_276|fp_bit_277|fp_bit_278|fp_bit_279|fp_bit_280|fp_bit_281|fp_bit_282|fp_bit_283|fp_bit_284|fp_bit_285|fp_bit_286|fp_bit_287|fp_bit_289|fp_bit_290|fp_bit_291|fp_bit_292|fp_bit_293|fp_bit_294|fp_bit_295|fp_bit_296|fp_bit_297|fp_bit_298|fp_bit_299|fp_bit_300|fp_bit_301|fp_bit_302|fp_bit_303|fp_bit_304|fp_bit_305|fp_bit_306|fp_bit_307|fp_bit_308|fp_bit_309|fp_bit_310|fp_bit_311|fp_bit_312|fp_bit_313|fp_bit_314|fp_bit_315|fp_bit_316|fp_bit_317|fp_bit_318|fp_bit_319|fp_bit_320|fp_bit_321|fp_bit_322|fp_bit_323|fp_bit_324|fp_bit_325|fp_bit_326|fp_bit_327|fp_bit_328|fp_bit_329|fp_bit_330|fp_bit_331|fp_bit_332|fp_bit_333|fp_bit_334|fp_bit_335|fp_bit_336|fp_bit_337|fp_bit_338|fp_bit_339|fp_bit_340|fp_bit_341|fp_bit_342|fp_bit_343|fp_bit_344|fp_bit_345|fp_bit_347|fp_bit_348|fp_bit_349|fp_bit_350|fp_bit_351|fp_bit_352|fp_bit_353|fp_bit_354|fp_bit_355|fp_bit_356|fp_bit_357|fp_bit_358|fp_bit_359|fp_bit_360|fp_bit_361|fp_bit_362|fp_bit_363|fp_bit_364|fp_bit_365|fp_bit_366|fp_bit_367|fp_bit_368|fp_bit_369|fp_bit_370|fp_bit_371|fp_bit_372|fp_bit_373|fp_bit_374|fp_bit_375|fp_bit_376|fp_bit_377|fp_bit_378|fp_bit_379|fp_bit_380|fp_bit_381|fp_bit_382|fp_bit_383|fp_bit_384|fp_bit_385|fp_bit_386|fp_bit_387|fp_bit_388|fp_bit_389|fp_bit_390|fp_bit_391|fp_bit_392|fp_bit_393|fp_bit_394|fp_bit_395|fp_bit_396|fp_bit_397|fp_bit_398|fp_bit_399|fp_bit_400|fp_bit_401|fp_bit_402|fp_bit_403|fp_bit_404|fp_bit_405|fp_bit_406|fp_bit_407|fp_bit_408|fp_bit_409|fp_bit_411|fp_bit_412|fp_bit_413|fp_bit_414|fp_bit_415|fp_bit_416|fp_bit_417|fp_bit_418|fp_bit_419|fp_bit_420|fp_bit_421|fp_bit_422|fp_bit_423|fp_bit_424|fp_bit_425|fp_bit_426|fp_bit_427|fp_bit_428|fp_bit_429|fp_bit_430|fp_bit_431|fp_bit_432|fp_bit_433|fp_bit_434|fp_bit_435|fp_bit_437|fp_bit_438|fp_bit_439|fp_bit_440|fp_bit_441|fp_bit_442|fp_bit_443|fp_bit_444|fp_bit_445|fp_bit_446|fp_bit_447|fp_bit_448|fp_bit_449|fp_bit_450|fp_bit_451|fp_bit_452|fp_bit_453|fp_bit_454|fp_bit_455|fp_bit_456|fp_bit_457|fp_bit_458|fp_bit_459|fp_bit_460|fp_bit_461|fp_bit_462|fp_bit_463|fp_bit_464|fp_bit_465|fp_bit_466|fp_bit_467|fp_bit_468|fp_bit_469|fp_bit_470|fp_bit_471|fp_bit_472|fp_bit_473|fp_bit_474|fp_bit_475|fp_bit_476|fp_bit_477|fp_bit_478|fp_bit_479|fp_bit_480|fp_bit_481|fp_bit_482|fp_bit_483|fp_bit_484|fp_bit_485|fp_bit_486|fp_bit_487|fp_bit_488|fp_bit_489|fp_bit_490|fp_bit_491|fp_bit_492|fp_bit_493|fp_bit_494|fp_bit_495|fp_bit_496|fp_bit_497|fp_bit_499|fp_bit_500|fp_bit_501|fp_bit_502|fp_bit_503|fp_bit_504|fp_bit_505|fp_bit_506|fp_bit_507|fp_bit_508|fp_bit_509|fp_bit_510|fp_bit_511|fp_bit_512|fp_bit_513|fp_bit_514|fp_bit_516|fp_bit_517|fp_bit_518|fp_bit_519|fp_bit_520|fp_bit_521|fp_bit_522|fp_bit_523|fp_bit_524|fp_bit_525|fp_bit_526|fp_bit_527|fp_bit_528|fp_bit_529|fp_bit_530|fp_bit_531|fp_bit_532|fp_bit_533|fp_bit_534|fp_bit_535|fp_bit_536|fp_bit_537|fp_bit_538|fp_bit_540|fp_bit_541|fp_bit_542|fp_bit_543|fp_bit_544|fp_bit_545|fp_bit_546|fp_bit_547|fp_bit_548|fp_bit_549|fp_bit_550|fp_bit_551|fp_bit_552|fp_bit_553|fp_bit_554|fp_bit_555|fp_bit_556|fp_bit_557|fp_bit_558|fp_bit_559|fp_bit_560|fp_bit_561|fp_bit_562|fp_bit_563|fp_bit_564|fp_bit_565|fp_bit_566|fp_bit_567|fp_bit_568|fp_bit_569|fp_bit_570|fp_bit_572|fp_bit_573|fp_bit_574|fp_bit_575|fp_bit_576|fp_bit_578|fp_bit_579|fp_bit_580|fp_bit_581|fp_bit_582|fp_bit_583|fp_bit_584|fp_bit_585|fp_bit_586|fp_bit_587|fp_bit_588|fp_bit_589|fp_bit_590|fp_bit_591|fp_bit_592|fp_bit_593|fp_bit_594|fp_bit_595|fp_bit_596|fp_bit_597|fp_bit_598|fp_bit_599|fp_bit_600|fp_bit_601|fp_bit_602|fp_bit_603|fp_bit_604|fp_bit_605|fp_bit_606|fp_bit_607|fp_bit_608|fp_bit_609|fp_bit_610|fp_bit_611|fp_bit_612|fp_bit_613|fp_bit_614|fp_bit_615|fp_bit_616|fp_bit_617|fp_bit_618|fp_bit_619|fp_bit_620|fp_bit_621|fp_bit_622|fp_bit_623|fp_bit_624|fp_bit_625|fp_bit_626|fp_bit_627|fp_bit_628|fp_bit_629|fp_bit_630|fp_bit_631|fp_bit_632|fp_bit_633|fp_bit_634|fp_bit_635|fp_bit_636|fp_bit_637|fp_bit_638|fp_bit_639|fp_bit_640|fp_bit_641|fp_bit_642|fp_bit_643|fp_bit_644|fp_bit_645|fp_bit_646|fp_bit_647|fp_bit_648|fp_bit_649|fp_bit_650|fp_bit_651|fp_bit_652|fp_bit_653|fp_bit_654|fp_bit_655|fp_bit_656|fp_bit_657|fp_bit_658|fp_bit_659|fp_bit_660|fp_bit_661|fp_bit_662|fp_bit_663|fp_bit_664|fp_bit_665|fp_bit_666|fp_bit_667|fp_bit_668|fp_bit_669|fp_bit_670|fp_bit_672|fp_bit_673|fp_bit_674|fp_bit_675|fp_bit_676|fp_bit_677|fp_bit_678|fp_bit_679|fp_bit_680|fp_bit_681|fp_bit_682|fp_bit_683|fp_bit_684|fp_bit_685|fp_bit_686|fp_bit_687|fp_bit_688|fp_bit_689|fp_bit_690|fp_bit_691|fp_bit_692|fp_bit_693|fp_bit_694|fp_bit_695|fp_bit_696|fp_bit_697|fp_bit_698|fp_bit_699|fp_bit_700|fp_bit_701|fp_bit_702|fp_bit_703|fp_bit_704|fp_bit_705|fp_bit_706|fp_bit_707|fp_bit_708|fp_bit_710|fp_bit_711|fp_bit_712|fp_bit_713|fp_bit_714|fp_bit_715|fp_bit_716|fp_bit_717|fp_bit_718|fp_bit_719|fp_bit_720|fp_bit_721|fp_bit_722|fp_bit_723|fp_bit_724|fp_bit_725|fp_bit_726|fp_bit_727|fp_bit_728|fp_bit_729|fp_bit_730|fp_bit_731|fp_bit_732|fp_bit_733|fp_bit_734|fp_bit_735|fp_bit_736|fp_bit_737|fp_bit_738|fp_bit_739|fp_bit_740|fp_bit_741|fp_bit_742|fp_bit_743|fp_bit_744|fp_bit_745|fp_bit_746|fp_bit_747|fp_bit_748|fp_bit_749|fp_bit_750|fp_bit_751|fp_bit_752|fp_bit_753|fp_bit_754|fp_bit_755|fp_bit_756|fp_bit_757|fp_bit_758|fp_bit_759|fp_bit_760|fp_bit_761|fp_bit_762|fp_bit_763|fp_bit_764|fp_bit_765|fp_bit_766|fp_bit_767|fp_bit_768|fp_bit_769|fp_bit_770|fp_bit_771|fp_bit_772|fp_bit_773|fp_bit_774|fp_bit_775|fp_bit_776|fp_bit_778|fp_bit_779|fp_bit_780|fp_bit_781|fp_bit_782|fp_bit_783|fp_bit_784|fp_bit_785|fp_bit_786|fp_bit_787|fp_bit_788|fp_bit_789|fp_bit_790|fp_bit_791|fp_bit_794|fp_bit_795|fp_bit_796|fp_bit_797|fp_bit_798|fp_bit_799|fp_bit_800|fp_bit_801|fp_bit_802|fp_bit_803|fp_bit_804|fp_bit_805|fp_bit_806|fp_bit_807|fp_bit_808|fp_bit_809|fp_bit_810|fp_bit_811|fp_bit_812|fp_bit_814|fp_bit_815|fp_bit_816|fp_bit_817|fp_bit_818|fp_bit_819|fp_bit_820|fp_bit_821|fp_bit_822|fp_bit_823|fp_bit_824|fp_bit_825|fp_bit_826|fp_bit_827|fp_bit_828|fp_bit_829|fp_bit_830|fp_bit_831|fp_bit_832|fp_bit_833|fp_bit_834|fp_bit_835|fp_bit_836|fp_bit_837|fp_bit_838|fp_bit_839|fp_bit_840|fp_bit_841|fp_bit_842|fp_bit_843|fp_bit_844|fp_bit_845|fp_bit_846|fp_bit_847|fp_bit_848|fp_bit_849|fp_bit_850|fp_bit_851|fp_bit_852|fp_bit_853|fp_bit_854|fp_bit_855|fp_bit_856|fp_bit_857|fp_bit_858|fp_bit_859|fp_bit_860|fp_bit_861|fp_bit_862|fp_bit_863|fp_bit_864|fp_bit_865|fp_bit_867|fp_bit_868|fp_bit_869|fp_bit_870|fp_bit_871|fp_bit_872|fp_bit_873|fp_bit_874|fp_bit_875|fp_bit_876|fp_bit_877|fp_bit_878|fp_bit_879|fp_bit_880|fp_bit_881|fp_bit_882|fp_bit_883|fp_bit_884|fp_bit_885|fp_bit_886|fp_bit_887|fp_bit_888|fp_bit_889|fp_bit_890|fp_bit_891|fp_bit_892|fp_bit_893|fp_bit_894|fp_bit_895|fp_bit_896|fp_bit_897|fp_bit_898|fp_bit_899|fp_bit_900|fp_bit_901|fp_bit_902|fp_bit_903|fp_bit_904|fp_bit_905|fp_bit_906|fp_bit_907|fp_bit_908|fp_bit_909|fp_bit_910|fp_bit_911|fp_bit_912|fp_bit_913|fp_bit_914|fp_bit_915|fp_bit_916|fp_bit_917|fp_bit_918|fp_bit_919|fp_bit_921|fp_bit_922|fp_bit_923|fp_bit_924|fp_bit_925|fp_bit_926|fp_bit_927|fp_bit_928|fp_bit_929|fp_bit_930|fp_bit_931|fp_bit_932|fp_bit_934|fp_bit_935|fp_bit_936|fp_bit_937|fp_bit_938|fp_bit_939|fp_bit_940|fp_bit_941|fp_bit_942|fp_bit_943|fp_bit_944|fp_bit_945|fp_bit_946|fp_bit_947|fp_bit_948|fp_bit_949|fp_bit_950|fp_bit_951|fp_bit_952|fp_bit_953|fp_bit_954|fp_bit_955|fp_bit_956|fp_bit_957|fp_bit_958|fp_bit_959|fp_bit_960|fp_bit_961|fp_bit_962|fp_bit_963|fp_bit_964|fp_bit_965|fp_bit_966|fp_bit_967|fp_bit_968|fp_bit_970|fp_bit_971|fp_bit_973|fp_bit_974|fp_bit_975|fp_bit_976|fp_bit_977|fp_bit_978|fp_bit_979|fp_bit_980|fp_bit_981|fp_bit_983|fp_bit_984|fp_bit_985|fp_bit_986|fp_bit_987|fp_bit_988|fp_bit_989|fp_bit_990|fp_bit_991|fp_bit_992|fp_bit_993|fp_bit_994|fp_bit_995|fp_bit_996|fp_bit_997|fp_bit_998|fp_bit_999|fp_bit_1000|fp_bit_1001|fp_bit_1002|fp_bit_1003|fp_bit_1004|fp_bit_1005|fp_bit_1006|fp_bit_1007|fp_bit_1008|fp_bit_1009|fp_bit_1010|fp_bit_1011|fp_bit_1012|fp_bit_1013|fp_bit_1014|fp_bit_1015|fp_bit_1016|fp_bit_1017|fp_bit_1018|fp_bit_1019|fp_bit_1020|fp_bit_1021|fp_bit_1022|fp_bit_1023|fp_bit_1024|fp_bit_1025|fp_bit_1026|fp_bit_1027|fp_bit_1028|fp_bit_1029|fp_bit_1031|fp_bit_1032|fp_bit_1033|fp_bit_1034|fp_bit_1035|fp_bit_1036|fp_bit_1037|fp_bit_1038|fp_bit_1039|fp_bit_1040|fp_bit_1041|fp_bit_1042|fp_bit_1043|fp_bit_1044|fp_bit_1045|fp_bit_1046|fp_bit_1047|fp_bit_1048|fp_bit_1049|fp_bit_1050|fp_bit_1051|fp_bit_1052|fp_bit_1053|fp_bit_1054|fp_bit_1055|fp_bit_1056|fp_bit_1057|fp_bit_1058|fp_bit_1059|fp_bit_1060|fp_bit_1061|fp_bit_1062|fp_bit_1063|fp_bit_1064|fp_bit_1065|fp_bit_1066|fp_bit_1067|fp_bit_1068|fp_bit_1069|fp_bit_1070|fp_bit_1071|fp_bit_1072|fp_bit_1073|fp_bit_1074|fp_bit_1075|fp_bit_1076|fp_bit_1077|fp_bit_1078|fp_bit_1079|fp_bit_1080|fp_bit_1081|fp_bit_1082|fp_bit_1083|fp_bit_1084|fp_bit_1085|fp_bit_1086|fp_bit_1087|fp_bit_1088|fp_bit_1089|fp_bit_1090|fp_bit_1091|fp_bit_1092|fp_bit_1093|fp_bit_1095|fp_bit_1096|fp_bit_1097|fp_bit_1098|fp_bit_1099|fp_bit_1100|fp_bit_1101|fp_bit_1102|fp_bit_1103|fp_bit_1104|fp_bit_1105|fp_bit_1106|fp_bit_1107|fp_bit_1109|fp_bit_1110|fp_bit_1111|fp_bit_1112|fp_bit_1113|fp_bit_1114|fp_bit_1115|fp_bit_1116|fp_bit_1117|fp_bit_1118|fp_bit_1119|fp_bit_1120|fp_bit_1121|fp_bit_1122|fp_bit_1123|fp_bit_1124|fp_bit_1125|fp_bit_1126|fp_bit_1127|fp_bit_1128|fp_bit_1129|fp_bit_1130|fp_bit_1131|fp_bit_1132|fp_bit_1133|fp_bit_1134|fp_bit_1135|fp_bit_1136|fp_bit_1137|fp_bit_1138|fp_bit_1139|fp_bit_1140|fp_bit_1141|fp_bit_1142|fp_bit_1143|fp_bit_1144|fp_bit_1145|fp_bit_1146|fp_bit_1147|fp_bit_1148|fp_bit_1149|fp_bit_1150|fp_bit_1152|fp_bit_1153|fp_bit_1154|fp_bit_1155|fp_bit_1156|fp_bit_1157|fp_bit_1158|fp_bit_1160|fp_bit_1162|fp_bit_1163|fp_bit_1164|fp_bit_1165|fp_bit_1167|fp_bit_1168|fp_bit_1169|fp_bit_1170|fp_bit_1171|fp_bit_1172|fp_bit_1173|fp_bit_1174|fp_bit_1175|fp_bit_1176|fp_bit_1177|fp_bit_1179|fp_bit_1180|fp_bit_1181|fp_bit_1182|fp_bit_1183|fp_bit_1184|fp_bit_1185|fp_bit_1186|fp_bit_1187|fp_bit_1188|fp_bit_1189|fp_bit_1190|fp_bit_1191|fp_bit_1192|fp_bit_1193|fp_bit_1194|fp_bit_1195|fp_bit_1196|fp_bit_1197|fp_bit_1198|fp_bit_1199|fp_bit_1200|fp_bit_1201|fp_bit_1202|fp_bit_1203|fp_bit_1205|fp_bit_1206|fp_bit_1207|fp_bit_1208|fp_bit_1209|fp_bit_1210|fp_bit_1211|fp_bit_1212|fp_bit_1213|fp_bit_1214|fp_bit_1215|fp_bit_1216|fp_bit_1217|fp_bit_1218|fp_bit_1219|fp_bit_1220|fp_bit_1221|fp_bit_1222|fp_bit_1223|fp_bit_1224|fp_bit_1225|fp_bit_1226|fp_bit_1227|fp_bit_1228|fp_bit_1229|fp_bit_1230|fp_bit_1231|fp_bit_1232|fp_bit_1233|fp_bit_1234|fp_bit_1235|fp_bit_1236|fp_bit_1237|fp_bit_1238|fp_bit_1239|fp_bit_1240|fp_bit_1241|fp_bit_1242|fp_bit_1243|fp_bit_1244|fp_bit_1245|fp_bit_1246|fp_bit_1247|fp_bit_1248|fp_bit_1249|fp_bit_1250|fp_bit_1251|fp_bit_1252|fp_bit_1253|fp_bit_1254|fp_bit_1255|fp_bit_1256|fp_bit_1257|fp_bit_1258|fp_bit_1259|fp_bit_1260|fp_bit_1261|fp_bit_1262|fp_bit_1263|fp_bit_1264|fp_bit_1265|fp_bit_1266|fp_bit_1267|fp_bit_1268|fp_bit_1269|fp_bit_1270|fp_bit_1271|fp_bit_1272|fp_bit_1273|fp_bit_1274|fp_bit_1275|fp_bit_1276|fp_bit_1277|fp_bit_1278|fp_bit_1279|fp_bit_1280|fp_bit_1281|fp_bit_1282|fp_bit_1283|fp_bit_1284|fp_bit_1285|fp_bit_1286|fp_bit_1287|fp_bit_1288|fp_bit_1289|fp_bit_1290|fp_bit_1291|fp_bit_1292|fp_bit_1293|fp_bit_1294|fp_bit_1295|fp_bit_1296|fp_bit_1297|fp_bit_1298|fp_bit_1299|fp_bit_1300|fp_bit_1301|fp_bit_1302|fp_bit_1303|fp_bit_1304|fp_bit_1305|fp_bit_1306|fp_bit_1307|fp_bit_1308|fp_bit_1309|fp_bit_1310|fp_bit_1311|fp_bit_1312|fp_bit_1313|fp_bit_1314|fp_bit_1317|fp_bit_1318|fp_bit_1319|fp_bit_1321|fp_bit_1322|fp_bit_1323|fp_bit_1324|fp_bit_1325|fp_bit_1326|fp_bit_1327|fp_bit_1328|fp_bit_1329|fp_bit_1330|fp_bit_1331|fp_bit_1332|fp_bit_1333|fp_bit_1334|fp_bit_1335|fp_bit_1336|fp_bit_1337|fp_bit_1338|fp_bit_1339|fp_bit_1340|fp_bit_1341|fp_bit_1342|fp_bit_1343|fp_bit_1344|fp_bit_1345|fp_bit_1346|fp_bit_1347|fp_bit_1348|fp_bit_1349|fp_bit_1350|fp_bit_1351|fp_bit_1352|fp_bit_1353|fp_bit_1355|fp_bit_1356|fp_bit_1357|fp_bit_1358|fp_bit_1359|fp_bit_1360|fp_bit_1361|fp_bit_1362|fp_bit_1363|fp_bit_1364|fp_bit_1365|fp_bit_1366|fp_bit_1367|fp_bit_1368|fp_bit_1369|fp_bit_1370|fp_bit_1372|fp_bit_1373|fp_bit_1374|fp_bit_1375|fp_bit_1376|fp_bit_1377|fp_bit_1378|fp_bit_1379|fp_bit_1380|fp_bit_1381|fp_bit_1382|fp_bit_1383|fp_bit_1384|fp_bit_1385|fp_bit_1386|fp_bit_1387|fp_bit_1388|fp_bit_1389|fp_bit_1390|fp_bit_1391|fp_bit_1392|fp_bit_1393|fp_bit_1394|fp_bit_1395|fp_bit_1396|fp_bit_1397|fp_bit_1398|fp_bit_1399|fp_bit_1400|fp_bit_1401|fp_bit_1402|fp_bit_1403|fp_bit_1404|fp_bit_1405|fp_bit_1406|fp_bit_1407|fp_bit_1409|fp_bit_1410|fp_bit_1411|fp_bit_1412|fp_bit_1413|fp_bit_1414|fp_bit_1415|fp_bit_1416|fp_bit_1417|fp_bit_1418|fp_bit_1419|fp_bit_1420|fp_bit_1421|fp_bit_1422|fp_bit_1423|fp_bit_1424|fp_bit_1425|fp_bit_1426|fp_bit_1427|fp_bit_1428|fp_bit_1429|fp_bit_1430|fp_bit_1431|fp_bit_1432|fp_bit_1433|fp_bit_1434|fp_bit_1435|fp_bit_1436|fp_bit_1437|fp_bit_1438|fp_bit_1439|fp_bit_1440|fp_bit_1441|fp_bit_1442|fp_bit_1443|fp_bit_1444|fp_bit_1445|fp_bit_1446|fp_bit_1447|fp_bit_1448|fp_bit_1449|fp_bit_1450|fp_bit_1451|fp_bit_1452|fp_bit_1453|fp_bit_1454|fp_bit_1455|fp_bit_1456|fp_bit_1457|fp_bit_1458|fp_bit_1459|fp_bit_1460|fp_bit_1461|fp_bit_1462|fp_bit_1463|fp_bit_1464|fp_bit_1465|fp_bit_1466|fp_bit_1467|fp_bit_1468|fp_bit_1469|fp_bit_1470|fp_bit_1471|fp_bit_1472|fp_bit_1473|fp_bit_1474|fp_bit_1475|fp_bit_1476|fp_bit_1477|fp_bit_1478|fp_bit_1479|fp_bit_1480|fp_bit_1481|fp_bit_1482|fp_bit_1483|fp_bit_1484|fp_bit_1485|fp_bit_1487|fp_bit_1488|fp_bit_1489|fp_bit_1490|fp_bit_1491|fp_bit_1492|fp_bit_1493|fp_bit_1494|fp_bit_1495|fp_bit_1496|fp_bit_1497|fp_bit_1498|fp_bit_1499|fp_bit_1500|fp_bit_1501|fp_bit_1502|fp_bit_1503|fp_bit_1505|fp_bit_1506|fp_bit_1507|fp_bit_1508|fp_bit_1509|fp_bit_1510|fp_bit_1511|fp_bit_1512|fp_bit_1513|fp_bit_1514|fp_bit_1515|fp_bit_1516|fp_bit_1517|fp_bit_1518|fp_bit_1519|fp_bit_1520|fp_bit_1521|fp_bit_1522|fp_bit_1523|fp_bit_1524|fp_bit_1525|fp_bit_1526|fp_bit_1527|fp_bit_1528|fp_bit_1529|fp_bit_1530|fp_bit_1531|fp_bit_1532|fp_bit_1533|fp_bit_1534|fp_bit_1535|fp_bit_1536|fp_bit_1537|fp_bit_1538|fp_bit_1539|fp_bit_1540|fp_bit_1542|fp_bit_1543|fp_bit_1544|fp_bit_1545|fp_bit_1546|fp_bit_1547|fp_bit_1548|fp_bit_1549|fp_bit_1550|fp_bit_1551|fp_bit_1552|fp_bit_1553|fp_bit_1554|fp_bit_1555|fp_bit_1556|fp_bit_1557|fp_bit_1558|fp_bit_1559|fp_bit_1560|fp_bit_1561|fp_bit_1562|fp_bit_1563|fp_bit_1564|fp_bit_1565|fp_bit_1566|fp_bit_1567|fp_bit_1568|fp_bit_1569|fp_bit_1570|fp_bit_1571|fp_bit_1572|fp_bit_1573|fp_bit_1574|fp_bit_1575|fp_bit_1576|fp_bit_1577|fp_bit_1578|fp_bit_1579|fp_bit_1580|fp_bit_1581|fp_bit_1582|fp_bit_1583|fp_bit_1584|fp_bit_1585|fp_bit_1586|fp_bit_1587|fp_bit_1588|fp_bit_1589|fp_bit_1590|fp_bit_1591|fp_bit_1592|fp_bit_1593|fp_bit_1594|fp_bit_1595|fp_bit_1597|fp_bit_1598|fp_bit_1599|fp_bit_1600|fp_bit_1601|fp_bit_1602|fp_bit_1603|fp_bit_1604|fp_bit_1605|fp_bit_1606|fp_bit_1607|fp_bit_1608|fp_bit_1609|fp_bit_1610|fp_bit_1611|fp_bit_1612|fp_bit_1613|fp_bit_1614|fp_bit_1615|fp_bit_1616|fp_bit_1617|fp_bit_1618|fp_bit_1619|fp_bit_1620|fp_bit_1621|fp_bit_1622|fp_bit_1623|fp_bit_1624|fp_bit_1625|fp_bit_1626|fp_bit_1627|fp_bit_1628|fp_bit_1629|fp_bit_1630|fp_bit_1631|fp_bit_1632|fp_bit_1633|fp_bit_1634|fp_bit_1635|fp_bit_1636|fp_bit_1637|fp_bit_1638|fp_bit_1639|fp_bit_1640|fp_bit_1641|fp_bit_1642|fp_bit_1643|fp_bit_1644|fp_bit_1645|fp_bit_1646|fp_bit_1647|fp_bit_1648|fp_bit_1649|fp_bit_1650|fp_bit_1651|fp_bit_1652|fp_bit_1653|fp_bit_1654|fp_bit_1655|fp_bit_1656|fp_bit_1657|fp_bit_1658|fp_bit_1659|fp_bit_1660|fp_bit_1661|fp_bit_1663|fp_bit_1664|fp_bit_1665|fp_bit_1666|fp_bit_1667|fp_bit_1668|fp_bit_1669|fp_bit_1670|fp_bit_1671|fp_bit_1672|fp_bit_1673|fp_bit_1674|fp_bit_1675|fp_bit_1676|fp_bit_1677|fp_bit_1678|fp_bit_1679|fp_bit_1680|fp_bit_1681|fp_bit_1682|fp_bit_1683|fp_bit_1684|fp_bit_1685|fp_bit_1686|fp_bit_1687|fp_bit_1688|fp_bit_1689|fp_bit_1690|fp_bit_1691|fp_bit_1692|fp_bit_1693|fp_bit_1694|fp_bit_1695|fp_bit_1696|fp_bit_1697|fp_bit_1698|fp_bit_1699|fp_bit_1700|fp_bit_1701|fp_bit_1704|fp_bit_1705|fp_bit_1706|fp_bit_1707|fp_bit_1708|fp_bit_1709|fp_bit_1710|fp_bit_1711|fp_bit_1712|fp_bit_1713|fp_bit_1714|fp_bit_1715|fp_bit_1716|fp_bit_1717|fp_bit_1718|fp_bit_1719|fp_bit_1720|fp_bit_1721|fp_bit_1722|fp_bit_1723|fp_bit_1724|fp_bit_1725|fp_bit_1726|fp_bit_1727|fp_bit_1728|fp_bit_1729|fp_bit_1730|fp_bit_1731|fp_bit_1732|fp_bit_1733|fp_bit_1734|fp_bit_1735|fp_bit_1736|fp_bit_1737|fp_bit_1738|fp_bit_1739|fp_bit_1740|fp_bit_1741|fp_bit_1742|fp_bit_1743|fp_bit_1744|fp_bit_1745|fp_bit_1746|fp_bit_1747|fp_bit_1748|fp_bit_1749|fp_bit_1750|fp_bit_1751|fp_bit_1752|fp_bit_1753|fp_bit_1754|fp_bit_1755|fp_bit_1756|fp_bit_1757|fp_bit_1758|fp_bit_1759|fp_bit_1760|fp_bit_1761|fp_bit_1762|fp_bit_1763|fp_bit_1764|fp_bit_1765|fp_bit_1766|fp_bit_1767|fp_bit_1768|fp_bit_1769|fp_bit_1770|fp_bit_1771|fp_bit_1772|fp_bit_1773|fp_bit_1775|fp_bit_1776|fp_bit_1777|fp_bit_1778|fp_bit_1779|fp_bit_1780|fp_bit_1781|fp_bit_1782|fp_bit_1783|fp_bit_1784|fp_bit_1785|fp_bit_1786|fp_bit_1787|fp_bit_1788|fp_bit_1789|fp_bit_1790|fp_bit_1791|fp_bit_1792|fp_bit_1793|fp_bit_1794|fp_bit_1795|fp_bit_1796|fp_bit_1797|fp_bit_1798|fp_bit_1799|fp_bit_1800|fp_bit_1801|fp_bit_1802|fp_bit_1803|fp_bit_1804|fp_bit_1805|fp_bit_1806|fp_bit_1807|fp_bit_1808|fp_bit_1809|fp_bit_1810|fp_bit_1811|fp_bit_1812|fp_bit_1814|fp_bit_1815|fp_bit_1816|fp_bit_1817|fp_bit_1818|fp_bit_1819|fp_bit_1820|fp_bit_1821|fp_bit_1822|fp_bit_1823|fp_bit_1824|fp_bit_1825|fp_bit_1827|fp_bit_1828|fp_bit_1829|fp_bit_1831|fp_bit_1832|fp_bit_1833|fp_bit_1834|fp_bit_1835|fp_bit_1837|fp_bit_1838|fp_bit_1839|fp_bit_1840|fp_bit_1841|fp_bit_1842|fp_bit_1843|fp_bit_1844|fp_bit_1845|fp_bit_1846|fp_bit_1847|fp_bit_1848|fp_bit_1849|fp_bit_1850|fp_bit_1851|fp_bit_1852|fp_bit_1853|fp_bit_1854|fp_bit_1855|fp_bit_1856|fp_bit_1857|fp_bit_1858|fp_bit_1859|fp_bit_1860|fp_bit_1861|fp_bit_1862|fp_bit_1863|fp_bit_1864|fp_bit_1865|fp_bit_1866|fp_bit_1867|fp_bit_1868|fp_bit_1869|fp_bit_1870|fp_bit_1871|fp_bit_1872|fp_bit_1873|fp_bit_1874|fp_bit_1875|fp_bit_1876|fp_bit_1877|fp_bit_1878|fp_bit_1879|fp_bit_1881|fp_bit_1882|fp_bit_1883|fp_bit_1884|fp_bit_1885|fp_bit_1886|fp_bit_1887|fp_bit_1888|fp_bit_1889|fp_bit_1891|fp_bit_1892|fp_bit_1893|fp_bit_1895|fp_bit_1896|fp_bit_1897|fp_bit_1898|fp_bit_1899|fp_bit_1900|fp_bit_1901|fp_bit_1902|fp_bit_1903|fp_bit_1904|fp_bit_1905|fp_bit_1906|fp_bit_1907|fp_bit_1908|fp_bit_1909|fp_bit_1910|fp_bit_1911|fp_bit_1912|fp_bit_1913|fp_bit_1914|fp_bit_1915|fp_bit_1916|fp_bit_1917|fp_bit_1918|fp_bit_1919|fp_bit_1920|fp_bit_1921|fp_bit_1922|fp_bit_1923|fp_bit_1924|fp_bit_1925|fp_bit_1926|fp_bit_1927|fp_bit_1928|fp_bit_1929|fp_bit_1930|fp_bit_1932|fp_bit_1934|fp_bit_1935|fp_bit_1936|fp_bit_1937|fp_bit_1938|fp_bit_1939|fp_bit_1940|fp_bit_1941|fp_bit_1942|fp_bit_1943|fp_bit_1944|fp_bit_1945|fp_bit_1946|fp_bit_1948|fp_bit_1949|fp_bit_1950|fp_bit_1951|fp_bit_1952|fp_bit_1953|fp_bit_1954|fp_bit_1955|fp_bit_1956|fp_bit_1957|fp_bit_1958|fp_bit_1959|fp_bit_1960|fp_bit_1961|fp_bit_1962|fp_bit_1963|fp_bit_1964|fp_bit_1965|fp_bit_1966|fp_bit_1967|fp_bit_1968|fp_bit_1969|fp_bit_1970|fp_bit_1971|fp_bit_1972|fp_bit_1974|fp_bit_1975|fp_bit_1976|fp_bit_1977|fp_bit_1978|fp_bit_1979|fp_bit_1980|fp_bit_1981|fp_bit_1982|fp_bit_1983|fp_bit_1984|fp_bit_1985|fp_bit_1986|fp_bit_1987|fp_bit_1988|fp_bit_1989|fp_bit_1990|fp_bit_1991|fp_bit_1992|fp_bit_1993|fp_bit_1994|fp_bit_1995|fp_bit_1996|fp_bit_1997|fp_bit_1998|fp_bit_1999|fp_bit_2000|fp_bit_2001|fp_bit_2002|fp_bit_2003|fp_bit_2004|fp_bit_2005|fp_bit_2006|fp_bit_2007|fp_bit_2008|fp_bit_2009|fp_bit_2010|fp_bit_2011|fp_bit_2012|fp_bit_2013|fp_bit_2014|fp_bit_2016|fp_bit_2017|fp_bit_2018|fp_bit_2019|fp_bit_2020|fp_bit_2021|fp_bit_2022|fp_bit_2023|fp_bit_2024|fp_bit_2025|fp_bit_2026|fp_bit_2027|fp_bit_2028|fp_bit_2029|fp_bit_2030|fp_bit_2031|fp_bit_2032|fp_bit_2033|fp_bit_2034|fp_bit_2035|fp_bit_2036|fp_bit_2037|fp_bit_2038|fp_bit_2039|fp_bit_2040|fp_bit_2041|fp_bit_2042|fp_bit_2043|fp_bit_2044|fp_bit_2045|fp_bit_2046|fp_bit_2047
Random Forest,Morgan FP,1984,0.9842,0.982,0.9797,0.9949,0.982,0.9808,0.9731,0.8788,0.8314,0.8479,0.9581,0.8314,0.8389,0.7907,CorrelationFilter,fp_bit_0|fp_bit_1|fp_bit_2|fp_bit_3|fp_bit_4|fp_bit_5|fp_bit_6|fp_bit_7|fp_bit_8|fp_bit_9|fp_bit_10|fp_bit_11|fp_bit_12|fp_bit_13|fp_bit_14|fp_bit_15|fp_bit_16|fp_bit_17|fp_bit_18|fp_bit_19|fp_bit_20|fp_bit_21|fp_bit_22|fp_bit_23|fp_bit_24|fp_bit_25|fp_bit_26|fp_bit_27|fp_bit_28|fp_bit_29|fp_bit_30|fp_bit_31|fp_bit_32|fp_bit_33|fp_bit_34|fp_bit_35|fp_bit_36|fp_bit_37|fp_bit_38|fp_bit_39|fp_bit_40|fp_bit_41|fp_bit_42|fp_bit_43|fp_bit_44|fp_bit_45|fp_bit_46|fp_bit_47|fp_bit_48|fp_bit_49|fp_bit_50|fp_bit_51|fp_bit_52|fp_bit_53|fp_bit_54|fp_bit_55|fp_bit_56|fp_bit_57|fp_bit_58|fp_bit_59|fp_bit_60|fp_bit_61|fp_bit_62|fp_bit_63|fp_bit_64|fp_bit_65|fp_bit_66|fp_bit_67|fp_bit_68|fp_bit_69|fp_bit_70|fp_bit_72|fp_bit_73|fp_bit_74|fp_bit_75|fp_bit_76|fp_bit_77|fp_bit_78|fp_bit_79|fp_bit_80|fp_bit_81|fp_bit_82|fp_bit_83|fp_bit_84|fp_bit_86|fp_bit_87|fp_bit_88|fp_bit_89|fp_bit_90|fp_bit_91|fp_bit_92|fp_bit_93|fp_bit_94|fp_bit_95|fp_bit_96|fp_bit_97|fp_bit_98|fp_bit_99|fp_bit_100|fp_bit_101|fp_bit_102|fp_bit_103|fp_bit_104|fp_bit_105|fp_bit_106|fp_bit_107|fp_bit_108|fp_bit_109|fp_bit_110|fp_bit_111|fp_bit_112|fp_bit_113|fp_bit_114|fp_bit_115|fp_bit_116|fp_bit_117|fp_bit_118|fp_bit_119|fp_bit_120|fp_bit_121|fp_bit_125|fp_bit_126|fp_bit_127|fp_bit_128|fp_bit_129|fp_bit_130|fp_bit_131|fp_bit_132|fp_bit_133|fp_bit_134|fp_bit_135|fp_bit_136|fp_bit_137|fp_bit_139|fp_bit_140|fp_bit_141|fp_bit_142|fp_bit_143|fp_bit_144|fp_bit_145|fp_bit_146|fp_bit_147|fp_bit_148|fp_bit_149|fp_bit_150|fp_bit_151|fp_bit_152|fp_bit_153|fp_bit_154|fp_bit_155|fp_bit_156|fp_bit_157|fp_bit_158|fp_bit_159|fp_bit_160|fp_bit_162|fp_bit_163|fp_bit_164|fp_bit_165|fp_bit_166|fp_bit_167|fp_bit_168|fp_bit_169|fp_bit_170|fp_bit_171|fp_bit_172|fp_bit_173|fp_bit_174|fp_bit_175|fp_bit_176|fp_bit_177|fp_bit_178|fp_bit_179|fp_bit_180|fp_bit_181|fp_bit_182|fp_bit_183|fp_bit_184|fp_bit_185|fp_bit_186|fp_bit_187|fp_bit_188|fp_bit_189|fp_bit_190|fp_bit_191|fp_bit_192|fp_bit_193|fp_bit_194|fp_bit_195|fp_bit_196|fp_bit_197|fp_bit_198|fp_bit_199|fp_bit_200|fp_bit_201|fp_bit_202|fp_bit_203|fp_bit_204|fp_bit_205|fp_bit_206|fp_bit_207|fp_bit_208|fp_bit_209|fp_bit_210|fp_bit_211|fp_bit_212|fp_bit_213|fp_bit_215|fp_bit_216|fp_bit_217|fp_bit_218|fp_bit_219|fp_bit_220|fp_bit_221|fp_bit_222|fp_bit_223|fp_bit_224|fp_bit_225|fp_bit_226|fp_bit_227|fp_bit_228|fp_bit_229|fp_bit_230|fp_bit_231|fp_bit_232|fp_bit_233|fp_bit_234|fp_bit_235|fp_bit_236|fp_bit_237|fp_bit_238|fp_bit_239|fp_bit_240|fp_bit_241|fp_bit_242|fp_bit_243|fp_bit_244|fp_bit_245|fp_bit_246|fp_bit_247|fp_bit_248|fp_bit_249|fp_bit_250|fp_bit_251|fp_bit_252|fp_bit_253|fp_bit_254|fp_bit_255|fp_bit_256|fp_bit_257|fp_bit_258|fp_bit_259|fp_bit_260|fp_bit_261|fp_bit_262|fp_bit_263|fp_bit_264|fp_bit_265|fp_bit_266|fp_bit_267|fp_bit_268|fp_bit_269|fp_bit_270|fp_bit_271|fp_bit_272|fp_bit_273|fp_bit_274|fp_bit_275|fp_bit_276|fp_bit_277|fp_bit_278|fp_bit_279|fp_bit_280|fp_bit_281|fp_bit_282|fp_bit_283|fp_bit_284|fp_bit_285|fp_bit_286|fp_bit_287|fp_bit_289|fp_bit_290|fp_bit_291|fp_bit_292|fp_bit_293|fp_bit_294|fp_bit_295|fp_bit_296|fp_bit_297|fp_bit_298|fp_bit_299|fp_bit_300|fp_bit_301|fp_bit_302|fp_bit_303|fp_bit_304|fp_bit_305|fp_bit_306|fp_bit_307|fp_bit_308|fp_bit_309|fp_bit_310|fp_bit_311|fp_bit_312|fp_bit_313|fp_bit_314|fp_bit_315|fp_bit_316|fp_bit_317|fp_bit_318|fp_bit_319|fp_bit_320|fp_bit_321|fp_bit_322|fp_bit_323|fp_bit_324|fp_bit_325|fp_bit_326|fp_bit_327|fp_bit_328|fp_bit_329|fp_bit_330|fp_bit_331|fp_bit_332|fp_bit_333|fp_bit_334|fp_bit_335|fp_bit_336|fp_bit_337|fp_bit_338|fp_bit_339|fp_bit_340|fp_bit_341|fp_bit_342|fp_bit_343|fp_bit_344|fp_bit_345|fp_bit_347|fp_bit_348|fp_bit_349|fp_bit_350|fp_bit_351|fp_bit_352|fp_bit_353|fp_bit_354|fp_bit_355|fp_bit_356|fp_bit_357|fp_bit_358|fp_bit_359|fp_bit_360|fp_bit_361|fp_bit_362|fp_bit_363|fp_bit_364|fp_bit_365|fp_bit_366|fp_bit_367|fp_bit_368|fp_bit_369|fp_bit_370|fp_bit_371|fp_bit_372|fp_bit_373|fp_bit_374|fp_bit_375|fp_bit_376|fp_bit_377|fp_bit_378|fp_bit_379|fp_bit_380|fp_bit_381|fp_bit_382|fp_bit_383|fp_bit_384|fp_bit_385|fp_bit_386|fp_bit_387|fp_bit_388|fp_bit_389|fp_bit_390|fp_bit_391|fp_bit_392|fp_bit_393|fp_bit_394|fp_bit_395|fp_bit_396|fp_bit_397|fp_bit_398|fp_bit_399|fp_bit_400|fp_bit_401|fp_bit_402|fp_bit_403|fp_bit_404|fp_bit_405|fp_bit_406|fp_bit_407|fp_bit_408|fp_bit_409|fp_bit_411|fp_bit_412|fp_bit_413|fp_bit_414|fp_bit_415|fp_bit_416|fp_bit_417|fp_bit_418|fp_bit_419|fp_bit_420|fp_bit_421|fp_bit_422|fp_bit_423|fp_bit_424|fp_bit_425|fp_bit_426|fp_bit_427|fp_bit_428|fp_bit_429|fp_bit_430|fp_bit_431|fp_bit_432|fp_bit_433|fp_bit_434|fp_bit_435|fp_bit_437|fp_bit_438|fp_bit_439|fp_bit_440|fp_bit_441|fp_bit_442|fp_bit_443|fp_bit_444|fp_bit_445|fp_bit_446|fp_bit_447|fp_bit_448|fp_bit_449|fp_bit_450|fp_bit_451|fp_bit_452|fp_bit_453|fp_bit_454|fp_bit_455|fp_bit_456|fp_bit_457|fp_bit_458|fp_bit_459|fp_bit_460|fp_bit_461|fp_bit_462|fp_bit_463|fp_bit_464|fp_bit_465|fp_bit_466|fp_bit_467|fp_bit_468|fp_bit_469|fp_bit_470|fp_bit_471|fp_bit_472|fp_bit_473|fp_bit_474|fp_bit_475|fp_bit_476|fp_bit_477|fp_bit_478|fp_bit_479|fp_bit_480|fp_bit_481|fp_bit_482|fp_bit_483|fp_bit_484|fp_bit_485|fp_bit_486|fp_bit_487|fp_bit_488|fp_bit_489|fp_bit_490|fp_bit_491|fp_bit_492|fp_bit_493|fp_bit_494|fp_bit_495|fp_bit_496|fp_bit_497|fp_bit_499|fp_bit_500|fp_bit_501|fp_bit_502|fp_bit_503|fp_bit_504|fp_bit_505|fp_bit_506|fp_bit_507|fp_bit_508|fp_bit_509|fp_bit_510|fp_bit_511|fp_bit_512|fp_bit_513|fp_bit_514|fp_bit_516|fp_bit_517|fp_bit_518|fp_bit_519|fp_bit_520|fp_bit_521|fp_bit_522|fp_bit_523|fp_bit_524|fp_bit_525|fp_bit_526|fp_bit_527|fp_bit_528|fp_bit_529|fp_bit_530|fp_bit_531|fp_bit_532|fp_bit_533|fp_bit_534|fp_bit_535|fp_bit_536|fp_bit_537|fp_bit_538|fp_bit_540|fp_bit_541|fp_bit_542|fp_bit_543|fp_bit_544|fp_bit_545|fp_bit_546|fp_bit_547|fp_bit_548|fp_bit_549|fp_bit_550|fp_bit_551|fp_bit_552|fp_bit_553|fp_bit_554|fp_bit_555|fp_bit_556|fp_bit_557|fp_bit_558|fp_bit_559|fp_bit_560|fp_bit_561|fp_bit_562|fp_bit_563|fp_bit_564|fp_bit_565|fp_bit_566|fp_bit_567|fp_bit_568|fp_bit_569|fp_bit_570|fp_bit_572|fp_bit_573|fp_bit_574|fp_bit_575|fp_bit_576|fp_bit_578|fp_bit_579|fp_bit_580|fp_bit_581|fp_bit_582|fp_bit_583|fp_bit_584|fp_bit_585|fp_bit_586|fp_bit_587|fp_bit_588|fp_bit_589|fp_bit_590|fp_bit_591|fp_bit_592|fp_bit_593|fp_bit_594|fp_bit_595|fp_bit_596|fp_bit_597|fp_bit_598|fp_bit_599|fp_bit_600|fp_bit_601|fp_bit_602|fp_bit_603|fp_bit_604|fp_bit_605|fp_bit_606|fp_bit_607|fp_bit_608|fp_bit_609|fp_bit_610|fp_bit_611|fp_bit_612|fp_bit_613|fp_bit_614|fp_bit_615|fp_bit_616|fp_bit_617|fp_bit_618|fp_bit_619|fp_bit_620|fp_bit_621|fp_bit_622|fp_bit_623|fp_bit_624|fp_bit_625|fp_bit_626|fp_bit_627|fp_bit_628|fp_bit_629|fp_bit_630|fp_bit_631|fp_bit_632|fp_bit_633|fp_bit_634|fp_bit_635|fp_bit_636|fp_bit_637|fp_bit_638|fp_bit_639|fp_bit_640|fp_bit_641|fp_bit_642|fp_bit_643|fp_bit_644|fp_bit_645|fp_bit_646|fp_bit_647|fp_bit_648|fp_bit_649|fp_bit_650|fp_bit_651|fp_bit_652|fp_bit_653|fp_bit_654|fp_bit_655|fp_bit_656|fp_bit_657|fp_bit_658|fp_bit_659|fp_bit_660|fp_bit_661|fp_bit_662|fp_bit_663|fp_bit_664|fp_bit_665|fp_bit_666|fp_bit_667|fp_bit_668|fp_bit_669|fp_bit_670|fp_bit_672|fp_bit_673|fp_bit_674|fp_bit_675|fp_bit_676|fp_bit_677|fp_bit_678|fp_bit_679|fp_bit_680|fp_bit_681|fp_bit_682|fp_bit_683|fp_bit_684|fp_bit_685|fp_bit_686|fp_bit_687|fp_bit_688|fp_bit_689|fp_bit_690|fp_bit_691|fp_bit_692|fp_bit_693|fp_bit_694|fp_bit_695|fp_bit_696|fp_bit_697|fp_bit_698|fp_bit_699|fp_bit_700|fp_bit_701|fp_bit_702|fp_bit_703|fp_bit_704|fp_bit_705|fp_bit_706|fp_bit_707|fp_bit_708|fp_bit_710|fp_bit_711|fp_bit_712|fp_bit_713|fp_bit_714|fp_bit_715|fp_bit_716|fp_bit_717|fp_bit_718|fp_bit_719|fp_bit_720|fp_bit_721|fp_bit_722|fp_bit_723|fp_bit_724|fp_bit_725|fp_bit_726|fp_bit_727|fp_bit_728|fp_bit_729|fp_bit_730|fp_bit_731|fp_bit_732|fp_bit_733|fp_bit_734|fp_bit_735|fp_bit_736|fp_bit_737|fp_bit_738|fp_bit_739|fp_bit_740|fp_bit_741|fp_bit_742|fp_bit_743|fp_bit_744|fp_bit_745|fp_bit_746|fp_bit_747|fp_bit_748|fp_bit_749|fp_bit_750|fp_bit_751|fp_bit_752|fp_bit_753|fp_bit_754|fp_bit_755|fp_bit_756|fp_bit_757|fp_bit_758|fp_bit_759|fp_bit_760|fp_bit_761|fp_bit_762|fp_bit_763|fp_bit_764|fp_bit_765|fp_bit_766|fp_bit_767|fp_bit_768|fp_bit_769|fp_bit_770|fp_bit_771|fp_bit_772|fp_bit_773|fp_bit_774|fp_bit_775|fp_bit_776|fp_bit_778|fp_bit_779|fp_bit_780|fp_bit_781|fp_bit_782|fp_bit_783|fp_bit_784|fp_bit_785|fp_bit_786|fp_bit_787|fp_bit_788|fp_bit_789|fp_bit_790|fp_bit_791|fp_bit_794|fp_bit_795|fp_bit_796|fp_bit_797|fp_bit_798|fp_bit_799|fp_bit_800|fp_bit_801|fp_bit_802|fp_bit_803|fp_bit_804|fp_bit_805|fp_bit_806|fp_bit_807|fp_bit_808|fp_bit_809|fp_bit_810|fp_bit_811|fp_bit_812|fp_bit_814|fp_bit_815|fp_bit_816|fp_bit_817|fp_bit_818|fp_bit_819|fp_bit_820|fp_bit_821|fp_bit_822|fp_bit_823|fp_bit_824|fp_bit_825|fp_bit_826|fp_bit_827|fp_bit_828|fp_bit_829|fp_bit_830|fp_bit_831|fp_bit_832|fp_bit_833|fp_bit_834|fp_bit_835|fp_bit_836|fp_bit_837|fp_bit_838|fp_bit_839|fp_bit_840|fp_bit_841|fp_bit_842|fp_bit_843|fp_bit_844|fp_bit_845|fp_bit_846|fp_bit_847|fp_bit_848|fp_bit_849|fp_bit_850|fp_bit_851|fp_bit_852|fp_bit_853|fp_bit_854|fp_bit_855|fp_bit_856|fp_bit_857|fp_bit_858|fp_bit_859|fp_bit_860|fp_bit_861|fp_bit_862|fp_bit_863|fp_bit_864|fp_bit_865|fp_bit_867|fp_bit_868|fp_bit_869|fp_bit_870|fp_bit_871|fp_bit_872|fp_bit_873|fp_bit_874|fp_bit_875|fp_bit_876|fp_bit_877|fp_bit_878|fp_bit_879|fp_bit_880|fp_bit_881|fp_bit_882|fp_bit_883|fp_bit_884|fp_bit_885|fp_bit_886|fp_bit_887|fp_bit_888|fp_bit_889|fp_bit_890|fp_bit_891|fp_bit_892|fp_bit_893|fp_bit_894|fp_bit_895|fp_bit_896|fp_bit_897|fp_bit_898|fp_bit_899|fp_bit_900|fp_bit_901|fp_bit_902|fp_bit_903|fp_bit_904|fp_bit_905|fp_bit_906|fp_bit_907|fp_bit_908|fp_bit_909|fp_bit_910|fp_bit_911|fp_bit_912|fp_bit_913|fp_bit_914|fp_bit_915|fp_bit_916|fp_bit_917|fp_bit_918|fp_bit_919|fp_bit_921|fp_bit_922|fp_bit_923|fp_bit_924|fp_bit_925|fp_bit_926|fp_bit_927|fp_bit_928|fp_bit_929|fp_bit_930|fp_bit_931|fp_bit_932|fp_bit_934|fp_bit_935|fp_bit_936|fp_bit_937|fp_bit_938|fp_bit_939|fp_bit_940|fp_bit_941|fp_bit_942|fp_bit_943|fp_bit_944|fp_bit_945|fp_bit_946|fp_bit_947|fp_bit_948|fp_bit_949|fp_bit_950|fp_bit_951|fp_bit_952|fp_bit_953|fp_bit_954|fp_bit_955|fp_bit_956|fp_bit_957|fp_bit_958|fp_bit_959|fp_bit_960|fp_bit_961|fp_bit_962|fp_bit_963|fp_bit_964|fp_bit_965|fp_bit_966|fp_bit_967|fp_bit_968|fp_bit_970|fp_bit_971|fp_bit_973|fp_bit_974|fp_bit_975|fp_bit_976|fp_bit_977|fp_bit_978|fp_bit_979|fp_bit_980|fp_bit_981|fp_bit_983|fp_bit_984|fp_bit_985|fp_bit_986|fp_bit_987|fp_bit_988|fp_bit_989|fp_bit_990|fp_bit_991|fp_bit_992|fp_bit_993|fp_bit_994|fp_bit_995|fp_bit_996|fp_bit_997|fp_bit_998|fp_bit_999|fp_bit_1000|fp_bit_1001|fp_bit_1002|fp_bit_1003|fp_bit_1004|fp_bit_1005|fp_bit_1006|fp_bit_1007|fp_bit_1008|fp_bit_1009|fp_bit_1010|fp_bit_1011|fp_bit_1012|fp_bit_1013|fp_bit_1014|fp_bit_1015|fp_bit_1016|fp_bit_1017|fp_bit_1018|fp_bit_1019|fp_bit_1020|fp_bit_1021|fp_bit_1022|fp_bit_1023|fp_bit_1024|fp_bit_1025|fp_bit_1026|fp_bit_1027|fp_bit_1028|fp_bit_1029|fp_bit_1031|fp_bit_1032|fp_bit_1033|fp_bit_1034|fp_bit_1035|fp_bit_1036|fp_bit_1037|fp_bit_1038|fp_bit_1039|fp_bit_1040|fp_bit_1041|fp_bit_1042|fp_bit_1043|fp_bit_1044|fp_bit_1045|fp_bit_1046|fp_bit_1047|fp_bit_1048|fp_bit_1049|fp_bit_1050|fp_bit_1051|fp_bit_1052|fp_bit_1053|fp_bit_1054|fp_bit_1055|fp_bit_1056|fp_bit_1057|fp_bit_1058|fp_bit_1059|fp_bit_1060|fp_bit_1061|fp_bit_1062|fp_bit_1063|fp_bit_1064|fp_bit_1065|fp_bit_1066|fp_bit_1067|fp_bit_1068|fp_bit_1069|fp_bit_1070|fp_bit_1071|fp_bit_1072|fp_bit_1073|fp_bit_1074|fp_bit_1075|fp_bit_1076|fp_bit_1077|fp_bit_1078|fp_bit_1079|fp_bit_1080|fp_bit_1081|fp_bit_1082|fp_bit_1083|fp_bit_1084|fp_bit_1085|fp_bit_1086|fp_bit_1087|fp_bit_1088|fp_bit_1089|fp_bit_1090|fp_bit_1091|fp_bit_1092|fp_bit_1093|fp_bit_1095|fp_bit_1096|fp_bit_1097|fp_bit_1098|fp_bit_1099|fp_bit_1100|fp_bit_1101|fp_bit_1102|fp_bit_1103|fp_bit_1104|fp_bit_1105|fp_bit_1106|fp_bit_1107|fp_bit_1109|fp_bit_1110|fp_bit_1111|fp_bit_1112|fp_bit_1113|fp_bit_1114|fp_bit_1115|fp_bit_1116|fp_bit_1117|fp_bit_1118|fp_bit_1119|fp_bit_1120|fp_bit_1121|fp_bit_1122|fp_bit_1123|fp_bit_1124|fp_bit_1125|fp_bit_1126|fp_bit_1127|fp_bit_1128|fp_bit_1129|fp_bit_1130|fp_bit_1131|fp_bit_1132|fp_bit_1133|fp_bit_1134|fp_bit_1135|fp_bit_1136|fp_bit_1137|fp_bit_1138|fp_bit_1139|fp_bit_1140|fp_bit_1141|fp_bit_1142|fp_bit_1143|fp_bit_1144|fp_bit_1145|fp_bit_1146|fp_bit_1147|fp_bit_1148|fp_bit_1149|fp_bit_1150|fp_bit_1152|fp_bit_1153|fp_bit_1154|fp_bit_1155|fp_bit_1156|fp_bit_1157|fp_bit_1158|fp_bit_1160|fp_bit_1162|fp_bit_1163|fp_bit_1164|fp_bit_1165|fp_bit_1167|fp_bit_1168|fp_bit_1169|fp_bit_1170|fp_bit_1171|fp_bit_1172|fp_bit_1173|fp_bit_1174|fp_bit_1175|fp_bit_1176|fp_bit_1177|fp_bit_1179|fp_bit_1180|fp_bit_1181|fp_bit_1182|fp_bit_1183|fp_bit_1184|fp_bit_1185|fp_bit_1186|fp_bit_1187|fp_bit_1188|fp_bit_1189|fp_bit_1190|fp_bit_1191|fp_bit_1192|fp_bit_1193|fp_bit_1194|fp_bit_1195|fp_bit_1196|fp_bit_1197|fp_bit_1198|fp_bit_1199|fp_bit_1200|fp_bit_1201|fp_bit_1202|fp_bit_1203|fp_bit_1205|fp_bit_1206|fp_bit_1207|fp_bit_1208|fp_bit_1209|fp_bit_1210|fp_bit_1211|fp_bit_1212|fp_bit_1213|fp_bit_1214|fp_bit_1215|fp_bit_1216|fp_bit_1217|fp_bit_1218|fp_bit_1219|fp_bit_1220|fp_bit_1221|fp_bit_1222|fp_bit_1223|fp_bit_1224|fp_bit_1225|fp_bit_1226|fp_bit_1227|fp_bit_1228|fp_bit_1229|fp_bit_1230|fp_bit_1231|fp_bit_1232|fp_bit_1233|fp_bit_1234|fp_bit_1235|fp_bit_1236|fp_bit_1237|fp_bit_1238|fp_bit_1239|fp_bit_1240|fp_bit_1241|fp_bit_1242|fp_bit_1243|fp_bit_1244|fp_bit_1245|fp_bit_1246|fp_bit_1247|fp_bit_1248|fp_bit_1249|fp_bit_1250|fp_bit_1251|fp_bit_1252|fp_bit_1253|fp_bit_1254|fp_bit_1255|fp_bit_1256|fp_bit_1257|fp_bit_1258|fp_bit_1259|fp_bit_1260|fp_bit_1261|fp_bit_1262|fp_bit_1263|fp_bit_1264|fp_bit_1265|fp_bit_1266|fp_bit_1267|fp_bit_1268|fp_bit_1269|fp_bit_1270|fp_bit_1271|fp_bit_1272|fp_bit_1273|fp_bit_1274|fp_bit_1275|fp_bit_1276|fp_bit_1277|fp_bit_1278|fp_bit_1279|fp_bit_1280|fp_bit_1281|fp_bit_1282|fp_bit_1283|fp_bit_1284|fp_bit_1285|fp_bit_1286|fp_bit_1287|fp_bit_1288|fp_bit_1289|fp_bit_1290|fp_bit_1291|fp_bit_1292|fp_bit_1293|fp_bit_1294|fp_bit_1295|fp_bit_1296|fp_bit_1297|fp_bit_1298|fp_bit_1299|fp_bit_1300|fp_bit_1301|fp_bit_1302|fp_bit_1303|fp_bit_1304|fp_bit_1305|fp_bit_1306|fp_bit_1307|fp_bit_1308|fp_bit_1309|fp_bit_1310|fp_bit_1311|fp_bit_1312|fp_bit_1313|fp_bit_1314|fp_bit_1317|fp_bit_1318|fp_bit_1319|fp_bit_1321|fp_bit_1322|fp_bit_1323|fp_bit_1324|fp_bit_1325|fp_bit_1326|fp_bit_1327|fp_bit_1328|fp_bit_1329|fp_bit_1330|fp_bit_1331|fp_bit_1332|fp_bit_1333|fp_bit_1334|fp_bit_1335|fp_bit_1336|fp_bit_1337|fp_bit_1338|fp_bit_1339|fp_bit_1340|fp_bit_1341|fp_bit_1342|fp_bit_1343|fp_bit_1344|fp_bit_1345|fp_bit_1346|fp_bit_1347|fp_bit_1348|fp_bit_1349|fp_bit_1350|fp_bit_1351|fp_bit_1352|fp_bit_1353|fp_bit_1355|fp_bit_1356|fp_bit_1357|fp_bit_1358|fp_bit_1359|fp_bit_1360|fp_bit_1361|fp_bit_1362|fp_bit_1363|fp_bit_1364|fp_bit_1365|fp_bit_1366|fp_bit_1367|fp_bit_1368|fp_bit_1369|fp_bit_1370|fp_bit_1372|fp_bit_1373|fp_bit_1374|fp_bit_1375|fp_bit_1376|fp_bit_1377|fp_bit_1378|fp_bit_1379|fp_bit_1380|fp_bit_1381|fp_bit_1382|fp_bit_1383|fp_bit_1384|fp_bit_1385|fp_bit_1386|fp_bit_1387|fp_bit_1388|fp_bit_1389|fp_bit_1390|fp_bit_1391|fp_bit_1392|fp_bit_1393|fp_bit_1394|fp_bit_1395|fp_bit_1396|fp_bit_1397|fp_bit_1398|fp_bit_1399|fp_bit_1400|fp_bit_1401|fp_bit_1402|fp_bit_1403|fp_bit_1404|fp_bit_1405|fp_bit_1406|fp_bit_1407|fp_bit_1409|fp_bit_1410|fp_bit_1411|fp_bit_1412|fp_bit_1413|fp_bit_1414|fp_bit_1415|fp_bit_1416|fp_bit_1417|fp_bit_1418|fp_bit_1419|fp_bit_1420|fp_bit_1421|fp_bit_1422|fp_bit_1423|fp_bit_1424|fp_bit_1425|fp_bit_1426|fp_bit_1427|fp_bit_1428|fp_bit_1429|fp_bit_1430|fp_bit_1431|fp_bit_1432|fp_bit_1433|fp_bit_1434|fp_bit_1435|fp_bit_1436|fp_bit_1437|fp_bit_1438|fp_bit_1439|fp_bit_1440|fp_bit_1441|fp_bit_1442|fp_bit_1443|fp_bit_1444|fp_bit_1445|fp_bit_1446|fp_bit_1447|fp_bit_1448|fp_bit_1449|fp_bit_1450|fp_bit_1451|fp_bit_1452|fp_bit_1453|fp_bit_1454|fp_bit_1455|fp_bit_1456|fp_bit_1457|fp_bit_1458|fp_bit_1459|fp_bit_1460|fp_bit_1461|fp_bit_1462|fp_bit_1463|fp_bit_1464|fp_bit_1465|fp_bit_1466|fp_bit_1467|fp_bit_1468|fp_bit_1469|fp_bit_1470|fp_bit_1471|fp_bit_1472|fp_bit_1473|fp_bit_1474|fp_bit_1475|fp_bit_1476|fp_bit_1477|fp_bit_1478|fp_bit_1479|fp_bit_1480|fp_bit_1481|fp_bit_1482|fp_bit_1483|fp_bit_1484|fp_bit_1485|fp_bit_1487|fp_bit_1488|fp_bit_1489|fp_bit_1490|fp_bit_1491|fp_bit_1492|fp_bit_1493|fp_bit_1494|fp_bit_1495|fp_bit_1496|fp_bit_1497|fp_bit_1498|fp_bit_1499|fp_bit_1500|fp_bit_1501|fp_bit_1502|fp_bit_1503|fp_bit_1505|fp_bit_1506|fp_bit_1507|fp_bit_1508|fp_bit_1509|fp_bit_1510|fp_bit_1511|fp_bit_1512|fp_bit_1513|fp_bit_1514|fp_bit_1515|fp_bit_1516|fp_bit_1517|fp_bit_1518|fp_bit_1519|fp_bit_1520|fp_bit_1521|fp_bit_1522|fp_bit_1523|fp_bit_1524|fp_bit_1525|fp_bit_1526|fp_bit_1527|fp_bit_1528|fp_bit_1529|fp_bit_1530|fp_bit_1531|fp_bit_1532|fp_bit_1533|fp_bit_1534|fp_bit_1535|fp_bit_1536|fp_bit_1537|fp_bit_1538|fp_bit_1539|fp_bit_1540|fp_bit_1542|fp_bit_1543|fp_bit_1544|fp_bit_1545|fp_bit_1546|fp_bit_1547|fp_bit_1548|fp_bit_1549|fp_bit_1550|fp_bit_1551|fp_bit_1552|fp_bit_1553|fp_bit_1554|fp_bit_1555|fp_bit_1556|fp_bit_1557|fp_bit_1558|fp_bit_1559|fp_bit_1560|fp_bit_1561|fp_bit_1562|fp_bit_1563|fp_bit_1564|fp_bit_1565|fp_bit_1566|fp_bit_1567|fp_bit_1568|fp_bit_1569|fp_bit_1570|fp_bit_1571|fp_bit_1572|fp_bit_1573|fp_bit_1574|fp_bit_1575|fp_bit_1576|fp_bit_1577|fp_bit_1578|fp_bit_1579|fp_bit_1580|fp_bit_1581|fp_bit_1582|fp_bit_1583|fp_bit_1584|fp_bit_1585|fp_bit_1586|fp_bit_1587|fp_bit_1588|fp_bit_1589|fp_bit_1590|fp_bit_1591|fp_bit_1592|fp_bit_1593|fp_bit_1594|fp_bit_1595|fp_bit_1597|fp_bit_1598|fp_bit_1599|fp_bit_1600|fp_bit_1601|fp_bit_1602|fp_bit_1603|fp_bit_1604|fp_bit_1605|fp_bit_1606|fp_bit_1607|fp_bit_1608|fp_bit_1609|fp_bit_1610|fp_bit_1611|fp_bit_1612|fp_bit_1613|fp_bit_1614|fp_bit_1615|fp_bit_1616|fp_bit_1617|fp_bit_1618|fp_bit_1619|fp_bit_1620|fp_bit_1621|fp_bit_1622|fp_bit_1623|fp_bit_1624|fp_bit_1625|fp_bit_1626|fp_bit_1627|fp_bit_1628|fp_bit_1629|fp_bit_1630|fp_bit_1631|fp_bit_1632|fp_bit_1633|fp_bit_1634|fp_bit_1635|fp_bit_1636|fp_bit_1637|fp_bit_1638|fp_bit_1639|fp_bit_1640|fp_bit_1641|fp_bit_1642|fp_bit_1643|fp_bit_1644|fp_bit_1645|fp_bit_1646|fp_bit_1647|fp_bit_1648|fp_bit_1649|fp_bit_1650|fp_bit_1651|fp_bit_1652|fp_bit_1653|fp_bit_1654|fp_bit_1655|fp_bit_1656|fp_bit_1657|fp_bit_1658|fp_bit_1659|fp_bit_1660|fp_bit_1661|fp_bit_1663|fp_bit_1664|fp_bit_1665|fp_bit_1666|fp_bit_1667|fp_bit_1668|fp_bit_1669|fp_bit_1670|fp_bit_1671|fp_bit_1672|fp_bit_1673|fp_bit_1674|fp_bit_1675|fp_bit_1676|fp_bit_1677|fp_bit_1678|fp_bit_1679|fp_bit_1680|fp_bit_1681|fp_bit_1682|fp_bit_1683|fp_bit_1684|fp_bit_1685|fp_bit_1686|fp_bit_1687|fp_bit_1688|fp_bit_1689|fp_bit_1690|fp_bit_1691|fp_bit_1692|fp_bit_1693|fp_bit_1694|fp_bit_1695|fp_bit_1696|fp_bit_1697|fp_bit_1698|fp_bit_1699|fp_bit_1700|fp_bit_1701|fp_bit_1704|fp_bit_1705|fp_bit_1706|fp_bit_1707|fp_bit_1708|fp_bit_1709|fp_bit_1710|fp_bit_1711|fp_bit_1712|fp_bit_1713|fp_bit_1714|fp_bit_1715|fp_bit_1716|fp_bit_1717|fp_bit_1718|fp_bit_1719|fp_bit_1720|fp_bit_1721|fp_bit_1722|fp_bit_1723|fp_bit_1724|fp_bit_1725|fp_bit_1726|fp_bit_1727|fp_bit_1728|fp_bit_1729|fp_bit_1730|fp_bit_1731|fp_bit_1732|fp_bit_1733|fp_bit_1734|fp_bit_1735|fp_bit_1736|fp_bit_1737|fp_bit_1738|fp_bit_1739|fp_bit_1740|fp_bit_1741|fp_bit_1742|fp_bit_1743|fp_bit_1744|fp_bit_1745|fp_bit_1746|fp_bit_1747|fp_bit_1748|fp_bit_1749|fp_bit_1750|fp_bit_1751|fp_bit_1752|fp_bit_1753|fp_bit_1754|fp_bit_1755|fp_bit_1756|fp_bit_1757|fp_bit_1758|fp_bit_1759|fp_bit_1760|fp_bit_1761|fp_bit_1762|fp_bit_1763|fp_bit_1764|fp_bit_1765|fp_bit_1766|fp_bit_1767|fp_bit_1768|fp_bit_1769|fp_bit_1770|fp_bit_1771|fp_bit_1772|fp_bit_1773|fp_bit_1775|fp_bit_1776|fp_bit_1777|fp_bit_1778|fp_bit_1779|fp_bit_1780|fp_bit_1781|fp_bit_1782|fp_bit_1783|fp_bit_1784|fp_bit_1785|fp_bit_1786|fp_bit_1787|fp_bit_1788|fp_bit_1789|fp_bit_1790|fp_bit_1791|fp_bit_1792|fp_bit_1793|fp_bit_1794|fp_bit_1795|fp_bit_1796|fp_bit_1797|fp_bit_1798|fp_bit_1799|fp_bit_1800|fp_bit_1801|fp_bit_1802|fp_bit_1803|fp_bit_1804|fp_bit_1805|fp_bit_1806|fp_bit_1807|fp_bit_1808|fp_bit_1809|fp_bit_1810|fp_bit_1811|fp_bit_1812|fp_bit_1814|fp_bit_1815|fp_bit_1816|fp_bit_1817|fp_bit_1818|fp_bit_1819|fp_bit_1820|fp_bit_1821|fp_bit_1822|fp_bit_1823|fp_bit_1824|fp_bit_1825|fp_bit_1827|fp_bit_1828|fp_bit_1829|fp_bit_1831|fp_bit_1832|fp_bit_1833|fp_bit_1834|fp_bit_1835|fp_bit_1837|fp_bit_1838|fp_bit_1839|fp_bit_1840|fp_bit_1841|fp_bit_1842|fp_bit_1843|fp_bit_1844|fp_bit_1845|fp_bit_1846|fp_bit_1847|fp_bit_1848|fp_bit_1849|fp_bit_1850|fp_bit_1851|fp_bit_1852|fp_bit_1853|fp_bit_1854|fp_bit_1855|fp_bit_1856|fp_bit_1857|fp_bit_1858|fp_bit_1859|fp_bit_1860|fp_bit_1861|fp_bit_1862|fp_bit_1863|fp_bit_1864|fp_bit_1865|fp_bit_1866|fp_bit_1867|fp_bit_1868|fp_bit_1869|fp_bit_1870|fp_bit_1871|fp_bit_1872|fp_bit_1873|fp_bit_1874|fp_bit_1875|fp_bit_1876|fp_bit_1877|fp_bit_1878|fp_bit_1879|fp_bit_1881|fp_bit_1882|fp_bit_1883|fp_bit_1884|fp_bit_1885|fp_bit_1886|fp_bit_1887|fp_bit_1888|fp_bit_1889|fp_bit_1891|fp_bit_1892|fp_bit_1893|fp_bit_1895|fp_bit_1896|fp_bit_1897|fp_bit_1898|fp_bit_1899|fp_bit_1900|fp_bit_1901|fp_bit_1902|fp_bit_1903|fp_bit_1904|fp_bit_1905|fp_bit_1906|fp_bit_1907|fp_bit_1908|fp_bit_1909|fp_bit_1910|fp_bit_1911|fp_bit_1912|fp_bit_1913|fp_bit_1914|fp_bit_1915|fp_bit_1916|fp_bit_1917|fp_bit_1918|fp_bit_1919|fp_bit_1920|fp_bit_1921|fp_bit_1922|fp_bit_1923|fp_bit_1924|fp_bit_1925|fp_bit_1926|fp_bit_1927|fp_bit_1928|fp_bit_1929|fp_bit_1930|fp_bit_1932|fp_bit_1934|fp_bit_1935|fp_bit_1936|fp_bit_1937|fp_bit_1938|fp_bit_1939|fp_bit_1940|fp_bit_1941|fp_bit_1942|fp_bit_1943|fp_bit_1944|fp_bit_1945|fp_bit_1946|fp_bit_1948|fp_bit_1949|fp_bit_1950|fp_bit_1951|fp_bit_1952|fp_bit_1953|fp_bit_1954|fp_bit_1955|fp_bit_1956|fp_bit_1957|fp_bit_1958|fp_bit_1959|fp_bit_1960|fp_bit_1961|fp_bit_1962|fp_bit_1963|fp_bit_1964|fp_bit_1965|fp_bit_1966|fp_bit_1967|fp_bit_1968|fp_bit_1969|fp_bit_1970|fp_bit_1971|fp_bit_1972|fp_bit_1974|fp_bit_1975|fp_bit_1976|fp_bit_1977|fp_bit_1978|fp_bit_1979|fp_bit_1980|fp_bit_1981|fp_bit_1982|fp_bit_1983|fp_bit_1984|fp_bit_1985|fp_bit_1986|fp_bit_1987|fp_bit_1988|fp_bit_1989|fp_bit_1990|fp_bit_1991|fp_bit_1992|fp_bit_1993|fp_bit_1994|fp_bit_1995|fp_bit_1996|fp_bit_1997|fp_bit_1998|fp_bit_1999|fp_bit_2000|fp_bit_2001|fp_bit_2002|fp_bit_2003|fp_bit_2004|fp_bit_2005|fp_bit_2006|fp_bit_2007|fp_bit_2008|fp_bit_2009|fp_bit_2010|fp_bit_2011|fp_bit_2012|fp_bit_2013|fp_bit_2014|fp_bit_2016|fp_bit_2017|fp_bit_2018|fp_bit_2019|fp_bit_2020|fp_bit_2021|fp_bit_2022|fp_bit_2023|fp_bit_2024|fp_bit_2025|fp_bit_2026|fp_bit_2027|fp_bit_2028|fp_bit_2029|fp_bit_2030|fp_bit_2031|fp_bit_2032|fp_bit_2033|fp_bit_2034|fp_bit_2035|fp_bit_2036|fp_bit_2037|fp_bit_2038|fp_bit_2039|fp_bit_2040|fp_bit_2041|fp_bit_2042|fp_bit_2043|fp_bit_2044|fp_bit_2045|fp_bit_2046|fp_bit_2047
Extra Trees,Morgan FP,1984,0.9842,0.974,0.9872,0.9935,0.974,0.9804,0.973,0.8825,0.8411,0.8518,0.9598,0.8411,0.8459,0.7977,CorrelationFilter,fp_bit_0|fp_bit_1|fp_bit_2|fp_bit_3|fp_bit_4|fp_bit_5|fp_bit_6|fp_bit_7|fp_bit_8|fp_bit_9|fp_bit_10|fp_bit_11|fp_bit_12|fp_bit_13|fp_bit_14|fp_bit_15|fp_bit_16|fp_bit_17|fp_bit_18|fp_bit_19|fp_bit_20|fp_bit_21|fp_bit_22|fp_bit_23|fp_bit_24|fp_bit_25|fp_bit_26|fp_bit_27|fp_bit_28|fp_bit_29|fp_bit_30|fp_bit_31|fp_bit_32|fp_bit_33|fp_bit_34|fp_bit_35|fp_bit_36|fp_bit_37|fp_bit_38|fp_bit_39|fp_bit_40|fp_bit_41|fp_bit_42|fp_bit_43|fp_bit_44|fp_bit_45|fp_bit_46|fp_bit_47|fp_bit_48|fp_bit_49|fp_bit_50|fp_bit_51|fp_bit_52|fp_bit_53|fp_bit_54|fp_bit_55|fp_bit_56|fp_bit_57|fp_bit_58|fp_bit_59|fp_bit_60|fp_bit_61|fp_bit_62|fp_bit_63|fp_bit_64|fp_bit_65|fp_bit_66|fp_bit_67|fp_bit_68|fp_bit_69|fp_bit_70|fp_bit_72|fp_bit_73|fp_bit_74|fp_bit_75|fp_bit_76|fp_bit_77|fp_bit_78|fp_bit_79|fp_bit_80|fp_bit_81|fp_bit_82|fp_bit_83|fp_bit_84|fp_bit_86|fp_bit_87|fp_bit_88|fp_bit_89|fp_bit_90|fp_bit_91|fp_bit_92|fp_bit_93|fp_bit_94|fp_bit_95|fp_bit_96|fp_bit_97|fp_bit_98|fp_bit_99|fp_bit_100|fp_bit_101|fp_bit_102|fp_bit_103|fp_bit_104|fp_bit_105|fp_bit_106|fp_bit_107|fp_bit_108|fp_bit_109|fp_bit_110|fp_bit_111|fp_bit_112|fp_bit_113|fp_bit_114|fp_bit_115|fp_bit_116|fp_bit_117|fp_bit_118|fp_bit_119|fp_bit_120|fp_bit_121|fp_bit_125|fp_bit_126|fp_bit_127|fp_bit_128|fp_bit_129|fp_bit_130|fp_bit_131|fp_bit_132|fp_bit_133|fp_bit_134|fp_bit_135|fp_bit_136|fp_bit_137|fp_bit_139|fp_bit_140|fp_bit_141|fp_bit_142|fp_bit_143|fp_bit_144|fp_bit_145|fp_bit_146|fp_bit_147|fp_bit_148|fp_bit_149|fp_bit_150|fp_bit_151|fp_bit_152|fp_bit_153|fp_bit_154|fp_bit_155|fp_bit_156|fp_bit_157|fp_bit_158|fp_bit_159|fp_bit_160|fp_bit_162|fp_bit_163|fp_bit_164|fp_bit_165|fp_bit_166|fp_bit_167|fp_bit_168|fp_bit_169|fp_bit_170|fp_bit_171|fp_bit_172|fp_bit_173|fp_bit_174|fp_bit_175|fp_bit_176|fp_bit_177|fp_bit_178|fp_bit_179|fp_bit_180|fp_bit_181|fp_bit_182|fp_bit_183|fp_bit_184|fp_bit_185|fp_bit_186|fp_bit_187|fp_bit_188|fp_bit_189|fp_bit_190|fp_bit_191|fp_bit_192|fp_bit_193|fp_bit_194|fp_bit_195|fp_bit_196|fp_bit_197|fp_bit_198|fp_bit_199|fp_bit_200|fp_bit_201|fp_bit_202|fp_bit_203|fp_bit_204|fp_bit_205|fp_bit_206|fp_bit_207|fp_bit_208|fp_bit_209|fp_bit_210|fp_bit_211|fp_bit_212|fp_bit_213|fp_bit_215|fp_bit_216|fp_bit_217|fp_bit_218|fp_bit_219|fp_bit_220|fp_bit_221|fp_bit_222|fp_bit_223|fp_bit_224|fp_bit_225|fp_bit_226|fp_bit_227|fp_bit_228|fp_bit_229|fp_bit_230|fp_bit_231|fp_bit_232|fp_bit_233|fp_bit_234|fp_bit_235|fp_bit_236|fp_bit_237|fp_bit_238|fp_bit_239|fp_bit_240|fp_bit_241|fp_bit_242|fp_bit_243|fp_bit_244|fp_bit_245|fp_bit_246|fp_bit_247|fp_bit_248|fp_bit_249|fp_bit_250|fp_bit_251|fp_bit_252|fp_bit_253|fp_bit_254|fp_bit_255|fp_bit_256|fp_bit_257|fp_bit_258|fp_bit_259|fp_bit_260|fp_bit_261|fp_bit_262|fp_bit_263|fp_bit_264|fp_bit_265|fp_bit_266|fp_bit_267|fp_bit_268|fp_bit_269|fp_bit_270|fp_bit_271|fp_bit_272|fp_bit_273|fp_bit_274|fp_bit_275|fp_bit_276|fp_bit_277|fp_bit_278|fp_bit_279|fp_bit_280|fp_bit_281|fp_bit_282|fp_bit_283|fp_bit_284|fp_bit_285|fp_bit_286|fp_bit_287|fp_bit_289|fp_bit_290|fp_bit_291|fp_bit_292|fp_bit_293|fp_bit_294|fp_bit_295|fp_bit_296|fp_bit_297|fp_bit_298|fp_bit_299|fp_bit_300|fp_bit_301|fp_bit_302|fp_bit_303|fp_bit_304|fp_bit_305|fp_bit_306|fp_bit_307|fp_bit_308|fp_bit_309|fp_bit_310|fp_bit_311|fp_bit_312|fp_bit_313|fp_bit_314|fp_bit_315|fp_bit_316|fp_bit_317|fp_bit_318|fp_bit_319|fp_bit_320|fp_bit_321|fp_bit_322|fp_bit_323|fp_bit_324|fp_bit_325|fp_bit_326|fp_bit_327|fp_bit_328|fp_bit_329|fp_bit_330|fp_bit_331|fp_bit_332|fp_bit_333|fp_bit_334|fp_bit_335|fp_bit_336|fp_bit_337|fp_bit_338|fp_bit_339|fp_bit_340|fp_bit_341|fp_bit_342|fp_bit_343|fp_bit_344|fp_bit_345|fp_bit_347|fp_bit_348|fp_bit_349|fp_bit_350|fp_bit_351|fp_bit_352|fp_bit_353|fp_bit_354|fp_bit_355|fp_bit_356|fp_bit_357|fp_bit_358|fp_bit_359|fp_bit_360|fp_bit_361|fp_bit_362|fp_bit_363|fp_bit_364|fp_bit_365|fp_bit_366|fp_bit_367|fp_bit_368|fp_bit_369|fp_bit_370|fp_bit_371|fp_bit_372|fp_bit_373|fp_bit_374|fp_bit_375|fp_bit_376|fp_bit_377|fp_bit_378|fp_bit_379|fp_bit_380|fp_bit_381|fp_bit_382|fp_bit_383|fp_bit_384|fp_bit_385|fp_bit_386|fp_bit_387|fp_bit_388|fp_bit_389|fp_bit_390|fp_bit_391|fp_bit_392|fp_bit_393|fp_bit_394|fp_bit_395|fp_bit_396|fp_bit_397|fp_bit_398|fp_bit_399|fp_bit_400|fp_bit_401|fp_bit_402|fp_bit_403|fp_bit_404|fp_bit_405|fp_bit_406|fp_bit_407|fp_bit_408|fp_bit_409|fp_bit_411|fp_bit_412|fp_bit_413|fp_bit_414|fp_bit_415|fp_bit_416|fp_bit_417|fp_bit_418|fp_bit_419|fp_bit_420|fp_bit_421|fp_bit_422|fp_bit_423|fp_bit_424|fp_bit_425|fp_bit_426|fp_bit_427|fp_bit_428|fp_bit_429|fp_bit_430|fp_bit_431|fp_bit_432|fp_bit_433|fp_bit_434|fp_bit_435|fp_bit_437|fp_bit_438|fp_bit_439|fp_bit_440|fp_bit_441|fp_bit_442|fp_bit_443|fp_bit_444|fp_bit_445|fp_bit_446|fp_bit_447|fp_bit_448|fp_bit_449|fp_bit_450|fp_bit_451|fp_bit_452|fp_bit_453|fp_bit_454|fp_bit_455|fp_bit_456|fp_bit_457|fp_bit_458|fp_bit_459|fp_bit_460|fp_bit_461|fp_bit_462|fp_bit_463|fp_bit_464|fp_bit_465|fp_bit_466|fp_bit_467|fp_bit_468|fp_bit_469|fp_bit_470|fp_bit_471|fp_bit_472|fp_bit_473|fp_bit_474|fp_bit_475|fp_bit_476|fp_bit_477|fp_bit_478|fp_bit_479|fp_bit_480|fp_bit_481|fp_bit_482|fp_bit_483|fp_bit_484|fp_bit_485|fp_bit_486|fp_bit_487|fp_bit_488|fp_bit_489|fp_bit_490|fp_bit_491|fp_bit_492|fp_bit_493|fp_bit_494|fp_bit_495|fp_bit_496|fp_bit_497|fp_bit_499|fp_bit_500|fp_bit_501|fp_bit_502|fp_bit_503|fp_bit_504|fp_bit_505|fp_bit_506|fp_bit_507|fp_bit_508|fp_bit_509|fp_bit_510|fp_bit_511|fp_bit_512|fp_bit_513|fp_bit_514|fp_bit_516|fp_bit_517|fp_bit_518|fp_bit_519|fp_bit_520|fp_bit_521|fp_bit_522|fp_bit_523|fp_bit_524|fp_bit_525|fp_bit_526|fp_bit_527|fp_bit_528|fp_bit_529|fp_bit_530|fp_bit_531|fp_bit_532|fp_bit_533|fp_bit_534|fp_bit_535|fp_bit_536|fp_bit_537|fp_bit_538|fp_bit_540|fp_bit_541|fp_bit_542|fp_bit_543|fp_bit_544|fp_bit_545|fp_bit_546|fp_bit_547|fp_bit_548|fp_bit_549|fp_bit_550|fp_bit_551|fp_bit_552|fp_bit_553|fp_bit_554|fp_bit_555|fp_bit_556|fp_bit_557|fp_bit_558|fp_bit_559|fp_bit_560|fp_bit_561|fp_bit_562|fp_bit_563|fp_bit_564|fp_bit_565|fp_bit_566|fp_bit_567|fp_bit_568|fp_bit_569|fp_bit_570|fp_bit_572|fp_bit_573|fp_bit_574|fp_bit_575|fp_bit_576|fp_bit_578|fp_bit_579|fp_bit_580|fp_bit_581|fp_bit_582|fp_bit_583|fp_bit_584|fp_bit_585|fp_bit_586|fp_bit_587|fp_bit_588|fp_bit_589|fp_bit_590|fp_bit_591|fp_bit_592|fp_bit_593|fp_bit_594|fp_bit_595|fp_bit_596|fp_bit_597|fp_bit_598|fp_bit_599|fp_bit_600|fp_bit_601|fp_bit_602|fp_bit_603|fp_bit_604|fp_bit_605|fp_bit_606|fp_bit_607|fp_bit_608|fp_bit_609|fp_bit_610|fp_bit_611|fp_bit_612|fp_bit_613|fp_bit_614|fp_bit_615|fp_bit_616|fp_bit_617|fp_bit_618|fp_bit_619|fp_bit_620|fp_bit_621|fp_bit_622|fp_bit_623|fp_bit_624|fp_bit_625|fp_bit_626|fp_bit_627|fp_bit_628|fp_bit_629|fp_bit_630|fp_bit_631|fp_bit_632|fp_bit_633|fp_bit_634|fp_bit_635|fp_bit_636|fp_bit_637|fp_bit_638|fp_bit_639|fp_bit_640|fp_bit_641|fp_bit_642|fp_bit_643|fp_bit_644|fp_bit_645|fp_bit_646|fp_bit_647|fp_bit_648|fp_bit_649|fp_bit_650|fp_bit_651|fp_bit_652|fp_bit_653|fp_bit_654|fp_bit_655|fp_bit_656|fp_bit_657|fp_bit_658|fp_bit_659|fp_bit_660|fp_bit_661|fp_bit_662|fp_bit_663|fp_bit_664|fp_bit_665|fp_bit_666|fp_bit_667|fp_bit_668|fp_bit_669|fp_bit_670|fp_bit_672|fp_bit_673|fp_bit_674|fp_bit_675|fp_bit_676|fp_bit_677|fp_bit_678|fp_bit_679|fp_bit_680|fp_bit_681|fp_bit_682|fp_bit_683|fp_bit_684|fp_bit_685|fp_bit_686|fp_bit_687|fp_bit_688|fp_bit_689|fp_bit_690|fp_bit_691|fp_bit_692|fp_bit_693|fp_bit_694|fp_bit_695|fp_bit_696|fp_bit_697|fp_bit_698|fp_bit_699|fp_bit_700|fp_bit_701|fp_bit_702|fp_bit_703|fp_bit_704|fp_bit_705|fp_bit_706|fp_bit_707|fp_bit_708|fp_bit_710|fp_bit_711|fp_bit_712|fp_bit_713|fp_bit_714|fp_bit_715|fp_bit_716|fp_bit_717|fp_bit_718|fp_bit_719|fp_bit_720|fp_bit_721|fp_bit_722|fp_bit_723|fp_bit_724|fp_bit_725|fp_bit_726|fp_bit_727|fp_bit_728|fp_bit_729|fp_bit_730|fp_bit_731|fp_bit_732|fp_bit_733|fp_bit_734|fp_bit_735|fp_bit_736|fp_bit_737|fp_bit_738|fp_bit_739|fp_bit_740|fp_bit_741|fp_bit_742|fp_bit_743|fp_bit_744|fp_bit_745|fp_bit_746|fp_bit_747|fp_bit_748|fp_bit_749|fp_bit_750|fp_bit_751|fp_bit_752|fp_bit_753|fp_bit_754|fp_bit_755|fp_bit_756|fp_bit_757|fp_bit_758|fp_bit_759|fp_bit_760|fp_bit_761|fp_bit_762|fp_bit_763|fp_bit_764|fp_bit_765|fp_bit_766|fp_bit_767|fp_bit_768|fp_bit_769|fp_bit_770|fp_bit_771|fp_bit_772|fp_bit_773|fp_bit_774|fp_bit_775|fp_bit_776|fp_bit_778|fp_bit_779|fp_bit_780|fp_bit_781|fp_bit_782|fp_bit_783|fp_bit_784|fp_bit_785|fp_bit_786|fp_bit_787|fp_bit_788|fp_bit_789|fp_bit_790|fp_bit_791|fp_bit_794|fp_bit_795|fp_bit_796|fp_bit_797|fp_bit_798|fp_bit_799|fp_bit_800|fp_bit_801|fp_bit_802|fp_bit_803|fp_bit_804|fp_bit_805|fp_bit_806|fp_bit_807|fp_bit_808|fp_bit_809|fp_bit_810|fp_bit_811|fp_bit_812|fp_bit_814|fp_bit_815|fp_bit_816|fp_bit_817|fp_bit_818|fp_bit_819|fp_bit_820|fp_bit_821|fp_bit_822|fp_bit_823|fp_bit_824|fp_bit_825|fp_bit_826|fp_bit_827|fp_bit_828|fp_bit_829|fp_bit_830|fp_bit_831|fp_bit_832|fp_bit_833|fp_bit_834|fp_bit_835|fp_bit_836|fp_bit_837|fp_bit_838|fp_bit_839|fp_bit_840|fp_bit_841|fp_bit_842|fp_bit_843|fp_bit_844|fp_bit_845|fp_bit_846|fp_bit_847|fp_bit_848|fp_bit_849|fp_bit_850|fp_bit_851|fp_bit_852|fp_bit_853|fp_bit_854|fp_bit_855|fp_bit_856|fp_bit_857|fp_bit_858|fp_bit_859|fp_bit_860|fp_bit_861|fp_bit_862|fp_bit_863|fp_bit_864|fp_bit_865|fp_bit_867|fp_bit_868|fp_bit_869|fp_bit_870|fp_bit_871|fp_bit_872|fp_bit_873|fp_bit_874|fp_bit_875|fp_bit_876|fp_bit_877|fp_bit_878|fp_bit_879|fp_bit_880|fp_bit_881|fp_bit_882|fp_bit_883|fp_bit_884|fp_bit_885|fp_bit_886|fp_bit_887|fp_bit_888|fp_bit_889|fp_bit_890|fp_bit_891|fp_bit_892|fp_bit_893|fp_bit_894|fp_bit_895|fp_bit_896|fp_bit_897|fp_bit_898|fp_bit_899|fp_bit_900|fp_bit_901|fp_bit_902|fp_bit_903|fp_bit_904|fp_bit_905|fp_bit_906|fp_bit_907|fp_bit_908|fp_bit_909|fp_bit_910|fp_bit_911|fp_bit_912|fp_bit_913|fp_bit_914|fp_bit_915|fp_bit_916|fp_bit_917|fp_bit_918|fp_bit_919|fp_bit_921|fp_bit_922|fp_bit_923|fp_bit_924|fp_bit_925|fp_bit_926|fp_bit_927|fp_bit_928|fp_bit_929|fp_bit_930|fp_bit_931|fp_bit_932|fp_bit_934|fp_bit_935|fp_bit_936|fp_bit_937|fp_bit_938|fp_bit_939|fp_bit_940|fp_bit_941|fp_bit_942|fp_bit_943|fp_bit_944|fp_bit_945|fp_bit_946|fp_bit_947|fp_bit_948|fp_bit_949|fp_bit_950|fp_bit_951|fp_bit_952|fp_bit_953|fp_bit_954|fp_bit_955|fp_bit_956|fp_bit_957|fp_bit_958|fp_bit_959|fp_bit_960|fp_bit_961|fp_bit_962|fp_bit_963|fp_bit_964|fp_bit_965|fp_bit_966|fp_bit_967|fp_bit_968|fp_bit_970|fp_bit_971|fp_bit_973|fp_bit_974|fp_bit_975|fp_bit_976|fp_bit_977|fp_bit_978|fp_bit_979|fp_bit_980|fp_bit_981|fp_bit_983|fp_bit_984|fp_bit_985|fp_bit_986|fp_bit_987|fp_bit_988|fp_bit_989|fp_bit_990|fp_bit_991|fp_bit_992|fp_bit_993|fp_bit_994|fp_bit_995|fp_bit_996|fp_bit_997|fp_bit_998|fp_bit_999|fp_bit_1000|fp_bit_1001|fp_bit_1002|fp_bit_1003|fp_bit_1004|fp_bit_1005|fp_bit_1006|fp_bit_1007|fp_bit_1008|fp_bit_1009|fp_bit_1010|fp_bit_1011|fp_bit_1012|fp_bit_1013|fp_bit_1014|fp_bit_1015|fp_bit_1016|fp_bit_1017|fp_bit_1018|fp_bit_1019|fp_bit_1020|fp_bit_1021|fp_bit_1022|fp_bit_1023|fp_bit_1024|fp_bit_1025|fp_bit_1026|fp_bit_1027|fp_bit_1028|fp_bit_1029|fp_bit_1031|fp_bit_1032|fp_bit_1033|fp_bit_1034|fp_bit_1035|fp_bit_1036|fp_bit_1037|fp_bit_1038|fp_bit_1039|fp_bit_1040|fp_bit_1041|fp_bit_1042|fp_bit_1043|fp_bit_1044|fp_bit_1045|fp_bit_1046|fp_bit_1047|fp_bit_1048|fp_bit_1049|fp_bit_1050|fp_bit_1051|fp_bit_1052|fp_bit_1053|fp_bit_1054|fp_bit_1055|fp_bit_1056|fp_bit_1057|fp_bit_1058|fp_bit_1059|fp_bit_1060|fp_bit_1061|fp_bit_1062|fp_bit_1063|fp_bit_1064|fp_bit_1065|fp_bit_1066|fp_bit_1067|fp_bit_1068|fp_bit_1069|fp_bit_1070|fp_bit_1071|fp_bit_1072|fp_bit_1073|fp_bit_1074|fp_bit_1075|fp_bit_1076|fp_bit_1077|fp_bit_1078|fp_bit_1079|fp_bit_1080|fp_bit_1081|fp_bit_1082|fp_bit_1083|fp_bit_1084|fp_bit_1085|fp_bit_1086|fp_bit_1087|fp_bit_1088|fp_bit_1089|fp_bit_1090|fp_bit_1091|fp_bit_1092|fp_bit_1093|fp_bit_1095|fp_bit_1096|fp_bit_1097|fp_bit_1098|fp_bit_1099|fp_bit_1100|fp_bit_1101|fp_bit_1102|fp_bit_1103|fp_bit_1104|fp_bit_1105|fp_bit_1106|fp_bit_1107|fp_bit_1109|fp_bit_1110|fp_bit_1111|fp_bit_1112|fp_bit_1113|fp_bit_1114|fp_bit_1115|fp_bit_1116|fp_bit_1117|fp_bit_1118|fp_bit_1119|fp_bit_1120|fp_bit_1121|fp_bit_1122|fp_bit_1123|fp_bit_1124|fp_bit_1125|fp_bit_1126|fp_bit_1127|fp_bit_1128|fp_bit_1129|fp_bit_1130|fp_bit_1131|fp_bit_1132|fp_bit_1133|fp_bit_1134|fp_bit_1135|fp_bit_1136|fp_bit_1137|fp_bit_1138|fp_bit_1139|fp_bit_1140|fp_bit_1141|fp_bit_1142|fp_bit_1143|fp_bit_1144|fp_bit_1145|fp_bit_1146|fp_bit_1147|fp_bit_1148|fp_bit_1149|fp_bit_1150|fp_bit_1152|fp_bit_1153|fp_bit_1154|fp_bit_1155|fp_bit_1156|fp_bit_1157|fp_bit_1158|fp_bit_1160|fp_bit_1162|fp_bit_1163|fp_bit_1164|fp_bit_1165|fp_bit_1167|fp_bit_1168|fp_bit_1169|fp_bit_1170|fp_bit_1171|fp_bit_1172|fp_bit_1173|fp_bit_1174|fp_bit_1175|fp_bit_1176|fp_bit_1177|fp_bit_1179|fp_bit_1180|fp_bit_1181|fp_bit_1182|fp_bit_1183|fp_bit_1184|fp_bit_1185|fp_bit_1186|fp_bit_1187|fp_bit_1188|fp_bit_1189|fp_bit_1190|fp_bit_1191|fp_bit_1192|fp_bit_1193|fp_bit_1194|fp_bit_1195|fp_bit_1196|fp_bit_1197|fp_bit_1198|fp_bit_1199|fp_bit_1200|fp_bit_1201|fp_bit_1202|fp_bit_1203|fp_bit_1205|fp_bit_1206|fp_bit_1207|fp_bit_1208|fp_bit_1209|fp_bit_1210|fp_bit_1211|fp_bit_1212|fp_bit_1213|fp_bit_1214|fp_bit_1215|fp_bit_1216|fp_bit_1217|fp_bit_1218|fp_bit_1219|fp_bit_1220|fp_bit_1221|fp_bit_1222|fp_bit_1223|fp_bit_1224|fp_bit_1225|fp_bit_1226|fp_bit_1227|fp_bit_1228|fp_bit_1229|fp_bit_1230|fp_bit_1231|fp_bit_1232|fp_bit_1233|fp_bit_1234|fp_bit_1235|fp_bit_1236|fp_bit_1237|fp_bit_1238|fp_bit_1239|fp_bit_1240|fp_bit_1241|fp_bit_1242|fp_bit_1243|fp_bit_1244|fp_bit_1245|fp_bit_1246|fp_bit_1247|fp_bit_1248|fp_bit_1249|fp_bit_1250|fp_bit_1251|fp_bit_1252|fp_bit_1253|fp_bit_1254|fp_bit_1255|fp_bit_1256|fp_bit_1257|fp_bit_1258|fp_bit_1259|fp_bit_1260|fp_bit_1261|fp_bit_1262|fp_bit_1263|fp_bit_1264|fp_bit_1265|fp_bit_1266|fp_bit_1267|fp_bit_1268|fp_bit_1269|fp_bit_1270|fp_bit_1271|fp_bit_1272|fp_bit_1273|fp_bit_1274|fp_bit_1275|fp_bit_1276|fp_bit_1277|fp_bit_1278|fp_bit_1279|fp_bit_1280|fp_bit_1281|fp_bit_1282|fp_bit_1283|fp_bit_1284|fp_bit_1285|fp_bit_1286|fp_bit_1287|fp_bit_1288|fp_bit_1289|fp_bit_1290|fp_bit_1291|fp_bit_1292|fp_bit_1293|fp_bit_1294|fp_bit_1295|fp_bit_1296|fp_bit_1297|fp_bit_1298|fp_bit_1299|fp_bit_1300|fp_bit_1301|fp_bit_1302|fp_bit_1303|fp_bit_1304|fp_bit_1305|fp_bit_1306|fp_bit_1307|fp_bit_1308|fp_bit_1309|fp_bit_1310|fp_bit_1311|fp_bit_1312|fp_bit_1313|fp_bit_1314|fp_bit_1317|fp_bit_1318|fp_bit_1319|fp_bit_1321|fp_bit_1322|fp_bit_1323|fp_bit_1324|fp_bit_1325|fp_bit_1326|fp_bit_1327|fp_bit_1328|fp_bit_1329|fp_bit_1330|fp_bit_1331|fp_bit_1332|fp_bit_1333|fp_bit_1334|fp_bit_1335|fp_bit_1336|fp_bit_1337|fp_bit_1338|fp_bit_1339|fp_bit_1340|fp_bit_1341|fp_bit_1342|fp_bit_1343|fp_bit_1344|fp_bit_1345|fp_bit_1346|fp_bit_1347|fp_bit_1348|fp_bit_1349|fp_bit_1350|fp_bit_1351|fp_bit_1352|fp_bit_1353|fp_bit_1355|fp_bit_1356|fp_bit_1357|fp_bit_1358|fp_bit_1359|fp_bit_1360|fp_bit_1361|fp_bit_1362|fp_bit_1363|fp_bit_1364|fp_bit_1365|fp_bit_1366|fp_bit_1367|fp_bit_1368|fp_bit_1369|fp_bit_1370|fp_bit_1372|fp_bit_1373|fp_bit_1374|fp_bit_1375|fp_bit_1376|fp_bit_1377|fp_bit_1378|fp_bit_1379|fp_bit_1380|fp_bit_1381|fp_bit_1382|fp_bit_1383|fp_bit_1384|fp_bit_1385|fp_bit_1386|fp_bit_1387|fp_bit_1388|fp_bit_1389|fp_bit_1390|fp_bit_1391|fp_bit_1392|fp_bit_1393|fp_bit_1394|fp_bit_1395|fp_bit_1396|fp_bit_1397|fp_bit_1398|fp_bit_1399|fp_bit_1400|fp_bit_1401|fp_bit_1402|fp_bit_1403|fp_bit_1404|fp_bit_1405|fp_bit_1406|fp_bit_1407|fp_bit_1409|fp_bit_1410|fp_bit_1411|fp_bit_1412|fp_bit_1413|fp_bit_1414|fp_bit_1415|fp_bit_1416|fp_bit_1417|fp_bit_1418|fp_bit_1419|fp_bit_1420|fp_bit_1421|fp_bit_1422|fp_bit_1423|fp_bit_1424|fp_bit_1425|fp_bit_1426|fp_bit_1427|fp_bit_1428|fp_bit_1429|fp_bit_1430|fp_bit_1431|fp_bit_1432|fp_bit_1433|fp_bit_1434|fp_bit_1435|fp_bit_1436|fp_bit_1437|fp_bit_1438|fp_bit_1439|fp_bit_1440|fp_bit_1441|fp_bit_1442|fp_bit_1443|fp_bit_1444|fp_bit_1445|fp_bit_1446|fp_bit_1447|fp_bit_1448|fp_bit_1449|fp_bit_1450|fp_bit_1451|fp_bit_1452|fp_bit_1453|fp_bit_1454|fp_bit_1455|fp_bit_1456|fp_bit_1457|fp_bit_1458|fp_bit_1459|fp_bit_1460|fp_bit_1461|fp_bit_1462|fp_bit_1463|fp_bit_1464|fp_bit_1465|fp_bit_1466|fp_bit_1467|fp_bit_1468|fp_bit_1469|fp_bit_1470|fp_bit_1471|fp_bit_1472|fp_bit_1473|fp_bit_1474|fp_bit_1475|fp_bit_1476|fp_bit_1477|fp_bit_1478|fp_bit_1479|fp_bit_1480|fp_bit_1481|fp_bit_1482|fp_bit_1483|fp_bit_1484|fp_bit_1485|fp_bit_1487|fp_bit_1488|fp_bit_1489|fp_bit_1490|fp_bit_1491|fp_bit_1492|fp_bit_1493|fp_bit_1494|fp_bit_1495|fp_bit_1496|fp_bit_1497|fp_bit_1498|fp_bit_1499|fp_bit_1500|fp_bit_1501|fp_bit_1502|fp_bit_1503|fp_bit_1505|fp_bit_1506|fp_bit_1507|fp_bit_1508|fp_bit_1509|fp_bit_1510|fp_bit_1511|fp_bit_1512|fp_bit_1513|fp_bit_1514|fp_bit_1515|fp_bit_1516|fp_bit_1517|fp_bit_1518|fp_bit_1519|fp_bit_1520|fp_bit_1521|fp_bit_1522|fp_bit_1523|fp_bit_1524|fp_bit_1525|fp_bit_1526|fp_bit_1527|fp_bit_1528|fp_bit_1529|fp_bit_1530|fp_bit_1531|fp_bit_1532|fp_bit_1533|fp_bit_1534|fp_bit_1535|fp_bit_1536|fp_bit_1537|fp_bit_1538|fp_bit_1539|fp_bit_1540|fp_bit_1542|fp_bit_1543|fp_bit_1544|fp_bit_1545|fp_bit_1546|fp_bit_1547|fp_bit_1548|fp_bit_1549|fp_bit_1550|fp_bit_1551|fp_bit_1552|fp_bit_1553|fp_bit_1554|fp_bit_1555|fp_bit_1556|fp_bit_1557|fp_bit_1558|fp_bit_1559|fp_bit_1560|fp_bit_1561|fp_bit_1562|fp_bit_1563|fp_bit_1564|fp_bit_1565|fp_bit_1566|fp_bit_1567|fp_bit_1568|fp_bit_1569|fp_bit_1570|fp_bit_1571|fp_bit_1572|fp_bit_1573|fp_bit_1574|fp_bit_1575|fp_bit_1576|fp_bit_1577|fp_bit_1578|fp_bit_1579|fp_bit_1580|fp_bit_1581|fp_bit_1582|fp_bit_1583|fp_bit_1584|fp_bit_1585|fp_bit_1586|fp_bit_1587|fp_bit_1588|fp_bit_1589|fp_bit_1590|fp_bit_1591|fp_bit_1592|fp_bit_1593|fp_bit_1594|fp_bit_1595|fp_bit_1597|fp_bit_1598|fp_bit_1599|fp_bit_1600|fp_bit_1601|fp_bit_1602|fp_bit_1603|fp_bit_1604|fp_bit_1605|fp_bit_1606|fp_bit_1607|fp_bit_1608|fp_bit_1609|fp_bit_1610|fp_bit_1611|fp_bit_1612|fp_bit_1613|fp_bit_1614|fp_bit_1615|fp_bit_1616|fp_bit_1617|fp_bit_1618|fp_bit_1619|fp_bit_1620|fp_bit_1621|fp_bit_1622|fp_bit_1623|fp_bit_1624|fp_bit_1625|fp_bit_1626|fp_bit_1627|fp_bit_1628|fp_bit_1629|fp_bit_1630|fp_bit_1631|fp_bit_1632|fp_bit_1633|fp_bit_1634|fp_bit_1635|fp_bit_1636|fp_bit_1637|fp_bit_1638|fp_bit_1639|fp_bit_1640|fp_bit_1641|fp_bit_1642|fp_bit_1643|fp_bit_1644|fp_bit_1645|fp_bit_1646|fp_bit_1647|fp_bit_1648|fp_bit_1649|fp_bit_1650|fp_bit_1651|fp_bit_1652|fp_bit_1653|fp_bit_1654|fp_bit_1655|fp_bit_1656|fp_bit_1657|fp_bit_1658|fp_bit_1659|fp_bit_1660|fp_bit_1661|fp_bit_1663|fp_bit_1664|fp_bit_1665|fp_bit_1666|fp_bit_1667|fp_bit_1668|fp_bit_1669|fp_bit_1670|fp_bit_1671|fp_bit_1672|fp_bit_1673|fp_bit_1674|fp_bit_1675|fp_bit_1676|fp_bit_1677|fp_bit_1678|fp_bit_1679|fp_bit_1680|fp_bit_1681|fp_bit_1682|fp_bit_1683|fp_bit_1684|fp_bit_1685|fp_bit_1686|fp_bit_1687|fp_bit_1688|fp_bit_1689|fp_bit_1690|fp_bit_1691|fp_bit_1692|fp_bit_1693|fp_bit_1694|fp_bit_1695|fp_bit_1696|fp_bit_1697|fp_bit_1698|fp_bit_1699|fp_bit_1700|fp_bit_1701|fp_bit_1704|fp_bit_1705|fp_bit_1706|fp_bit_1707|fp_bit_1708|fp_bit_1709|fp_bit_1710|fp_bit_1711|fp_bit_1712|fp_bit_1713|fp_bit_1714|fp_bit_1715|fp_bit_1716|fp_bit_1717|fp_bit_1718|fp_bit_1719|fp_bit_1720|fp_bit_1721|fp_bit_1722|fp_bit_1723|fp_bit_1724|fp_bit_1725|fp_bit_1726|fp_bit_1727|fp_bit_1728|fp_bit_1729|fp_bit_1730|fp_bit_1731|fp_bit_1732|fp_bit_1733|fp_bit_1734|fp_bit_1735|fp_bit_1736|fp_bit_1737|fp_bit_1738|fp_bit_1739|fp_bit_1740|fp_bit_1741|fp_bit_1742|fp_bit_1743|fp_bit_1744|fp_bit_1745|fp_bit_1746|fp_bit_1747|fp_bit_1748|fp_bit_1749|fp_bit_1750|fp_bit_1751|fp_bit_1752|fp_bit_1753|fp_bit_1754|fp_bit_1755|fp_bit_1756|fp_bit_1757|fp_bit_1758|fp_bit_1759|fp_bit_1760|fp_bit_1761|fp_bit_1762|fp_bit_1763|fp_bit_1764|fp_bit_1765|fp_bit_1766|fp_bit_1767|fp_bit_1768|fp_bit_1769|fp_bit_1770|fp_bit_1771|fp_bit_1772|fp_bit_1773|fp_bit_1775|fp_bit_1776|fp_bit_1777|fp_bit_1778|fp_bit_1779|fp_bit_1780|fp_bit_1781|fp_bit_1782|fp_bit_1783|fp_bit_1784|fp_bit_1785|fp_bit_1786|fp_bit_1787|fp_bit_1788|fp_bit_1789|fp_bit_1790|fp_bit_1791|fp_bit_1792|fp_bit_1793|fp_bit_1794|fp_bit_1795|fp_bit_1796|fp_bit_1797|fp_bit_1798|fp_bit_1799|fp_bit_1800|fp_bit_1801|fp_bit_1802|fp_bit_1803|fp_bit_1804|fp_bit_1805|fp_bit_1806|fp_bit_1807|fp_bit_1808|fp_bit_1809|fp_bit_1810|fp_bit_1811|fp_bit_1812|fp_bit_1814|fp_bit_1815|fp_bit_1816|fp_bit_1817|fp_bit_1818|fp_bit_1819|fp_bit_1820|fp_bit_1821|fp_bit_1822|fp_bit_1823|fp_bit_1824|fp_bit_1825|fp_bit_1827|fp_bit_1828|fp_bit_1829|fp_bit_1831|fp_bit_1832|fp_bit_1833|fp_bit_1834|fp_bit_1835|fp_bit_1837|fp_bit_1838|fp_bit_1839|fp_bit_1840|fp_bit_1841|fp_bit_1842|fp_bit_1843|fp_bit_1844|fp_bit_1845|fp_bit_1846|fp_bit_1847|fp_bit_1848|fp_bit_1849|fp_bit_1850|fp_bit_1851|fp_bit_1852|fp_bit_1853|fp_bit_1854|fp_bit_1855|fp_bit_1856|fp_bit_1857|fp_bit_1858|fp_bit_1859|fp_bit_1860|fp_bit_1861|fp_bit_1862|fp_bit_1863|fp_bit_1864|fp_bit_1865|fp_bit_1866|fp_bit_1867|fp_bit_1868|fp_bit_1869|fp_bit_1870|fp_bit_1871|fp_bit_1872|fp_bit_1873|fp_bit_1874|fp_bit_1875|fp_bit_1876|fp_bit_1877|fp_bit_1878|fp_bit_1879|fp_bit_1881|fp_bit_1882|fp_bit_1883|fp_bit_1884|fp_bit_1885|fp_bit_1886|fp_bit_1887|fp_bit_1888|fp_bit_1889|fp_bit_1891|fp_bit_1892|fp_bit_1893|fp_bit_1895|fp_bit_1896|fp_bit_1897|fp_bit_1898|fp_bit_1899|fp_bit_1900|fp_bit_1901|fp_bit_1902|fp_bit_1903|fp_bit_1904|fp_bit_1905|fp_bit_1906|fp_bit_1907|fp_bit_1908|fp_bit_1909|fp_bit_1910|fp_bit_1911|fp_bit_1912|fp_bit_1913|fp_bit_1914|fp_bit_1915|fp_bit_1916|fp_bit_1917|fp_bit_1918|fp_bit_1919|fp_bit_1920|fp_bit_1921|fp_bit_1922|fp_bit_1923|fp_bit_1924|fp_bit_1925|fp_bit_1926|fp_bit_1927|fp_bit_1928|fp_bit_1929|fp_bit_1930|fp_bit_1932|fp_bit_1934|fp_bit_1935|fp_bit_1936|fp_bit_1937|fp_bit_1938|fp_bit_1939|fp_bit_1940|fp_bit_1941|fp_bit_1942|fp_bit_1943|fp_bit_1944|fp_bit_1945|fp_bit_1946|fp_bit_1948|fp_bit_1949|fp_bit_1950|fp_bit_1951|fp_bit_1952|fp_bit_1953|fp_bit_1954|fp_bit_1955|fp_bit_1956|fp_bit_1957|fp_bit_1958|fp_bit_1959|fp_bit_1960|fp_bit_1961|fp_bit_1962|fp_bit_1963|fp_bit_1964|fp_bit_1965|fp_bit_1966|fp_bit_1967|fp_bit_1968|fp_bit_1969|fp_bit_1970|fp_bit_1971|fp_bit_1972|fp_bit_1974|fp_bit_1975|fp_bit_1976|fp_bit_1977|fp_bit_1978|fp_bit_1979|fp_bit_1980|fp_bit_1981|fp_bit_1982|fp_bit_1983|fp_bit_1984|fp_bit_1985|fp_bit_1986|fp_bit_1987|fp_bit_1988|fp_bit_1989|fp_bit_1990|fp_bit_1991|fp_bit_1992|fp_bit_1993|fp_bit_1994|fp_bit_1995|fp_bit_1996|fp_bit_1997|fp_bit_1998|fp_bit_1999|fp_bit_2000|fp_bit_2001|fp_bit_2002|fp_bit_2003|fp_bit_2004|fp_bit_2005|fp_bit_2006|fp_bit_2007|fp_bit_2008|fp_bit_2009|fp_bit_2010|fp_bit_2011|fp_bit_2012|fp_bit_2013|fp_bit_2014|fp_bit_2016|fp_bit_2017|fp_bit_2018|fp_bit_2019|fp_bit_2020|fp_bit_2021|fp_bit_2022|fp_bit_2023|fp_bit_2024|fp_bit_2025|fp_bit_2026|fp_bit_2027|fp_bit_2028|fp_bit_2029|fp_bit_2030|fp_bit_2031|fp_bit_2032|fp_bit_2033|fp_bit_2034|fp_bit_2035|fp_bit_2036|fp_bit_2037|fp_bit_2038|fp_bit_2039|fp_bit_2040|fp_bit_2041|fp_bit_2042|fp_bit_2043|fp_bit_2044|fp_bit_2045|fp_bit_2046|fp_bit_2047
Gradient Boosting,Morgan FP,1984,0.948,0.9343,0.9432,0.9806,0.9343,0.9384,0.9106,0.8634,0.7976,0.837,0.9509,0.7976,0.8158,0.7619,CorrelationFilter,fp_bit_0|fp_bit_1|fp_bit_2|fp_bit_3|fp_bit_4|fp_bit_5|fp_bit_6|fp_bit_7|fp_bit_8|fp_bit_9|fp_bit_10|fp_bit_11|fp_bit_12|fp_bit_13|fp_bit_14|fp_bit_15|fp_bit_16|fp_bit_17|fp_bit_18|fp_bit_19|fp_bit_20|fp_bit_21|fp_bit_22|fp_bit_23|fp_bit_24|fp_bit_25|fp_bit_26|fp_bit_27|fp_bit_28|fp_bit_29|fp_bit_30|fp_bit_31|fp_bit_32|fp_bit_33|fp_bit_34|fp_bit_35|fp_bit_36|fp_bit_37|fp_bit_38|fp_bit_39|fp_bit_40|fp_bit_41|fp_bit_42|fp_bit_43|fp_bit_44|fp_bit_45|fp_bit_46|fp_bit_47|fp_bit_48|fp_bit_49|fp_bit_50|fp_bit_51|fp_bit_52|fp_bit_53|fp_bit_54|fp_bit_55|fp_bit_56|fp_bit_57|fp_bit_58|fp_bit_59|fp_bit_60|fp_bit_61|fp_bit_62|fp_bit_63|fp_bit_64|fp_bit_65|fp_bit_66|fp_bit_67|fp_bit_68|fp_bit_69|fp_bit_70|fp_bit_72|fp_bit_73|fp_bit_74|fp_bit_75|fp_bit_76|fp_bit_77|fp_bit_78|fp_bit_79|fp_bit_80|fp_bit_81|fp_bit_82|fp_bit_83|fp_bit_84|fp_bit_86|fp_bit_87|fp_bit_88|fp_bit_89|fp_bit_90|fp_bit_91|fp_bit_92|fp_bit_93|fp_bit_94|fp_bit_95|fp_bit_96|fp_bit_97|fp_bit_98|fp_bit_99|fp_bit_100|fp_bit_101|fp_bit_102|fp_bit_103|fp_bit_104|fp_bit_105|fp_bit_106|fp_bit_107|fp_bit_108|fp_bit_109|fp_bit_110|fp_bit_111|fp_bit_112|fp_bit_113|fp_bit_114|fp_bit_115|fp_bit_116|fp_bit_117|fp_bit_118|fp_bit_119|fp_bit_120|fp_bit_121|fp_bit_125|fp_bit_126|fp_bit_127|fp_bit_128|fp_bit_129|fp_bit_130|fp_bit_131|fp_bit_132|fp_bit_133|fp_bit_134|fp_bit_135|fp_bit_136|fp_bit_137|fp_bit_139|fp_bit_140|fp_bit_141|fp_bit_142|fp_bit_143|fp_bit_144|fp_bit_145|fp_bit_146|fp_bit_147|fp_bit_148|fp_bit_149|fp_bit_150|fp_bit_151|fp_bit_152|fp_bit_153|fp_bit_154|fp_bit_155|fp_bit_156|fp_bit_157|fp_bit_158|fp_bit_159|fp_bit_160|fp_bit_162|fp_bit_163|fp_bit_164|fp_bit_165|fp_bit_166|fp_bit_167|fp_bit_168|fp_bit_169|fp_bit_170|fp_bit_171|fp_bit_172|fp_bit_173|fp_bit_174|fp_bit_175|fp_bit_176|fp_bit_177|fp_bit_178|fp_bit_179|fp_bit_180|fp_bit_181|fp_bit_182|fp_bit_183|fp_bit_184|fp_bit_185|fp_bit_186|fp_bit_187|fp_bit_188|fp_bit_189|fp_bit_190|fp_bit_191|fp_bit_192|fp_bit_193|fp_bit_194|fp_bit_195|fp_bit_196|fp_bit_197|fp_bit_198|fp_bit_199|fp_bit_200|fp_bit_201|fp_bit_202|fp_bit_203|fp_bit_204|fp_bit_205|fp_bit_206|fp_bit_207|fp_bit_208|fp_bit_209|fp_bit_210|fp_bit_211|fp_bit_212|fp_bit_213|fp_bit_215|fp_bit_216|fp_bit_217|fp_bit_218|fp_bit_219|fp_bit_220|fp_bit_221|fp_bit_222|fp_bit_223|fp_bit_224|fp_bit_225|fp_bit_226|fp_bit_227|fp_bit_228|fp_bit_229|fp_bit_230|fp_bit_231|fp_bit_232|fp_bit_233|fp_bit_234|fp_bit_235|fp_bit_236|fp_bit_237|fp_bit_238|fp_bit_239|fp_bit_240|fp_bit_241|fp_bit_242|fp_bit_243|fp_bit_244|fp_bit_245|fp_bit_246|fp_bit_247|fp_bit_248|fp_bit_249|fp_bit_250|fp_bit_251|fp_bit_252|fp_bit_253|fp_bit_254|fp_bit_255|fp_bit_256|fp_bit_257|fp_bit_258|fp_bit_259|fp_bit_260|fp_bit_261|fp_bit_262|fp_bit_263|fp_bit_264|fp_bit_265|fp_bit_266|fp_bit_267|fp_bit_268|fp_bit_269|fp_bit_270|fp_bit_271|fp_bit_272|fp_bit_273|fp_bit_274|fp_bit_275|fp_bit_276|fp_bit_277|fp_bit_278|fp_bit_279|fp_bit_280|fp_bit_281|fp_bit_282|fp_bit_283|fp_bit_284|fp_bit_285|fp_bit_286|fp_bit_287|fp_bit_289|fp_bit_290|fp_bit_291|fp_bit_292|fp_bit_293|fp_bit_294|fp_bit_295|fp_bit_296|fp_bit_297|fp_bit_298|fp_bit_299|fp_bit_300|fp_bit_301|fp_bit_302|fp_bit_303|fp_bit_304|fp_bit_305|fp_bit_306|fp_bit_307|fp_bit_308|fp_bit_309|fp_bit_310|fp_bit_311|fp_bit_312|fp_bit_313|fp_bit_314|fp_bit_315|fp_bit_316|fp_bit_317|fp_bit_318|fp_bit_319|fp_bit_320|fp_bit_321|fp_bit_322|fp_bit_323|fp_bit_324|fp_bit_325|fp_bit_326|fp_bit_327|fp_bit_328|fp_bit_329|fp_bit_330|fp_bit_331|fp_bit_332|fp_bit_333|fp_bit_334|fp_bit_335|fp_bit_336|fp_bit_337|fp_bit_338|fp_bit_339|fp_bit_340|fp_bit_341|fp_bit_342|fp_bit_343|fp_bit_344|fp_bit_345|fp_bit_347|fp_bit_348|fp_bit_349|fp_bit_350|fp_bit_351|fp_bit_352|fp_bit_353|fp_bit_354|fp_bit_355|fp_bit_356|fp_bit_357|fp_bit_358|fp_bit_359|fp_bit_360|fp_bit_361|fp_bit_362|fp_bit_363|fp_bit_364|fp_bit_365|fp_bit_366|fp_bit_367|fp_bit_368|fp_bit_369|fp_bit_370|fp_bit_371|fp_bit_372|fp_bit_373|fp_bit_374|fp_bit_375|fp_bit_376|fp_bit_377|fp_bit_378|fp_bit_379|fp_bit_380|fp_bit_381|fp_bit_382|fp_bit_383|fp_bit_384|fp_bit_385|fp_bit_386|fp_bit_387|fp_bit_388|fp_bit_389|fp_bit_390|fp_bit_391|fp_bit_392|fp_bit_393|fp_bit_394|fp_bit_395|fp_bit_396|fp_bit_397|fp_bit_398|fp_bit_399|fp_bit_400|fp_bit_401|fp_bit_402|fp_bit_403|fp_bit_404|fp_bit_405|fp_bit_406|fp_bit_407|fp_bit_408|fp_bit_409|fp_bit_411|fp_bit_412|fp_bit_413|fp_bit_414|fp_bit_415|fp_bit_416|fp_bit_417|fp_bit_418|fp_bit_419|fp_bit_420|fp_bit_421|fp_bit_422|fp_bit_423|fp_bit_424|fp_bit_425|fp_bit_426|fp_bit_427|fp_bit_428|fp_bit_429|fp_bit_430|fp_bit_431|fp_bit_432|fp_bit_433|fp_bit_434|fp_bit_435|fp_bit_437|fp_bit_438|fp_bit_439|fp_bit_440|fp_bit_441|fp_bit_442|fp_bit_443|fp_bit_444|fp_bit_445|fp_bit_446|fp_bit_447|fp_bit_448|fp_bit_449|fp_bit_450|fp_bit_451|fp_bit_452|fp_bit_453|fp_bit_454|fp_bit_455|fp_bit_456|fp_bit_457|fp_bit_458|fp_bit_459|fp_bit_460|fp_bit_461|fp_bit_462|fp_bit_463|fp_bit_464|fp_bit_465|fp_bit_466|fp_bit_467|fp_bit_468|fp_bit_469|fp_bit_470|fp_bit_471|fp_bit_472|fp_bit_473|fp_bit_474|fp_bit_475|fp_bit_476|fp_bit_477|fp_bit_478|fp_bit_479|fp_bit_480|fp_bit_481|fp_bit_482|fp_bit_483|fp_bit_484|fp_bit_485|fp_bit_486|fp_bit_487|fp_bit_488|fp_bit_489|fp_bit_490|fp_bit_491|fp_bit_492|fp_bit_493|fp_bit_494|fp_bit_495|fp_bit_496|fp_bit_497|fp_bit_499|fp_bit_500|fp_bit_501|fp_bit_502|fp_bit_503|fp_bit_504|fp_bit_505|fp_bit_506|fp_bit_507|fp_bit_508|fp_bit_509|fp_bit_510|fp_bit_511|fp_bit_512|fp_bit_513|fp_bit_514|fp_bit_516|fp_bit_517|fp_bit_518|fp_bit_519|fp_bit_520|fp_bit_521|fp_bit_522|fp_bit_523|fp_bit_524|fp_bit_525|fp_bit_526|fp_bit_527|fp_bit_528|fp_bit_529|fp_bit_530|fp_bit_531|fp_bit_532|fp_bit_533|fp_bit_534|fp_bit_535|fp_bit_536|fp_bit_537|fp_bit_538|fp_bit_540|fp_bit_541|fp_bit_542|fp_bit_543|fp_bit_544|fp_bit_545|fp_bit_546|fp_bit_547|fp_bit_548|fp_bit_549|fp_bit_550|fp_bit_551|fp_bit_552|fp_bit_553|fp_bit_554|fp_bit_555|fp_bit_556|fp_bit_557|fp_bit_558|fp_bit_559|fp_bit_560|fp_bit_561|fp_bit_562|fp_bit_563|fp_bit_564|fp_bit_565|fp_bit_566|fp_bit_567|fp_bit_568|fp_bit_569|fp_bit_570|fp_bit_572|fp_bit_573|fp_bit_574|fp_bit_575|fp_bit_576|fp_bit_578|fp_bit_579|fp_bit_580|fp_bit_581|fp_bit_582|fp_bit_583|fp_bit_584|fp_bit_585|fp_bit_586|fp_bit_587|fp_bit_588|fp_bit_589|fp_bit_590|fp_bit_591|fp_bit_592|fp_bit_593|fp_bit_594|fp_bit_595|fp_bit_596|fp_bit_597|fp_bit_598|fp_bit_599|fp_bit_600|fp_bit_601|fp_bit_602|fp_bit_603|fp_bit_604|fp_bit_605|fp_bit_606|fp_bit_607|fp_bit_608|fp_bit_609|fp_bit_610|fp_bit_611|fp_bit_612|fp_bit_613|fp_bit_614|fp_bit_615|fp_bit_616|fp_bit_617|fp_bit_618|fp_bit_619|fp_bit_620|fp_bit_621|fp_bit_622|fp_bit_623|fp_bit_624|fp_bit_625|fp_bit_626|fp_bit_627|fp_bit_628|fp_bit_629|fp_bit_630|fp_bit_631|fp_bit_632|fp_bit_633|fp_bit_634|fp_bit_635|fp_bit_636|fp_bit_637|fp_bit_638|fp_bit_639|fp_bit_640|fp_bit_641|fp_bit_642|fp_bit_643|fp_bit_644|fp_bit_645|fp_bit_646|fp_bit_647|fp_bit_648|fp_bit_649|fp_bit_650|fp_bit_651|fp_bit_652|fp_bit_653|fp_bit_654|fp_bit_655|fp_bit_656|fp_bit_657|fp_bit_658|fp_bit_659|fp_bit_660|fp_bit_661|fp_bit_662|fp_bit_663|fp_bit_664|fp_bit_665|fp_bit_666|fp_bit_667|fp_bit_668|fp_bit_669|fp_bit_670|fp_bit_672|fp_bit_673|fp_bit_674|fp_bit_675|fp_bit_676|fp_bit_677|fp_bit_678|fp_bit_679|fp_bit_680|fp_bit_681|fp_bit_682|fp_bit_683|fp_bit_684|fp_bit_685|fp_bit_686|fp_bit_687|fp_bit_688|fp_bit_689|fp_bit_690|fp_bit_691|fp_bit_692|fp_bit_693|fp_bit_694|fp_bit_695|fp_bit_696|fp_bit_697|fp_bit_698|fp_bit_699|fp_bit_700|fp_bit_701|fp_bit_702|fp_bit_703|fp_bit_704|fp_bit_705|fp_bit_706|fp_bit_707|fp_bit_708|fp_bit_710|fp_bit_711|fp_bit_712|fp_bit_713|fp_bit_714|fp_bit_715|fp_bit_716|fp_bit_717|fp_bit_718|fp_bit_719|fp_bit_720|fp_bit_721|fp_bit_722|fp_bit_723|fp_bit_724|fp_bit_725|fp_bit_726|fp_bit_727|fp_bit_728|fp_bit_729|fp_bit_730|fp_bit_731|fp_bit_732|fp_bit_733|fp_bit_734|fp_bit_735|fp_bit_736|fp_bit_737|fp_bit_738|fp_bit_739|fp_bit_740|fp_bit_741|fp_bit_742|fp_bit_743|fp_bit_744|fp_bit_745|fp_bit_746|fp_bit_747|fp_bit_748|fp_bit_749|fp_bit_750|fp_bit_751|fp_bit_752|fp_bit_753|fp_bit_754|fp_bit_755|fp_bit_756|fp_bit_757|fp_bit_758|fp_bit_759|fp_bit_760|fp_bit_761|fp_bit_762|fp_bit_763|fp_bit_764|fp_bit_765|fp_bit_766|fp_bit_767|fp_bit_768|fp_bit_769|fp_bit_770|fp_bit_771|fp_bit_772|fp_bit_773|fp_bit_774|fp_bit_775|fp_bit_776|fp_bit_778|fp_bit_779|fp_bit_780|fp_bit_781|fp_bit_782|fp_bit_783|fp_bit_784|fp_bit_785|fp_bit_786|fp_bit_787|fp_bit_788|fp_bit_789|fp_bit_790|fp_bit_791|fp_bit_794|fp_bit_795|fp_bit_796|fp_bit_797|fp_bit_798|fp_bit_799|fp_bit_800|fp_bit_801|fp_bit_802|fp_bit_803|fp_bit_804|fp_bit_805|fp_bit_806|fp_bit_807|fp_bit_808|fp_bit_809|fp_bit_810|fp_bit_811|fp_bit_812|fp_bit_814|fp_bit_815|fp_bit_816|fp_bit_817|fp_bit_818|fp_bit_819|fp_bit_820|fp_bit_821|fp_bit_822|fp_bit_823|fp_bit_824|fp_bit_825|fp_bit_826|fp_bit_827|fp_bit_828|fp_bit_829|fp_bit_830|fp_bit_831|fp_bit_832|fp_bit_833|fp_bit_834|fp_bit_835|fp_bit_836|fp_bit_837|fp_bit_838|fp_bit_839|fp_bit_840|fp_bit_841|fp_bit_842|fp_bit_843|fp_bit_844|fp_bit_845|fp_bit_846|fp_bit_847|fp_bit_848|fp_bit_849|fp_bit_850|fp_bit_851|fp_bit_852|fp_bit_853|fp_bit_854|fp_bit_855|fp_bit_856|fp_bit_857|fp_bit_858|fp_bit_859|fp_bit_860|fp_bit_861|fp_bit_862|fp_bit_863|fp_bit_864|fp_bit_865|fp_bit_867|fp_bit_868|fp_bit_869|fp_bit_870|fp_bit_871|fp_bit_872|fp_bit_873|fp_bit_874|fp_bit_875|fp_bit_876|fp_bit_877|fp_bit_878|fp_bit_879|fp_bit_880|fp_bit_881|fp_bit_882|fp_bit_883|fp_bit_884|fp_bit_885|fp_bit_886|fp_bit_887|fp_bit_888|fp_bit_889|fp_bit_890|fp_bit_891|fp_bit_892|fp_bit_893|fp_bit_894|fp_bit_895|fp_bit_896|fp_bit_897|fp_bit_898|fp_bit_899|fp_bit_900|fp_bit_901|fp_bit_902|fp_bit_903|fp_bit_904|fp_bit_905|fp_bit_906|fp_bit_907|fp_bit_908|fp_bit_909|fp_bit_910|fp_bit_911|fp_bit_912|fp_bit_913|fp_bit_914|fp_bit_915|fp_bit_916|fp_bit_917|fp_bit_918|fp_bit_919|fp_bit_921|fp_bit_922|fp_bit_923|fp_bit_924|fp_bit_925|fp_bit_926|fp_bit_927|fp_bit_928|fp_bit_929|fp_bit_930|fp_bit_931|fp_bit_932|fp_bit_934|fp_bit_935|fp_bit_936|fp_bit_937|fp_bit_938|fp_bit_939|fp_bit_940|fp_bit_941|fp_bit_942|fp_bit_943|fp_bit_944|fp_bit_945|fp_bit_946|fp_bit_947|fp_bit_948|fp_bit_949|fp_bit_950|fp_bit_951|fp_bit_952|fp_bit_953|fp_bit_954|fp_bit_955|fp_bit_956|fp_bit_957|fp_bit_958|fp_bit_959|fp_bit_960|fp_bit_961|fp_bit_962|fp_bit_963|fp_bit_964|fp_bit_965|fp_bit_966|fp_bit_967|fp_bit_968|fp_bit_970|fp_bit_971|fp_bit_973|fp_bit_974|fp_bit_975|fp_bit_976|fp_bit_977|fp_bit_978|fp_bit_979|fp_bit_980|fp_bit_981|fp_bit_983|fp_bit_984|fp_bit_985|fp_bit_986|fp_bit_987|fp_bit_988|fp_bit_989|fp_bit_990|fp_bit_991|fp_bit_992|fp_bit_993|fp_bit_994|fp_bit_995|fp_bit_996|fp_bit_997|fp_bit_998|fp_bit_999|fp_bit_1000|fp_bit_1001|fp_bit_1002|fp_bit_1003|fp_bit_1004|fp_bit_1005|fp_bit_1006|fp_bit_1007|fp_bit_1008|fp_bit_1009|fp_bit_1010|fp_bit_1011|fp_bit_1012|fp_bit_1013|fp_bit_1014|fp_bit_1015|fp_bit_1016|fp_bit_1017|fp_bit_1018|fp_bit_1019|fp_bit_1020|fp_bit_1021|fp_bit_1022|fp_bit_1023|fp_bit_1024|fp_bit_1025|fp_bit_1026|fp_bit_1027|fp_bit_1028|fp_bit_1029|fp_bit_1031|fp_bit_1032|fp_bit_1033|fp_bit_1034|fp_bit_1035|fp_bit_1036|fp_bit_1037|fp_bit_1038|fp_bit_1039|fp_bit_1040|fp_bit_1041|fp_bit_1042|fp_bit_1043|fp_bit_1044|fp_bit_1045|fp_bit_1046|fp_bit_1047|fp_bit_1048|fp_bit_1049|fp_bit_1050|fp_bit_1051|fp_bit_1052|fp_bit_1053|fp_bit_1054|fp_bit_1055|fp_bit_1056|fp_bit_1057|fp_bit_1058|fp_bit_1059|fp_bit_1060|fp_bit_1061|fp_bit_1062|fp_bit_1063|fp_bit_1064|fp_bit_1065|fp_bit_1066|fp_bit_1067|fp_bit_1068|fp_bit_1069|fp_bit_1070|fp_bit_1071|fp_bit_1072|fp_bit_1073|fp_bit_1074|fp_bit_1075|fp_bit_1076|fp_bit_1077|fp_bit_1078|fp_bit_1079|fp_bit_1080|fp_bit_1081|fp_bit_1082|fp_bit_1083|fp_bit_1084|fp_bit_1085|fp_bit_1086|fp_bit_1087|fp_bit_1088|fp_bit_1089|fp_bit_1090|fp_bit_1091|fp_bit_1092|fp_bit_1093|fp_bit_1095|fp_bit_1096|fp_bit_1097|fp_bit_1098|fp_bit_1099|fp_bit_1100|fp_bit_1101|fp_bit_1102|fp_bit_1103|fp_bit_1104|fp_bit_1105|fp_bit_1106|fp_bit_1107|fp_bit_1109|fp_bit_1110|fp_bit_1111|fp_bit_1112|fp_bit_1113|fp_bit_1114|fp_bit_1115|fp_bit_1116|fp_bit_1117|fp_bit_1118|fp_bit_1119|fp_bit_1120|fp_bit_1121|fp_bit_1122|fp_bit_1123|fp_bit_1124|fp_bit_1125|fp_bit_1126|fp_bit_1127|fp_bit_1128|fp_bit_1129|fp_bit_1130|fp_bit_1131|fp_bit_1132|fp_bit_1133|fp_bit_1134|fp_bit_1135|fp_bit_1136|fp_bit_1137|fp_bit_1138|fp_bit_1139|fp_bit_1140|fp_bit_1141|fp_bit_1142|fp_bit_1143|fp_bit_1144|fp_bit_1145|fp_bit_1146|fp_bit_1147|fp_bit_1148|fp_bit_1149|fp_bit_1150|fp_bit_1152|fp_bit_1153|fp_bit_1154|fp_bit_1155|fp_bit_1156|fp_bit_1157|fp_bit_1158|fp_bit_1160|fp_bit_1162|fp_bit_1163|fp_bit_1164|fp_bit_1165|fp_bit_1167|fp_bit_1168|fp_bit_1169|fp_bit_1170|fp_bit_1171|fp_bit_1172|fp_bit_1173|fp_bit_1174|fp_bit_1175|fp_bit_1176|fp_bit_1177|fp_bit_1179|fp_bit_1180|fp_bit_1181|fp_bit_1182|fp_bit_1183|fp_bit_1184|fp_bit_1185|fp_bit_1186|fp_bit_1187|fp_bit_1188|fp_bit_1189|fp_bit_1190|fp_bit_1191|fp_bit_1192|fp_bit_1193|fp_bit_1194|fp_bit_1195|fp_bit_1196|fp_bit_1197|fp_bit_1198|fp_bit_1199|fp_bit_1200|fp_bit_1201|fp_bit_1202|fp_bit_1203|fp_bit_1205|fp_bit_1206|fp_bit_1207|fp_bit_1208|fp_bit_1209|fp_bit_1210|fp_bit_1211|fp_bit_1212|fp_bit_1213|fp_bit_1214|fp_bit_1215|fp_bit_1216|fp_bit_1217|fp_bit_1218|fp_bit_1219|fp_bit_1220|fp_bit_1221|fp_bit_1222|fp_bit_1223|fp_bit_1224|fp_bit_1225|fp_bit_1226|fp_bit_1227|fp_bit_1228|fp_bit_1229|fp_bit_1230|fp_bit_1231|fp_bit_1232|fp_bit_1233|fp_bit_1234|fp_bit_1235|fp_bit_1236|fp_bit_1237|fp_bit_1238|fp_bit_1239|fp_bit_1240|fp_bit_1241|fp_bit_1242|fp_bit_1243|fp_bit_1244|fp_bit_1245|fp_bit_1246|fp_bit_1247|fp_bit_1248|fp_bit_1249|fp_bit_1250|fp_bit_1251|fp_bit_1252|fp_bit_1253|fp_bit_1254|fp_bit_1255|fp_bit_1256|fp_bit_1257|fp_bit_1258|fp_bit_1259|fp_bit_1260|fp_bit_1261|fp_bit_1262|fp_bit_1263|fp_bit_1264|fp_bit_1265|fp_bit_1266|fp_bit_1267|fp_bit_1268|fp_bit_1269|fp_bit_1270|fp_bit_1271|fp_bit_1272|fp_bit_1273|fp_bit_1274|fp_bit_1275|fp_bit_1276|fp_bit_1277|fp_bit_1278|fp_bit_1279|fp_bit_1280|fp_bit_1281|fp_bit_1282|fp_bit_1283|fp_bit_1284|fp_bit_1285|fp_bit_1286|fp_bit_1287|fp_bit_1288|fp_bit_1289|fp_bit_1290|fp_bit_1291|fp_bit_1292|fp_bit_1293|fp_bit_1294|fp_bit_1295|fp_bit_1296|fp_bit_1297|fp_bit_1298|fp_bit_1299|fp_bit_1300|fp_bit_1301|fp_bit_1302|fp_bit_1303|fp_bit_1304|fp_bit_1305|fp_bit_1306|fp_bit_1307|fp_bit_1308|fp_bit_1309|fp_bit_1310|fp_bit_1311|fp_bit_1312|fp_bit_1313|fp_bit_1314|fp_bit_1317|fp_bit_1318|fp_bit_1319|fp_bit_1321|fp_bit_1322|fp_bit_1323|fp_bit_1324|fp_bit_1325|fp_bit_1326|fp_bit_1327|fp_bit_1328|fp_bit_1329|fp_bit_1330|fp_bit_1331|fp_bit_1332|fp_bit_1333|fp_bit_1334|fp_bit_1335|fp_bit_1336|fp_bit_1337|fp_bit_1338|fp_bit_1339|fp_bit_1340|fp_bit_1341|fp_bit_1342|fp_bit_1343|fp_bit_1344|fp_bit_1345|fp_bit_1346|fp_bit_1347|fp_bit_1348|fp_bit_1349|fp_bit_1350|fp_bit_1351|fp_bit_1352|fp_bit_1353|fp_bit_1355|fp_bit_1356|fp_bit_1357|fp_bit_1358|fp_bit_1359|fp_bit_1360|fp_bit_1361|fp_bit_1362|fp_bit_1363|fp_bit_1364|fp_bit_1365|fp_bit_1366|fp_bit_1367|fp_bit_1368|fp_bit_1369|fp_bit_1370|fp_bit_1372|fp_bit_1373|fp_bit_1374|fp_bit_1375|fp_bit_1376|fp_bit_1377|fp_bit_1378|fp_bit_1379|fp_bit_1380|fp_bit_1381|fp_bit_1382|fp_bit_1383|fp_bit_1384|fp_bit_1385|fp_bit_1386|fp_bit_1387|fp_bit_1388|fp_bit_1389|fp_bit_1390|fp_bit_1391|fp_bit_1392|fp_bit_1393|fp_bit_1394|fp_bit_1395|fp_bit_1396|fp_bit_1397|fp_bit_1398|fp_bit_1399|fp_bit_1400|fp_bit_1401|fp_bit_1402|fp_bit_1403|fp_bit_1404|fp_bit_1405|fp_bit_1406|fp_bit_1407|fp_bit_1409|fp_bit_1410|fp_bit_1411|fp_bit_1412|fp_bit_1413|fp_bit_1414|fp_bit_1415|fp_bit_1416|fp_bit_1417|fp_bit_1418|fp_bit_1419|fp_bit_1420|fp_bit_1421|fp_bit_1422|fp_bit_1423|fp_bit_1424|fp_bit_1425|fp_bit_1426|fp_bit_1427|fp_bit_1428|fp_bit_1429|fp_bit_1430|fp_bit_1431|fp_bit_1432|fp_bit_1433|fp_bit_1434|fp_bit_1435|fp_bit_1436|fp_bit_1437|fp_bit_1438|fp_bit_1439|fp_bit_1440|fp_bit_1441|fp_bit_1442|fp_bit_1443|fp_bit_1444|fp_bit_1445|fp_bit_1446|fp_bit_1447|fp_bit_1448|fp_bit_1449|fp_bit_1450|fp_bit_1451|fp_bit_1452|fp_bit_1453|fp_bit_1454|fp_bit_1455|fp_bit_1456|fp_bit_1457|fp_bit_1458|fp_bit_1459|fp_bit_1460|fp_bit_1461|fp_bit_1462|fp_bit_1463|fp_bit_1464|fp_bit_1465|fp_bit_1466|fp_bit_1467|fp_bit_1468|fp_bit_1469|fp_bit_1470|fp_bit_1471|fp_bit_1472|fp_bit_1473|fp_bit_1474|fp_bit_1475|fp_bit_1476|fp_bit_1477|fp_bit_1478|fp_bit_1479|fp_bit_1480|fp_bit_1481|fp_bit_1482|fp_bit_1483|fp_bit_1484|fp_bit_1485|fp_bit_1487|fp_bit_1488|fp_bit_1489|fp_bit_1490|fp_bit_1491|fp_bit_1492|fp_bit_1493|fp_bit_1494|fp_bit_1495|fp_bit_1496|fp_bit_1497|fp_bit_1498|fp_bit_1499|fp_bit_1500|fp_bit_1501|fp_bit_1502|fp_bit_1503|fp_bit_1505|fp_bit_1506|fp_bit_1507|fp_bit_1508|fp_bit_1509|fp_bit_1510|fp_bit_1511|fp_bit_1512|fp_bit_1513|fp_bit_1514|fp_bit_1515|fp_bit_1516|fp_bit_1517|fp_bit_1518|fp_bit_1519|fp_bit_1520|fp_bit_1521|fp_bit_1522|fp_bit_1523|fp_bit_1524|fp_bit_1525|fp_bit_1526|fp_bit_1527|fp_bit_1528|fp_bit_1529|fp_bit_1530|fp_bit_1531|fp_bit_1532|fp_bit_1533|fp_bit_1534|fp_bit_1535|fp_bit_1536|fp_bit_1537|fp_bit_1538|fp_bit_1539|fp_bit_1540|fp_bit_1542|fp_bit_1543|fp_bit_1544|fp_bit_1545|fp_bit_1546|fp_bit_1547|fp_bit_1548|fp_bit_1549|fp_bit_1550|fp_bit_1551|fp_bit_1552|fp_bit_1553|fp_bit_1554|fp_bit_1555|fp_bit_1556|fp_bit_1557|fp_bit_1558|fp_bit_1559|fp_bit_1560|fp_bit_1561|fp_bit_1562|fp_bit_1563|fp_bit_1564|fp_bit_1565|fp_bit_1566|fp_bit_1567|fp_bit_1568|fp_bit_1569|fp_bit_1570|fp_bit_1571|fp_bit_1572|fp_bit_1573|fp_bit_1574|fp_bit_1575|fp_bit_1576|fp_bit_1577|fp_bit_1578|fp_bit_1579|fp_bit_1580|fp_bit_1581|fp_bit_1582|fp_bit_1583|fp_bit_1584|fp_bit_1585|fp_bit_1586|fp_bit_1587|fp_bit_1588|fp_bit_1589|fp_bit_1590|fp_bit_1591|fp_bit_1592|fp_bit_1593|fp_bit_1594|fp_bit_1595|fp_bit_1597|fp_bit_1598|fp_bit_1599|fp_bit_1600|fp_bit_1601|fp_bit_1602|fp_bit_1603|fp_bit_1604|fp_bit_1605|fp_bit_1606|fp_bit_1607|fp_bit_1608|fp_bit_1609|fp_bit_1610|fp_bit_1611|fp_bit_1612|fp_bit_1613|fp_bit_1614|fp_bit_1615|fp_bit_1616|fp_bit_1617|fp_bit_1618|fp_bit_1619|fp_bit_1620|fp_bit_1621|fp_bit_1622|fp_bit_1623|fp_bit_1624|fp_bit_1625|fp_bit_1626|fp_bit_1627|fp_bit_1628|fp_bit_1629|fp_bit_1630|fp_bit_1631|fp_bit_1632|fp_bit_1633|fp_bit_1634|fp_bit_1635|fp_bit_1636|fp_bit_1637|fp_bit_1638|fp_bit_1639|fp_bit_1640|fp_bit_1641|fp_bit_1642|fp_bit_1643|fp_bit_1644|fp_bit_1645|fp_bit_1646|fp_bit_1647|fp_bit_1648|fp_bit_1649|fp_bit_1650|fp_bit_1651|fp_bit_1652|fp_bit_1653|fp_bit_1654|fp_bit_1655|fp_bit_1656|fp_bit_1657|fp_bit_1658|fp_bit_1659|fp_bit_1660|fp_bit_1661|fp_bit_1663|fp_bit_1664|fp_bit_1665|fp_bit_1666|fp_bit_1667|fp_bit_1668|fp_bit_1669|fp_bit_1670|fp_bit_1671|fp_bit_1672|fp_bit_1673|fp_bit_1674|fp_bit_1675|fp_bit_1676|fp_bit_1677|fp_bit_1678|fp_bit_1679|fp_bit_1680|fp_bit_1681|fp_bit_1682|fp_bit_1683|fp_bit_1684|fp_bit_1685|fp_bit_1686|fp_bit_1687|fp_bit_1688|fp_bit_1689|fp_bit_1690|fp_bit_1691|fp_bit_1692|fp_bit_1693|fp_bit_1694|fp_bit_1695|fp_bit_1696|fp_bit_1697|fp_bit_1698|fp_bit_1699|fp_bit_1700|fp_bit_1701|fp_bit_1704|fp_bit_1705|fp_bit_1706|fp_bit_1707|fp_bit_1708|fp_bit_1709|fp_bit_1710|fp_bit_1711|fp_bit_1712|fp_bit_1713|fp_bit_1714|fp_bit_1715|fp_bit_1716|fp_bit_1717|fp_bit_1718|fp_bit_1719|fp_bit_1720|fp_bit_1721|fp_bit_1722|fp_bit_1723|fp_bit_1724|fp_bit_1725|fp_bit_1726|fp_bit_1727|fp_bit_1728|fp_bit_1729|fp_bit_1730|fp_bit_1731|fp_bit_1732|fp_bit_1733|fp_bit_1734|fp_bit_1735|fp_bit_1736|fp_bit_1737|fp_bit_1738|fp_bit_1739|fp_bit_1740|fp_bit_1741|fp_bit_1742|fp_bit_1743|fp_bit_1744|fp_bit_1745|fp_bit_1746|fp_bit_1747|fp_bit_1748|fp_bit_1749|fp_bit_1750|fp_bit_1751|fp_bit_1752|fp_bit_1753|fp_bit_1754|fp_bit_1755|fp_bit_1756|fp_bit_1757|fp_bit_1758|fp_bit_1759|fp_bit_1760|fp_bit_1761|fp_bit_1762|fp_bit_1763|fp_bit_1764|fp_bit_1765|fp_bit_1766|fp_bit_1767|fp_bit_1768|fp_bit_1769|fp_bit_1770|fp_bit_1771|fp_bit_1772|fp_bit_1773|fp_bit_1775|fp_bit_1776|fp_bit_1777|fp_bit_1778|fp_bit_1779|fp_bit_1780|fp_bit_1781|fp_bit_1782|fp_bit_1783|fp_bit_1784|fp_bit_1785|fp_bit_1786|fp_bit_1787|fp_bit_1788|fp_bit_1789|fp_bit_1790|fp_bit_1791|fp_bit_1792|fp_bit_1793|fp_bit_1794|fp_bit_1795|fp_bit_1796|fp_bit_1797|fp_bit_1798|fp_bit_1799|fp_bit_1800|fp_bit_1801|fp_bit_1802|fp_bit_1803|fp_bit_1804|fp_bit_1805|fp_bit_1806|fp_bit_1807|fp_bit_1808|fp_bit_1809|fp_bit_1810|fp_bit_1811|fp_bit_1812|fp_bit_1814|fp_bit_1815|fp_bit_1816|fp_bit_1817|fp_bit_1818|fp_bit_1819|fp_bit_1820|fp_bit_1821|fp_bit_1822|fp_bit_1823|fp_bit_1824|fp_bit_1825|fp_bit_1827|fp_bit_1828|fp_bit_1829|fp_bit_1831|fp_bit_1832|fp_bit_1833|fp_bit_1834|fp_bit_1835|fp_bit_1837|fp_bit_1838|fp_bit_1839|fp_bit_1840|fp_bit_1841|fp_bit_1842|fp_bit_1843|fp_bit_1844|fp_bit_1845|fp_bit_1846|fp_bit_1847|fp_bit_1848|fp_bit_1849|fp_bit_1850|fp_bit_1851|fp_bit_1852|fp_bit_1853|fp_bit_1854|fp_bit_1855|fp_bit_1856|fp_bit_1857|fp_bit_1858|fp_bit_1859|fp_bit_1860|fp_bit_1861|fp_bit_1862|fp_bit_1863|fp_bit_1864|fp_bit_1865|fp_bit_1866|fp_bit_1867|fp_bit_1868|fp_bit_1869|fp_bit_1870|fp_bit_1871|fp_bit_1872|fp_bit_1873|fp_bit_1874|fp_bit_1875|fp_bit_1876|fp_bit_1877|fp_bit_1878|fp_bit_1879|fp_bit_1881|fp_bit_1882|fp_bit_1883|fp_bit_1884|fp_bit_1885|fp_bit_1886|fp_bit_1887|fp_bit_1888|fp_bit_1889|fp_bit_1891|fp_bit_1892|fp_bit_1893|fp_bit_1895|fp_bit_1896|fp_bit_1897|fp_bit_1898|fp_bit_1899|fp_bit_1900|fp_bit_1901|fp_bit_1902|fp_bit_1903|fp_bit_1904|fp_bit_1905|fp_bit_1906|fp_bit_1907|fp_bit_1908|fp_bit_1909|fp_bit_1910|fp_bit_1911|fp_bit_1912|fp_bit_1913|fp_bit_1914|fp_bit_1915|fp_bit_1916|fp_bit_1917|fp_bit_1918|fp_bit_1919|fp_bit_1920|fp_bit_1921|fp_bit_1922|fp_bit_1923|fp_bit_1924|fp_bit_1925|fp_bit_1926|fp_bit_1927|fp_bit_1928|fp_bit_1929|fp_bit_1930|fp_bit_1932|fp_bit_1934|fp_bit_1935|fp_bit_1936|fp_bit_1937|fp_bit_1938|fp_bit_1939|fp_bit_1940|fp_bit_1941|fp_bit_1942|fp_bit_1943|fp_bit_1944|fp_bit_1945|fp_bit_1946|fp_bit_1948|fp_bit_1949|fp_bit_1950|fp_bit_1951|fp_bit_1952|fp_bit_1953|fp_bit_1954|fp_bit_1955|fp_bit_1956|fp_bit_1957|fp_bit_1958|fp_bit_1959|fp_bit_1960|fp_bit_1961|fp_bit_1962|fp_bit_1963|fp_bit_1964|fp_bit_1965|fp_bit_1966|fp_bit_1967|fp_bit_1968|fp_bit_1969|fp_bit_1970|fp_bit_1971|fp_bit_1972|fp_bit_1974|fp_bit_1975|fp_bit_1976|fp_bit_1977|fp_bit_1978|fp_bit_1979|fp_bit_1980|fp_bit_1981|fp_bit_1982|fp_bit_1983|fp_bit_1984|fp_bit_1985|fp_bit_1986|fp_bit_1987|fp_bit_1988|fp_bit_1989|fp_bit_1990|fp_bit_1991|fp_bit_1992|fp_bit_1993|fp_bit_1994|fp_bit_1995|fp_bit_1996|fp_bit_1997|fp_bit_1998|fp_bit_1999|fp_bit_2000|fp_bit_2001|fp_bit_2002|fp_bit_2003|fp_bit_2004|fp_bit_2005|fp_bit_2006|fp_bit_2007|fp_bit_2008|fp_bit_2009|fp_bit_2010|fp_bit_2011|fp_bit_2012|fp_bit_2013|fp_bit_2014|fp_bit_2016|fp_bit_2017|fp_bit_2018|fp_bit_2019|fp_bit_2020|fp_bit_2021|fp_bit_2022|fp_bit_2023|fp_bit_2024|fp_bit_2025|fp_bit_2026|fp_bit_2027|fp_bit_2028|fp_bit_2029|fp_bit_2030|fp_bit_2031|fp_bit_2032|fp_bit_2033|fp_bit_2034|fp_bit_2035|fp_bit_2036|fp_bit_2037|fp_bit_2038|fp_bit_2039|fp_bit_2040|fp_bit_2041|fp_bit_2042|fp_bit_2043|fp_bit_2044|fp_bit_2045|fp_bit_2046|fp_bit_2047
AdaBoost,Morgan FP,1984,0.6164,0.2229,0.2004,0.8148,0.2229,0.1929,0.1415,0.616,0.2215,0.1986,0.8143,0.2215,0.1908,0.1383,CorrelationFilter,fp_bit_0|fp_bit_1|fp_bit_2|fp_bit_3|fp_bit_4|fp_bit_5|fp_bit_6|fp_bit_7|fp_bit_8|fp_bit_9|fp_bit_10|fp_bit_11|fp_bit_12|fp_bit_13|fp_bit_14|fp_bit_15|fp_bit_16|fp_bit_17|fp_bit_18|fp_bit_19|fp_bit_20|fp_bit_21|fp_bit_22|fp_bit_23|fp_bit_24|fp_bit_25|fp_bit_26|fp_bit_27|fp_bit_28|fp_bit_29|fp_bit_30|fp_bit_31|fp_bit_32|fp_bit_33|fp_bit_34|fp_bit_35|fp_bit_36|fp_bit_37|fp_bit_38|fp_bit_39|fp_bit_40|fp_bit_41|fp_bit_42|fp_bit_43|fp_bit_44|fp_bit_45|fp_bit_46|fp_bit_47|fp_bit_48|fp_bit_49|fp_bit_50|fp_bit_51|fp_bit_52|fp_bit_53|fp_bit_54|fp_bit_55|fp_bit_56|fp_bit_57|fp_bit_58|fp_bit_59|fp_bit_60|fp_bit_61|fp_bit_62|fp_bit_63|fp_bit_64|fp_bit_65|fp_bit_66|fp_bit_67|fp_bit_68|fp_bit_69|fp_bit_70|fp_bit_72|fp_bit_73|fp_bit_74|fp_bit_75|fp_bit_76|fp_bit_77|fp_bit_78|fp_bit_79|fp_bit_80|fp_bit_81|fp_bit_82|fp_bit_83|fp_bit_84|fp_bit_86|fp_bit_87|fp_bit_88|fp_bit_89|fp_bit_90|fp_bit_91|fp_bit_92|fp_bit_93|fp_bit_94|fp_bit_95|fp_bit_96|fp_bit_97|fp_bit_98|fp_bit_99|fp_bit_100|fp_bit_101|fp_bit_102|fp_bit_103|fp_bit_104|fp_bit_105|fp_bit_106|fp_bit_107|fp_bit_108|fp_bit_109|fp_bit_110|fp_bit_111|fp_bit_112|fp_bit_113|fp_bit_114|fp_bit_115|fp_bit_116|fp_bit_117|fp_bit_118|fp_bit_119|fp_bit_120|fp_bit_121|fp_bit_125|fp_bit_126|fp_bit_127|fp_bit_128|fp_bit_129|fp_bit_130|fp_bit_131|fp_bit_132|fp_bit_133|fp_bit_134|fp_bit_135|fp_bit_136|fp_bit_137|fp_bit_139|fp_bit_140|fp_bit_141|fp_bit_142|fp_bit_143|fp_bit_144|fp_bit_145|fp_bit_146|fp_bit_147|fp_bit_148|fp_bit_149|fp_bit_150|fp_bit_151|fp_bit_152|fp_bit_153|fp_bit_154|fp_bit_155|fp_bit_156|fp_bit_157|fp_bit_158|fp_bit_159|fp_bit_160|fp_bit_162|fp_bit_163|fp_bit_164|fp_bit_165|fp_bit_166|fp_bit_167|fp_bit_168|fp_bit_169|fp_bit_170|fp_bit_171|fp_bit_172|fp_bit_173|fp_bit_174|fp_bit_175|fp_bit_176|fp_bit_177|fp_bit_178|fp_bit_179|fp_bit_180|fp_bit_181|fp_bit_182|fp_bit_183|fp_bit_184|fp_bit_185|fp_bit_186|fp_bit_187|fp_bit_188|fp_bit_189|fp_bit_190|fp_bit_191|fp_bit_192|fp_bit_193|fp_bit_194|fp_bit_195|fp_bit_196|fp_bit_197|fp_bit_198|fp_bit_199|fp_bit_200|fp_bit_201|fp_bit_202|fp_bit_203|fp_bit_204|fp_bit_205|fp_bit_206|fp_bit_207|fp_bit_208|fp_bit_209|fp_bit_210|fp_bit_211|fp_bit_212|fp_bit_213|fp_bit_215|fp_bit_216|fp_bit_217|fp_bit_218|fp_bit_219|fp_bit_220|fp_bit_221|fp_bit_222|fp_bit_223|fp_bit_224|fp_bit_225|fp_bit_226|fp_bit_227|fp_bit_228|fp_bit_229|fp_bit_230|fp_bit_231|fp_bit_232|fp_bit_233|fp_bit_234|fp_bit_235|fp_bit_236|fp_bit_237|fp_bit_238|fp_bit_239|fp_bit_240|fp_bit_241|fp_bit_242|fp_bit_243|fp_bit_244|fp_bit_245|fp_bit_246|fp_bit_247|fp_bit_248|fp_bit_249|fp_bit_250|fp_bit_251|fp_bit_252|fp_bit_253|fp_bit_254|fp_bit_255|fp_bit_256|fp_bit_257|fp_bit_258|fp_bit_259|fp_bit_260|fp_bit_261|fp_bit_262|fp_bit_263|fp_bit_264|fp_bit_265|fp_bit_266|fp_bit_267|fp_bit_268|fp_bit_269|fp_bit_270|fp_bit_271|fp_bit_272|fp_bit_273|fp_bit_274|fp_bit_275|fp_bit_276|fp_bit_277|fp_bit_278|fp_bit_279|fp_bit_280|fp_bit_281|fp_bit_282|fp_bit_283|fp_bit_284|fp_bit_285|fp_bit_286|fp_bit_287|fp_bit_289|fp_bit_290|fp_bit_291|fp_bit_292|fp_bit_293|fp_bit_294|fp_bit_295|fp_bit_296|fp_bit_297|fp_bit_298|fp_bit_299|fp_bit_300|fp_bit_301|fp_bit_302|fp_bit_303|fp_bit_304|fp_bit_305|fp_bit_306|fp_bit_307|fp_bit_308|fp_bit_309|fp_bit_310|fp_bit_311|fp_bit_312|fp_bit_313|fp_bit_314|fp_bit_315|fp_bit_316|fp_bit_317|fp_bit_318|fp_bit_319|fp_bit_320|fp_bit_321|fp_bit_322|fp_bit_323|fp_bit_324|fp_bit_325|fp_bit_326|fp_bit_327|fp_bit_328|fp_bit_329|fp_bit_330|fp_bit_331|fp_bit_332|fp_bit_333|fp_bit_334|fp_bit_335|fp_bit_336|fp_bit_337|fp_bit_338|fp_bit_339|fp_bit_340|fp_bit_341|fp_bit_342|fp_bit_343|fp_bit_344|fp_bit_345|fp_bit_347|fp_bit_348|fp_bit_349|fp_bit_350|fp_bit_351|fp_bit_352|fp_bit_353|fp_bit_354|fp_bit_355|fp_bit_356|fp_bit_357|fp_bit_358|fp_bit_359|fp_bit_360|fp_bit_361|fp_bit_362|fp_bit_363|fp_bit_364|fp_bit_365|fp_bit_366|fp_bit_367|fp_bit_368|fp_bit_369|fp_bit_370|fp_bit_371|fp_bit_372|fp_bit_373|fp_bit_374|fp_bit_375|fp_bit_376|fp_bit_377|fp_bit_378|fp_bit_379|fp_bit_380|fp_bit_381|fp_bit_382|fp_bit_383|fp_bit_384|fp_bit_385|fp_bit_386|fp_bit_387|fp_bit_388|fp_bit_389|fp_bit_390|fp_bit_391|fp_bit_392|fp_bit_393|fp_bit_394|fp_bit_395|fp_bit_396|fp_bit_397|fp_bit_398|fp_bit_399|fp_bit_400|fp_bit_401|fp_bit_402|fp_bit_403|fp_bit_404|fp_bit_405|fp_bit_406|fp_bit_407|fp_bit_408|fp_bit_409|fp_bit_411|fp_bit_412|fp_bit_413|fp_bit_414|fp_bit_415|fp_bit_416|fp_bit_417|fp_bit_418|fp_bit_419|fp_bit_420|fp_bit_421|fp_bit_422|fp_bit_423|fp_bit_424|fp_bit_425|fp_bit_426|fp_bit_427|fp_bit_428|fp_bit_429|fp_bit_430|fp_bit_431|fp_bit_432|fp_bit_433|fp_bit_434|fp_bit_435|fp_bit_437|fp_bit_438|fp_bit_439|fp_bit_440|fp_bit_441|fp_bit_442|fp_bit_443|fp_bit_444|fp_bit_445|fp_bit_446|fp_bit_447|fp_bit_448|fp_bit_449|fp_bit_450|fp_bit_451|fp_bit_452|fp_bit_453|fp_bit_454|fp_bit_455|fp_bit_456|fp_bit_457|fp_bit_458|fp_bit_459|fp_bit_460|fp_bit_461|fp_bit_462|fp_bit_463|fp_bit_464|fp_bit_465|fp_bit_466|fp_bit_467|fp_bit_468|fp_bit_469|fp_bit_470|fp_bit_471|fp_bit_472|fp_bit_473|fp_bit_474|fp_bit_475|fp_bit_476|fp_bit_477|fp_bit_478|fp_bit_479|fp_bit_480|fp_bit_481|fp_bit_482|fp_bit_483|fp_bit_484|fp_bit_485|fp_bit_486|fp_bit_487|fp_bit_488|fp_bit_489|fp_bit_490|fp_bit_491|fp_bit_492|fp_bit_493|fp_bit_494|fp_bit_495|fp_bit_496|fp_bit_497|fp_bit_499|fp_bit_500|fp_bit_501|fp_bit_502|fp_bit_503|fp_bit_504|fp_bit_505|fp_bit_506|fp_bit_507|fp_bit_508|fp_bit_509|fp_bit_510|fp_bit_511|fp_bit_512|fp_bit_513|fp_bit_514|fp_bit_516|fp_bit_517|fp_bit_518|fp_bit_519|fp_bit_520|fp_bit_521|fp_bit_522|fp_bit_523|fp_bit_524|fp_bit_525|fp_bit_526|fp_bit_527|fp_bit_528|fp_bit_529|fp_bit_530|fp_bit_531|fp_bit_532|fp_bit_533|fp_bit_534|fp_bit_535|fp_bit_536|fp_bit_537|fp_bit_538|fp_bit_540|fp_bit_541|fp_bit_542|fp_bit_543|fp_bit_544|fp_bit_545|fp_bit_546|fp_bit_547|fp_bit_548|fp_bit_549|fp_bit_550|fp_bit_551|fp_bit_552|fp_bit_553|fp_bit_554|fp_bit_555|fp_bit_556|fp_bit_557|fp_bit_558|fp_bit_559|fp_bit_560|fp_bit_561|fp_bit_562|fp_bit_563|fp_bit_564|fp_bit_565|fp_bit_566|fp_bit_567|fp_bit_568|fp_bit_569|fp_bit_570|fp_bit_572|fp_bit_573|fp_bit_574|fp_bit_575|fp_bit_576|fp_bit_578|fp_bit_579|fp_bit_580|fp_bit_581|fp_bit_582|fp_bit_583|fp_bit_584|fp_bit_585|fp_bit_586|fp_bit_587|fp_bit_588|fp_bit_589|fp_bit_590|fp_bit_591|fp_bit_592|fp_bit_593|fp_bit_594|fp_bit_595|fp_bit_596|fp_bit_597|fp_bit_598|fp_bit_599|fp_bit_600|fp_bit_601|fp_bit_602|fp_bit_603|fp_bit_604|fp_bit_605|fp_bit_606|fp_bit_607|fp_bit_608|fp_bit_609|fp_bit_610|fp_bit_611|fp_bit_612|fp_bit_613|fp_bit_614|fp_bit_615|fp_bit_616|fp_bit_617|fp_bit_618|fp_bit_619|fp_bit_620|fp_bit_621|fp_bit_622|fp_bit_623|fp_bit_624|fp_bit_625|fp_bit_626|fp_bit_627|fp_bit_628|fp_bit_629|fp_bit_630|fp_bit_631|fp_bit_632|fp_bit_633|fp_bit_634|fp_bit_635|fp_bit_636|fp_bit_637|fp_bit_638|fp_bit_639|fp_bit_640|fp_bit_641|fp_bit_642|fp_bit_643|fp_bit_644|fp_bit_645|fp_bit_646|fp_bit_647|fp_bit_648|fp_bit_649|fp_bit_650|fp_bit_651|fp_bit_652|fp_bit_653|fp_bit_654|fp_bit_655|fp_bit_656|fp_bit_657|fp_bit_658|fp_bit_659|fp_bit_660|fp_bit_661|fp_bit_662|fp_bit_663|fp_bit_664|fp_bit_665|fp_bit_666|fp_bit_667|fp_bit_668|fp_bit_669|fp_bit_670|fp_bit_672|fp_bit_673|fp_bit_674|fp_bit_675|fp_bit_676|fp_bit_677|fp_bit_678|fp_bit_679|fp_bit_680|fp_bit_681|fp_bit_682|fp_bit_683|fp_bit_684|fp_bit_685|fp_bit_686|fp_bit_687|fp_bit_688|fp_bit_689|fp_bit_690|fp_bit_691|fp_bit_692|fp_bit_693|fp_bit_694|fp_bit_695|fp_bit_696|fp_bit_697|fp_bit_698|fp_bit_699|fp_bit_700|fp_bit_701|fp_bit_702|fp_bit_703|fp_bit_704|fp_bit_705|fp_bit_706|fp_bit_707|fp_bit_708|fp_bit_710|fp_bit_711|fp_bit_712|fp_bit_713|fp_bit_714|fp_bit_715|fp_bit_716|fp_bit_717|fp_bit_718|fp_bit_719|fp_bit_720|fp_bit_721|fp_bit_722|fp_bit_723|fp_bit_724|fp_bit_725|fp_bit_726|fp_bit_727|fp_bit_728|fp_bit_729|fp_bit_730|fp_bit_731|fp_bit_732|fp_bit_733|fp_bit_734|fp_bit_735|fp_bit_736|fp_bit_737|fp_bit_738|fp_bit_739|fp_bit_740|fp_bit_741|fp_bit_742|fp_bit_743|fp_bit_744|fp_bit_745|fp_bit_746|fp_bit_747|fp_bit_748|fp_bit_749|fp_bit_750|fp_bit_751|fp_bit_752|fp_bit_753|fp_bit_754|fp_bit_755|fp_bit_756|fp_bit_757|fp_bit_758|fp_bit_759|fp_bit_760|fp_bit_761|fp_bit_762|fp_bit_763|fp_bit_764|fp_bit_765|fp_bit_766|fp_bit_767|fp_bit_768|fp_bit_769|fp_bit_770|fp_bit_771|fp_bit_772|fp_bit_773|fp_bit_774|fp_bit_775|fp_bit_776|fp_bit_778|fp_bit_779|fp_bit_780|fp_bit_781|fp_bit_782|fp_bit_783|fp_bit_784|fp_bit_785|fp_bit_786|fp_bit_787|fp_bit_788|fp_bit_789|fp_bit_790|fp_bit_791|fp_bit_794|fp_bit_795|fp_bit_796|fp_bit_797|fp_bit_798|fp_bit_799|fp_bit_800|fp_bit_801|fp_bit_802|fp_bit_803|fp_bit_804|fp_bit_805|fp_bit_806|fp_bit_807|fp_bit_808|fp_bit_809|fp_bit_810|fp_bit_811|fp_bit_812|fp_bit_814|fp_bit_815|fp_bit_816|fp_bit_817|fp_bit_818|fp_bit_819|fp_bit_820|fp_bit_821|fp_bit_822|fp_bit_823|fp_bit_824|fp_bit_825|fp_bit_826|fp_bit_827|fp_bit_828|fp_bit_829|fp_bit_830|fp_bit_831|fp_bit_832|fp_bit_833|fp_bit_834|fp_bit_835|fp_bit_836|fp_bit_837|fp_bit_838|fp_bit_839|fp_bit_840|fp_bit_841|fp_bit_842|fp_bit_843|fp_bit_844|fp_bit_845|fp_bit_846|fp_bit_847|fp_bit_848|fp_bit_849|fp_bit_850|fp_bit_851|fp_bit_852|fp_bit_853|fp_bit_854|fp_bit_855|fp_bit_856|fp_bit_857|fp_bit_858|fp_bit_859|fp_bit_860|fp_bit_861|fp_bit_862|fp_bit_863|fp_bit_864|fp_bit_865|fp_bit_867|fp_bit_868|fp_bit_869|fp_bit_870|fp_bit_871|fp_bit_872|fp_bit_873|fp_bit_874|fp_bit_875|fp_bit_876|fp_bit_877|fp_bit_878|fp_bit_879|fp_bit_880|fp_bit_881|fp_bit_882|fp_bit_883|fp_bit_884|fp_bit_885|fp_bit_886|fp_bit_887|fp_bit_888|fp_bit_889|fp_bit_890|fp_bit_891|fp_bit_892|fp_bit_893|fp_bit_894|fp_bit_895|fp_bit_896|fp_bit_897|fp_bit_898|fp_bit_899|fp_bit_900|fp_bit_901|fp_bit_902|fp_bit_903|fp_bit_904|fp_bit_905|fp_bit_906|fp_bit_907|fp_bit_908|fp_bit_909|fp_bit_910|fp_bit_911|fp_bit_912|fp_bit_913|fp_bit_914|fp_bit_915|fp_bit_916|fp_bit_917|fp_bit_918|fp_bit_919|fp_bit_921|fp_bit_922|fp_bit_923|fp_bit_924|fp_bit_925|fp_bit_926|fp_bit_927|fp_bit_928|fp_bit_929|fp_bit_930|fp_bit_931|fp_bit_932|fp_bit_934|fp_bit_935|fp_bit_936|fp_bit_937|fp_bit_938|fp_bit_939|fp_bit_940|fp_bit_941|fp_bit_942|fp_bit_943|fp_bit_944|fp_bit_945|fp_bit_946|fp_bit_947|fp_bit_948|fp_bit_949|fp_bit_950|fp_bit_951|fp_bit_952|fp_bit_953|fp_bit_954|fp_bit_955|fp_bit_956|fp_bit_957|fp_bit_958|fp_bit_959|fp_bit_960|fp_bit_961|fp_bit_962|fp_bit_963|fp_bit_964|fp_bit_965|fp_bit_966|fp_bit_967|fp_bit_968|fp_bit_970|fp_bit_971|fp_bit_973|fp_bit_974|fp_bit_975|fp_bit_976|fp_bit_977|fp_bit_978|fp_bit_979|fp_bit_980|fp_bit_981|fp_bit_983|fp_bit_984|fp_bit_985|fp_bit_986|fp_bit_987|fp_bit_988|fp_bit_989|fp_bit_990|fp_bit_991|fp_bit_992|fp_bit_993|fp_bit_994|fp_bit_995|fp_bit_996|fp_bit_997|fp_bit_998|fp_bit_999|fp_bit_1000|fp_bit_1001|fp_bit_1002|fp_bit_1003|fp_bit_1004|fp_bit_1005|fp_bit_1006|fp_bit_1007|fp_bit_1008|fp_bit_1009|fp_bit_1010|fp_bit_1011|fp_bit_1012|fp_bit_1013|fp_bit_1014|fp_bit_1015|fp_bit_1016|fp_bit_1017|fp_bit_1018|fp_bit_1019|fp_bit_1020|fp_bit_1021|fp_bit_1022|fp_bit_1023|fp_bit_1024|fp_bit_1025|fp_bit_1026|fp_bit_1027|fp_bit_1028|fp_bit_1029|fp_bit_1031|fp_bit_1032|fp_bit_1033|fp_bit_1034|fp_bit_1035|fp_bit_1036|fp_bit_1037|fp_bit_1038|fp_bit_1039|fp_bit_1040|fp_bit_1041|fp_bit_1042|fp_bit_1043|fp_bit_1044|fp_bit_1045|fp_bit_1046|fp_bit_1047|fp_bit_1048|fp_bit_1049|fp_bit_1050|fp_bit_1051|fp_bit_1052|fp_bit_1053|fp_bit_1054|fp_bit_1055|fp_bit_1056|fp_bit_1057|fp_bit_1058|fp_bit_1059|fp_bit_1060|fp_bit_1061|fp_bit_1062|fp_bit_1063|fp_bit_1064|fp_bit_1065|fp_bit_1066|fp_bit_1067|fp_bit_1068|fp_bit_1069|fp_bit_1070|fp_bit_1071|fp_bit_1072|fp_bit_1073|fp_bit_1074|fp_bit_1075|fp_bit_1076|fp_bit_1077|fp_bit_1078|fp_bit_1079|fp_bit_1080|fp_bit_1081|fp_bit_1082|fp_bit_1083|fp_bit_1084|fp_bit_1085|fp_bit_1086|fp_bit_1087|fp_bit_1088|fp_bit_1089|fp_bit_1090|fp_bit_1091|fp_bit_1092|fp_bit_1093|fp_bit_1095|fp_bit_1096|fp_bit_1097|fp_bit_1098|fp_bit_1099|fp_bit_1100|fp_bit_1101|fp_bit_1102|fp_bit_1103|fp_bit_1104|fp_bit_1105|fp_bit_1106|fp_bit_1107|fp_bit_1109|fp_bit_1110|fp_bit_1111|fp_bit_1112|fp_bit_1113|fp_bit_1114|fp_bit_1115|fp_bit_1116|fp_bit_1117|fp_bit_1118|fp_bit_1119|fp_bit_1120|fp_bit_1121|fp_bit_1122|fp_bit_1123|fp_bit_1124|fp_bit_1125|fp_bit_1126|fp_bit_1127|fp_bit_1128|fp_bit_1129|fp_bit_1130|fp_bit_1131|fp_bit_1132|fp_bit_1133|fp_bit_1134|fp_bit_1135|fp_bit_1136|fp_bit_1137|fp_bit_1138|fp_bit_1139|fp_bit_1140|fp_bit_1141|fp_bit_1142|fp_bit_1143|fp_bit_1144|fp_bit_1145|fp_bit_1146|fp_bit_1147|fp_bit_1148|fp_bit_1149|fp_bit_1150|fp_bit_1152|fp_bit_1153|fp_bit_1154|fp_bit_1155|fp_bit_1156|fp_bit_1157|fp_bit_1158|fp_bit_1160|fp_bit_1162|fp_bit_1163|fp_bit_1164|fp_bit_1165|fp_bit_1167|fp_bit_1168|fp_bit_1169|fp_bit_1170|fp_bit_1171|fp_bit_1172|fp_bit_1173|fp_bit_1174|fp_bit_1175|fp_bit_1176|fp_bit_1177|fp_bit_1179|fp_bit_1180|fp_bit_1181|fp_bit_1182|fp_bit_1183|fp_bit_1184|fp_bit_1185|fp_bit_1186|fp_bit_1187|fp_bit_1188|fp_bit_1189|fp_bit_1190|fp_bit_1191|fp_bit_1192|fp_bit_1193|fp_bit_1194|fp_bit_1195|fp_bit_1196|fp_bit_1197|fp_bit_1198|fp_bit_1199|fp_bit_1200|fp_bit_1201|fp_bit_1202|fp_bit_1203|fp_bit_1205|fp_bit_1206|fp_bit_1207|fp_bit_1208|fp_bit_1209|fp_bit_1210|fp_bit_1211|fp_bit_1212|fp_bit_1213|fp_bit_1214|fp_bit_1215|fp_bit_1216|fp_bit_1217|fp_bit_1218|fp_bit_1219|fp_bit_1220|fp_bit_1221|fp_bit_1222|fp_bit_1223|fp_bit_1224|fp_bit_1225|fp_bit_1226|fp_bit_1227|fp_bit_1228|fp_bit_1229|fp_bit_1230|fp_bit_1231|fp_bit_1232|fp_bit_1233|fp_bit_1234|fp_bit_1235|fp_bit_1236|fp_bit_1237|fp_bit_1238|fp_bit_1239|fp_bit_1240|fp_bit_1241|fp_bit_1242|fp_bit_1243|fp_bit_1244|fp_bit_1245|fp_bit_1246|fp_bit_1247|fp_bit_1248|fp_bit_1249|fp_bit_1250|fp_bit_1251|fp_bit_1252|fp_bit_1253|fp_bit_1254|fp_bit_1255|fp_bit_1256|fp_bit_1257|fp_bit_1258|fp_bit_1259|fp_bit_1260|fp_bit_1261|fp_bit_1262|fp_bit_1263|fp_bit_1264|fp_bit_1265|fp_bit_1266|fp_bit_1267|fp_bit_1268|fp_bit_1269|fp_bit_1270|fp_bit_1271|fp_bit_1272|fp_bit_1273|fp_bit_1274|fp_bit_1275|fp_bit_1276|fp_bit_1277|fp_bit_1278|fp_bit_1279|fp_bit_1280|fp_bit_1281|fp_bit_1282|fp_bit_1283|fp_bit_1284|fp_bit_1285|fp_bit_1286|fp_bit_1287|fp_bit_1288|fp_bit_1289|fp_bit_1290|fp_bit_1291|fp_bit_1292|fp_bit_1293|fp_bit_1294|fp_bit_1295|fp_bit_1296|fp_bit_1297|fp_bit_1298|fp_bit_1299|fp_bit_1300|fp_bit_1301|fp_bit_1302|fp_bit_1303|fp_bit_1304|fp_bit_1305|fp_bit_1306|fp_bit_1307|fp_bit_1308|fp_bit_1309|fp_bit_1310|fp_bit_1311|fp_bit_1312|fp_bit_1313|fp_bit_1314|fp_bit_1317|fp_bit_1318|fp_bit_1319|fp_bit_1321|fp_bit_1322|fp_bit_1323|fp_bit_1324|fp_bit_1325|fp_bit_1326|fp_bit_1327|fp_bit_1328|fp_bit_1329|fp_bit_1330|fp_bit_1331|fp_bit_1332|fp_bit_1333|fp_bit_1334|fp_bit_1335|fp_bit_1336|fp_bit_1337|fp_bit_1338|fp_bit_1339|fp_bit_1340|fp_bit_1341|fp_bit_1342|fp_bit_1343|fp_bit_1344|fp_bit_1345|fp_bit_1346|fp_bit_1347|fp_bit_1348|fp_bit_1349|fp_bit_1350|fp_bit_1351|fp_bit_1352|fp_bit_1353|fp_bit_1355|fp_bit_1356|fp_bit_1357|fp_bit_1358|fp_bit_1359|fp_bit_1360|fp_bit_1361|fp_bit_1362|fp_bit_1363|fp_bit_1364|fp_bit_1365|fp_bit_1366|fp_bit_1367|fp_bit_1368|fp_bit_1369|fp_bit_1370|fp_bit_1372|fp_bit_1373|fp_bit_1374|fp_bit_1375|fp_bit_1376|fp_bit_1377|fp_bit_1378|fp_bit_1379|fp_bit_1380|fp_bit_1381|fp_bit_1382|fp_bit_1383|fp_bit_1384|fp_bit_1385|fp_bit_1386|fp_bit_1387|fp_bit_1388|fp_bit_1389|fp_bit_1390|fp_bit_1391|fp_bit_1392|fp_bit_1393|fp_bit_1394|fp_bit_1395|fp_bit_1396|fp_bit_1397|fp_bit_1398|fp_bit_1399|fp_bit_1400|fp_bit_1401|fp_bit_1402|fp_bit_1403|fp_bit_1404|fp_bit_1405|fp_bit_1406|fp_bit_1407|fp_bit_1409|fp_bit_1410|fp_bit_1411|fp_bit_1412|fp_bit_1413|fp_bit_1414|fp_bit_1415|fp_bit_1416|fp_bit_1417|fp_bit_1418|fp_bit_1419|fp_bit_1420|fp_bit_1421|fp_bit_1422|fp_bit_1423|fp_bit_1424|fp_bit_1425|fp_bit_1426|fp_bit_1427|fp_bit_1428|fp_bit_1429|fp_bit_1430|fp_bit_1431|fp_bit_1432|fp_bit_1433|fp_bit_1434|fp_bit_1435|fp_bit_1436|fp_bit_1437|fp_bit_1438|fp_bit_1439|fp_bit_1440|fp_bit_1441|fp_bit_1442|fp_bit_1443|fp_bit_1444|fp_bit_1445|fp_bit_1446|fp_bit_1447|fp_bit_1448|fp_bit_1449|fp_bit_1450|fp_bit_1451|fp_bit_1452|fp_bit_1453|fp_bit_1454|fp_bit_1455|fp_bit_1456|fp_bit_1457|fp_bit_1458|fp_bit_1459|fp_bit_1460|fp_bit_1461|fp_bit_1462|fp_bit_1463|fp_bit_1464|fp_bit_1465|fp_bit_1466|fp_bit_1467|fp_bit_1468|fp_bit_1469|fp_bit_1470|fp_bit_1471|fp_bit_1472|fp_bit_1473|fp_bit_1474|fp_bit_1475|fp_bit_1476|fp_bit_1477|fp_bit_1478|fp_bit_1479|fp_bit_1480|fp_bit_1481|fp_bit_1482|fp_bit_1483|fp_bit_1484|fp_bit_1485|fp_bit_1487|fp_bit_1488|fp_bit_1489|fp_bit_1490|fp_bit_1491|fp_bit_1492|fp_bit_1493|fp_bit_1494|fp_bit_1495|fp_bit_1496|fp_bit_1497|fp_bit_1498|fp_bit_1499|fp_bit_1500|fp_bit_1501|fp_bit_1502|fp_bit_1503|fp_bit_1505|fp_bit_1506|fp_bit_1507|fp_bit_1508|fp_bit_1509|fp_bit_1510|fp_bit_1511|fp_bit_1512|fp_bit_1513|fp_bit_1514|fp_bit_1515|fp_bit_1516|fp_bit_1517|fp_bit_1518|fp_bit_1519|fp_bit_1520|fp_bit_1521|fp_bit_1522|fp_bit_1523|fp_bit_1524|fp_bit_1525|fp_bit_1526|fp_bit_1527|fp_bit_1528|fp_bit_1529|fp_bit_1530|fp_bit_1531|fp_bit_1532|fp_bit_1533|fp_bit_1534|fp_bit_1535|fp_bit_1536|fp_bit_1537|fp_bit_1538|fp_bit_1539|fp_bit_1540|fp_bit_1542|fp_bit_1543|fp_bit_1544|fp_bit_1545|fp_bit_1546|fp_bit_1547|fp_bit_1548|fp_bit_1549|fp_bit_1550|fp_bit_1551|fp_bit_1552|fp_bit_1553|fp_bit_1554|fp_bit_1555|fp_bit_1556|fp_bit_1557|fp_bit_1558|fp_bit_1559|fp_bit_1560|fp_bit_1561|fp_bit_1562|fp_bit_1563|fp_bit_1564|fp_bit_1565|fp_bit_1566|fp_bit_1567|fp_bit_1568|fp_bit_1569|fp_bit_1570|fp_bit_1571|fp_bit_1572|fp_bit_1573|fp_bit_1574|fp_bit_1575|fp_bit_1576|fp_bit_1577|fp_bit_1578|fp_bit_1579|fp_bit_1580|fp_bit_1581|fp_bit_1582|fp_bit_1583|fp_bit_1584|fp_bit_1585|fp_bit_1586|fp_bit_1587|fp_bit_1588|fp_bit_1589|fp_bit_1590|fp_bit_1591|fp_bit_1592|fp_bit_1593|fp_bit_1594|fp_bit_1595|fp_bit_1597|fp_bit_1598|fp_bit_1599|fp_bit_1600|fp_bit_1601|fp_bit_1602|fp_bit_1603|fp_bit_1604|fp_bit_1605|fp_bit_1606|fp_bit_1607|fp_bit_1608|fp_bit_1609|fp_bit_1610|fp_bit_1611|fp_bit_1612|fp_bit_1613|fp_bit_1614|fp_bit_1615|fp_bit_1616|fp_bit_1617|fp_bit_1618|fp_bit_1619|fp_bit_1620|fp_bit_1621|fp_bit_1622|fp_bit_1623|fp_bit_1624|fp_bit_1625|fp_bit_1626|fp_bit_1627|fp_bit_1628|fp_bit_1629|fp_bit_1630|fp_bit_1631|fp_bit_1632|fp_bit_1633|fp_bit_1634|fp_bit_1635|fp_bit_1636|fp_bit_1637|fp_bit_1638|fp_bit_1639|fp_bit_1640|fp_bit_1641|fp_bit_1642|fp_bit_1643|fp_bit_1644|fp_bit_1645|fp_bit_1646|fp_bit_1647|fp_bit_1648|fp_bit_1649|fp_bit_1650|fp_bit_1651|fp_bit_1652|fp_bit_1653|fp_bit_1654|fp_bit_1655|fp_bit_1656|fp_bit_1657|fp_bit_1658|fp_bit_1659|fp_bit_1660|fp_bit_1661|fp_bit_1663|fp_bit_1664|fp_bit_1665|fp_bit_1666|fp_bit_1667|fp_bit_1668|fp_bit_1669|fp_bit_1670|fp_bit_1671|fp_bit_1672|fp_bit_1673|fp_bit_1674|fp_bit_1675|fp_bit_1676|fp_bit_1677|fp_bit_1678|fp_bit_1679|fp_bit_1680|fp_bit_1681|fp_bit_1682|fp_bit_1683|fp_bit_1684|fp_bit_1685|fp_bit_1686|fp_bit_1687|fp_bit_1688|fp_bit_1689|fp_bit_1690|fp_bit_1691|fp_bit_1692|fp_bit_1693|fp_bit_1694|fp_bit_1695|fp_bit_1696|fp_bit_1697|fp_bit_1698|fp_bit_1699|fp_bit_1700|fp_bit_1701|fp_bit_1704|fp_bit_1705|fp_bit_1706|fp_bit_1707|fp_bit_1708|fp_bit_1709|fp_bit_1710|fp_bit_1711|fp_bit_1712|fp_bit_1713|fp_bit_1714|fp_bit_1715|fp_bit_1716|fp_bit_1717|fp_bit_1718|fp_bit_1719|fp_bit_1720|fp_bit_1721|fp_bit_1722|fp_bit_1723|fp_bit_1724|fp_bit_1725|fp_bit_1726|fp_bit_1727|fp_bit_1728|fp_bit_1729|fp_bit_1730|fp_bit_1731|fp_bit_1732|fp_bit_1733|fp_bit_1734|fp_bit_1735|fp_bit_1736|fp_bit_1737|fp_bit_1738|fp_bit_1739|fp_bit_1740|fp_bit_1741|fp_bit_1742|fp_bit_1743|fp_bit_1744|fp_bit_1745|fp_bit_1746|fp_bit_1747|fp_bit_1748|fp_bit_1749|fp_bit_1750|fp_bit_1751|fp_bit_1752|fp_bit_1753|fp_bit_1754|fp_bit_1755|fp_bit_1756|fp_bit_1757|fp_bit_1758|fp_bit_1759|fp_bit_1760|fp_bit_1761|fp_bit_1762|fp_bit_1763|fp_bit_1764|fp_bit_1765|fp_bit_1766|fp_bit_1767|fp_bit_1768|fp_bit_1769|fp_bit_1770|fp_bit_1771|fp_bit_1772|fp_bit_1773|fp_bit_1775|fp_bit_1776|fp_bit_1777|fp_bit_1778|fp_bit_1779|fp_bit_1780|fp_bit_1781|fp_bit_1782|fp_bit_1783|fp_bit_1784|fp_bit_1785|fp_bit_1786|fp_bit_1787|fp_bit_1788|fp_bit_1789|fp_bit_1790|fp_bit_1791|fp_bit_1792|fp_bit_1793|fp_bit_1794|fp_bit_1795|fp_bit_1796|fp_bit_1797|fp_bit_1798|fp_bit_1799|fp_bit_1800|fp_bit_1801|fp_bit_1802|fp_bit_1803|fp_bit_1804|fp_bit_1805|fp_bit_1806|fp_bit_1807|fp_bit_1808|fp_bit_1809|fp_bit_1810|fp_bit_1811|fp_bit_1812|fp_bit_1814|fp_bit_1815|fp_bit_1816|fp_bit_1817|fp_bit_1818|fp_bit_1819|fp_bit_1820|fp_bit_1821|fp_bit_1822|fp_bit_1823|fp_bit_1824|fp_bit_1825|fp_bit_1827|fp_bit_1828|fp_bit_1829|fp_bit_1831|fp_bit_1832|fp_bit_1833|fp_bit_1834|fp_bit_1835|fp_bit_1837|fp_bit_1838|fp_bit_1839|fp_bit_1840|fp_bit_1841|fp_bit_1842|fp_bit_1843|fp_bit_1844|fp_bit_1845|fp_bit_1846|fp_bit_1847|fp_bit_1848|fp_bit_1849|fp_bit_1850|fp_bit_1851|fp_bit_1852|fp_bit_1853|fp_bit_1854|fp_bit_1855|fp_bit_1856|fp_bit_1857|fp_bit_1858|fp_bit_1859|fp_bit_1860|fp_bit_1861|fp_bit_1862|fp_bit_1863|fp_bit_1864|fp_bit_1865|fp_bit_1866|fp_bit_1867|fp_bit_1868|fp_bit_1869|fp_bit_1870|fp_bit_1871|fp_bit_1872|fp_bit_1873|fp_bit_1874|fp_bit_1875|fp_bit_1876|fp_bit_1877|fp_bit_1878|fp_bit_1879|fp_bit_1881|fp_bit_1882|fp_bit_1883|fp_bit_1884|fp_bit_1885|fp_bit_1886|fp_bit_1887|fp_bit_1888|fp_bit_1889|fp_bit_1891|fp_bit_1892|fp_bit_1893|fp_bit_1895|fp_bit_1896|fp_bit_1897|fp_bit_1898|fp_bit_1899|fp_bit_1900|fp_bit_1901|fp_bit_1902|fp_bit_1903|fp_bit_1904|fp_bit_1905|fp_bit_1906|fp_bit_1907|fp_bit_1908|fp_bit_1909|fp_bit_1910|fp_bit_1911|fp_bit_1912|fp_bit_1913|fp_bit_1914|fp_bit_1915|fp_bit_1916|fp_bit_1917|fp_bit_1918|fp_bit_1919|fp_bit_1920|fp_bit_1921|fp_bit_1922|fp_bit_1923|fp_bit_1924|fp_bit_1925|fp_bit_1926|fp_bit_1927|fp_bit_1928|fp_bit_1929|fp_bit_1930|fp_bit_1932|fp_bit_1934|fp_bit_1935|fp_bit_1936|fp_bit_1937|fp_bit_1938|fp_bit_1939|fp_bit_1940|fp_bit_1941|fp_bit_1942|fp_bit_1943|fp_bit_1944|fp_bit_1945|fp_bit_1946|fp_bit_1948|fp_bit_1949|fp_bit_1950|fp_bit_1951|fp_bit_1952|fp_bit_1953|fp_bit_1954|fp_bit_1955|fp_bit_1956|fp_bit_1957|fp_bit_1958|fp_bit_1959|fp_bit_1960|fp_bit_1961|fp_bit_1962|fp_bit_1963|fp_bit_1964|fp_bit_1965|fp_bit_1966|fp_bit_1967|fp_bit_1968|fp_bit_1969|fp_bit_1970|fp_bit_1971|fp_bit_1972|fp_bit_1974|fp_bit_1975|fp_bit_1976|fp_bit_1977|fp_bit_1978|fp_bit_1979|fp_bit_1980|fp_bit_1981|fp_bit_1982|fp_bit_1983|fp_bit_1984|fp_bit_1985|fp_bit_1986|fp_bit_1987|fp_bit_1988|fp_bit_1989|fp_bit_1990|fp_bit_1991|fp_bit_1992|fp_bit_1993|fp_bit_1994|fp_bit_1995|fp_bit_1996|fp_bit_1997|fp_bit_1998|fp_bit_1999|fp_bit_2000|fp_bit_2001|fp_bit_2002|fp_bit_2003|fp_bit_2004|fp_bit_2005|fp_bit_2006|fp_bit_2007|fp_bit_2008|fp_bit_2009|fp_bit_2010|fp_bit_2011|fp_bit_2012|fp_bit_2013|fp_bit_2014|fp_bit_2016|fp_bit_2017|fp_bit_2018|fp_bit_2019|fp_bit_2020|fp_bit_2021|fp_bit_2022|fp_bit_2023|fp_bit_2024|fp_bit_2025|fp_bit_2026|fp_bit_2027|fp_bit_2028|fp_bit_2029|fp_bit_2030|fp_bit_2031|fp_bit_2032|fp_bit_2033|fp_bit_2034|fp_bit_2035|fp_bit_2036|fp_bit_2037|fp_bit_2038|fp_bit_2039|fp_bit_2040|fp_bit_2041|fp_bit_2042|fp_bit_2043|fp_bit_2044|fp_bit_2045|fp_bit_2046|fp_bit_2047
XGBoost,Morgan FP,1984,0.9355,0.9248,0.9235,0.9774,0.9248,0.9236,0.8894,0.8693,0.8241,0.8369,0.9547,0.8241,0.8295,0.7743,CorrelationFilter,fp_bit_0|fp_bit_1|fp_bit_2|fp_bit_3|fp_bit_4|fp_bit_5|fp_bit_6|fp_bit_7|fp_bit_8|fp_bit_9|fp_bit_10|fp_bit_11|fp_bit_12|fp_bit_13|fp_bit_14|fp_bit_15|fp_bit_16|fp_bit_17|fp_bit_18|fp_bit_19|fp_bit_20|fp_bit_21|fp_bit_22|fp_bit_23|fp_bit_24|fp_bit_25|fp_bit_26|fp_bit_27|fp_bit_28|fp_bit_29|fp_bit_30|fp_bit_31|fp_bit_32|fp_bit_33|fp_bit_34|fp_bit_35|fp_bit_36|fp_bit_37|fp_bit_38|fp_bit_39|fp_bit_40|fp_bit_41|fp_bit_42|fp_bit_43|fp_bit_44|fp_bit_45|fp_bit_46|fp_bit_47|fp_bit_48|fp_bit_49|fp_bit_50|fp_bit_51|fp_bit_52|fp_bit_53|fp_bit_54|fp_bit_55|fp_bit_56|fp_bit_57|fp_bit_58|fp_bit_59|fp_bit_60|fp_bit_61|fp_bit_62|fp_bit_63|fp_bit_64|fp_bit_65|fp_bit_66|fp_bit_67|fp_bit_68|fp_bit_69|fp_bit_70|fp_bit_72|fp_bit_73|fp_bit_74|fp_bit_75|fp_bit_76|fp_bit_77|fp_bit_78|fp_bit_79|fp_bit_80|fp_bit_81|fp_bit_82|fp_bit_83|fp_bit_84|fp_bit_86|fp_bit_87|fp_bit_88|fp_bit_89|fp_bit_90|fp_bit_91|fp_bit_92|fp_bit_93|fp_bit_94|fp_bit_95|fp_bit_96|fp_bit_97|fp_bit_98|fp_bit_99|fp_bit_100|fp_bit_101|fp_bit_102|fp_bit_103|fp_bit_104|fp_bit_105|fp_bit_106|fp_bit_107|fp_bit_108|fp_bit_109|fp_bit_110|fp_bit_111|fp_bit_112|fp_bit_113|fp_bit_114|fp_bit_115|fp_bit_116|fp_bit_117|fp_bit_118|fp_bit_119|fp_bit_120|fp_bit_121|fp_bit_125|fp_bit_126|fp_bit_127|fp_bit_128|fp_bit_129|fp_bit_130|fp_bit_131|fp_bit_132|fp_bit_133|fp_bit_134|fp_bit_135|fp_bit_136|fp_bit_137|fp_bit_139|fp_bit_140|fp_bit_141|fp_bit_142|fp_bit_143|fp_bit_144|fp_bit_145|fp_bit_146|fp_bit_147|fp_bit_148|fp_bit_149|fp_bit_150|fp_bit_151|fp_bit_152|fp_bit_153|fp_bit_154|fp_bit_155|fp_bit_156|fp_bit_157|fp_bit_158|fp_bit_159|fp_bit_160|fp_bit_162|fp_bit_163|fp_bit_164|fp_bit_165|fp_bit_166|fp_bit_167|fp_bit_168|fp_bit_169|fp_bit_170|fp_bit_171|fp_bit_172|fp_bit_173|fp_bit_174|fp_bit_175|fp_bit_176|fp_bit_177|fp_bit_178|fp_bit_179|fp_bit_180|fp_bit_181|fp_bit_182|fp_bit_183|fp_bit_184|fp_bit_185|fp_bit_186|fp_bit_187|fp_bit_188|fp_bit_189|fp_bit_190|fp_bit_191|fp_bit_192|fp_bit_193|fp_bit_194|fp_bit_195|fp_bit_196|fp_bit_197|fp_bit_198|fp_bit_199|fp_bit_200|fp_bit_201|fp_bit_202|fp_bit_203|fp_bit_204|fp_bit_205|fp_bit_206|fp_bit_207|fp_bit_208|fp_bit_209|fp_bit_210|fp_bit_211|fp_bit_212|fp_bit_213|fp_bit_215|fp_bit_216|fp_bit_217|fp_bit_218|fp_bit_219|fp_bit_220|fp_bit_221|fp_bit_222|fp_bit_223|fp_bit_224|fp_bit_225|fp_bit_226|fp_bit_227|fp_bit_228|fp_bit_229|fp_bit_230|fp_bit_231|fp_bit_232|fp_bit_233|fp_bit_234|fp_bit_235|fp_bit_236|fp_bit_237|fp_bit_238|fp_bit_239|fp_bit_240|fp_bit_241|fp_bit_242|fp_bit_243|fp_bit_244|fp_bit_245|fp_bit_246|fp_bit_247|fp_bit_248|fp_bit_249|fp_bit_250|fp_bit_251|fp_bit_252|fp_bit_253|fp_bit_254|fp_bit_255|fp_bit_256|fp_bit_257|fp_bit_258|fp_bit_259|fp_bit_260|fp_bit_261|fp_bit_262|fp_bit_263|fp_bit_264|fp_bit_265|fp_bit_266|fp_bit_267|fp_bit_268|fp_bit_269|fp_bit_270|fp_bit_271|fp_bit_272|fp_bit_273|fp_bit_274|fp_bit_275|fp_bit_276|fp_bit_277|fp_bit_278|fp_bit_279|fp_bit_280|fp_bit_281|fp_bit_282|fp_bit_283|fp_bit_284|fp_bit_285|fp_bit_286|fp_bit_287|fp_bit_289|fp_bit_290|fp_bit_291|fp_bit_292|fp_bit_293|fp_bit_294|fp_bit_295|fp_bit_296|fp_bit_297|fp_bit_298|fp_bit_299|fp_bit_300|fp_bit_301|fp_bit_302|fp_bit_303|fp_bit_304|fp_bit_305|fp_bit_306|fp_bit_307|fp_bit_308|fp_bit_309|fp_bit_310|fp_bit_311|fp_bit_312|fp_bit_313|fp_bit_314|fp_bit_315|fp_bit_316|fp_bit_317|fp_bit_318|fp_bit_319|fp_bit_320|fp_bit_321|fp_bit_322|fp_bit_323|fp_bit_324|fp_bit_325|fp_bit_326|fp_bit_327|fp_bit_328|fp_bit_329|fp_bit_330|fp_bit_331|fp_bit_332|fp_bit_333|fp_bit_334|fp_bit_335|fp_bit_336|fp_bit_337|fp_bit_338|fp_bit_339|fp_bit_340|fp_bit_341|fp_bit_342|fp_bit_343|fp_bit_344|fp_bit_345|fp_bit_347|fp_bit_348|fp_bit_349|fp_bit_350|fp_bit_351|fp_bit_352|fp_bit_353|fp_bit_354|fp_bit_355|fp_bit_356|fp_bit_357|fp_bit_358|fp_bit_359|fp_bit_360|fp_bit_361|fp_bit_362|fp_bit_363|fp_bit_364|fp_bit_365|fp_bit_366|fp_bit_367|fp_bit_368|fp_bit_369|fp_bit_370|fp_bit_371|fp_bit_372|fp_bit_373|fp_bit_374|fp_bit_375|fp_bit_376|fp_bit_377|fp_bit_378|fp_bit_379|fp_bit_380|fp_bit_381|fp_bit_382|fp_bit_383|fp_bit_384|fp_bit_385|fp_bit_386|fp_bit_387|fp_bit_388|fp_bit_389|fp_bit_390|fp_bit_391|fp_bit_392|fp_bit_393|fp_bit_394|fp_bit_395|fp_bit_396|fp_bit_397|fp_bit_398|fp_bit_399|fp_bit_400|fp_bit_401|fp_bit_402|fp_bit_403|fp_bit_404|fp_bit_405|fp_bit_406|fp_bit_407|fp_bit_408|fp_bit_409|fp_bit_411|fp_bit_412|fp_bit_413|fp_bit_414|fp_bit_415|fp_bit_416|fp_bit_417|fp_bit_418|fp_bit_419|fp_bit_420|fp_bit_421|fp_bit_422|fp_bit_423|fp_bit_424|fp_bit_425|fp_bit_426|fp_bit_427|fp_bit_428|fp_bit_429|fp_bit_430|fp_bit_431|fp_bit_432|fp_bit_433|fp_bit_434|fp_bit_435|fp_bit_437|fp_bit_438|fp_bit_439|fp_bit_440|fp_bit_441|fp_bit_442|fp_bit_443|fp_bit_444|fp_bit_445|fp_bit_446|fp_bit_447|fp_bit_448|fp_bit_449|fp_bit_450|fp_bit_451|fp_bit_452|fp_bit_453|fp_bit_454|fp_bit_455|fp_bit_456|fp_bit_457|fp_bit_458|fp_bit_459|fp_bit_460|fp_bit_461|fp_bit_462|fp_bit_463|fp_bit_464|fp_bit_465|fp_bit_466|fp_bit_467|fp_bit_468|fp_bit_469|fp_bit_470|fp_bit_471|fp_bit_472|fp_bit_473|fp_bit_474|fp_bit_475|fp_bit_476|fp_bit_477|fp_bit_478|fp_bit_479|fp_bit_480|fp_bit_481|fp_bit_482|fp_bit_483|fp_bit_484|fp_bit_485|fp_bit_486|fp_bit_487|fp_bit_488|fp_bit_489|fp_bit_490|fp_bit_491|fp_bit_492|fp_bit_493|fp_bit_494|fp_bit_495|fp_bit_496|fp_bit_497|fp_bit_499|fp_bit_500|fp_bit_501|fp_bit_502|fp_bit_503|fp_bit_504|fp_bit_505|fp_bit_506|fp_bit_507|fp_bit_508|fp_bit_509|fp_bit_510|fp_bit_511|fp_bit_512|fp_bit_513|fp_bit_514|fp_bit_516|fp_bit_517|fp_bit_518|fp_bit_519|fp_bit_520|fp_bit_521|fp_bit_522|fp_bit_523|fp_bit_524|fp_bit_525|fp_bit_526|fp_bit_527|fp_bit_528|fp_bit_529|fp_bit_530|fp_bit_531|fp_bit_532|fp_bit_533|fp_bit_534|fp_bit_535|fp_bit_536|fp_bit_537|fp_bit_538|fp_bit_540|fp_bit_541|fp_bit_542|fp_bit_543|fp_bit_544|fp_bit_545|fp_bit_546|fp_bit_547|fp_bit_548|fp_bit_549|fp_bit_550|fp_bit_551|fp_bit_552|fp_bit_553|fp_bit_554|fp_bit_555|fp_bit_556|fp_bit_557|fp_bit_558|fp_bit_559|fp_bit_560|fp_bit_561|fp_bit_562|fp_bit_563|fp_bit_564|fp_bit_565|fp_bit_566|fp_bit_567|fp_bit_568|fp_bit_569|fp_bit_570|fp_bit_572|fp_bit_573|fp_bit_574|fp_bit_575|fp_bit_576|fp_bit_578|fp_bit_579|fp_bit_580|fp_bit_581|fp_bit_582|fp_bit_583|fp_bit_584|fp_bit_585|fp_bit_586|fp_bit_587|fp_bit_588|fp_bit_589|fp_bit_590|fp_bit_591|fp_bit_592|fp_bit_593|fp_bit_594|fp_bit_595|fp_bit_596|fp_bit_597|fp_bit_598|fp_bit_599|fp_bit_600|fp_bit_601|fp_bit_602|fp_bit_603|fp_bit_604|fp_bit_605|fp_bit_606|fp_bit_607|fp_bit_608|fp_bit_609|fp_bit_610|fp_bit_611|fp_bit_612|fp_bit_613|fp_bit_614|fp_bit_615|fp_bit_616|fp_bit_617|fp_bit_618|fp_bit_619|fp_bit_620|fp_bit_621|fp_bit_622|fp_bit_623|fp_bit_624|fp_bit_625|fp_bit_626|fp_bit_627|fp_bit_628|fp_bit_629|fp_bit_630|fp_bit_631|fp_bit_632|fp_bit_633|fp_bit_634|fp_bit_635|fp_bit_636|fp_bit_637|fp_bit_638|fp_bit_639|fp_bit_640|fp_bit_641|fp_bit_642|fp_bit_643|fp_bit_644|fp_bit_645|fp_bit_646|fp_bit_647|fp_bit_648|fp_bit_649|fp_bit_650|fp_bit_651|fp_bit_652|fp_bit_653|fp_bit_654|fp_bit_655|fp_bit_656|fp_bit_657|fp_bit_658|fp_bit_659|fp_bit_660|fp_bit_661|fp_bit_662|fp_bit_663|fp_bit_664|fp_bit_665|fp_bit_666|fp_bit_667|fp_bit_668|fp_bit_669|fp_bit_670|fp_bit_672|fp_bit_673|fp_bit_674|fp_bit_675|fp_bit_676|fp_bit_677|fp_bit_678|fp_bit_679|fp_bit_680|fp_bit_681|fp_bit_682|fp_bit_683|fp_bit_684|fp_bit_685|fp_bit_686|fp_bit_687|fp_bit_688|fp_bit_689|fp_bit_690|fp_bit_691|fp_bit_692|fp_bit_693|fp_bit_694|fp_bit_695|fp_bit_696|fp_bit_697|fp_bit_698|fp_bit_699|fp_bit_700|fp_bit_701|fp_bit_702|fp_bit_703|fp_bit_704|fp_bit_705|fp_bit_706|fp_bit_707|fp_bit_708|fp_bit_710|fp_bit_711|fp_bit_712|fp_bit_713|fp_bit_714|fp_bit_715|fp_bit_716|fp_bit_717|fp_bit_718|fp_bit_719|fp_bit_720|fp_bit_721|fp_bit_722|fp_bit_723|fp_bit_724|fp_bit_725|fp_bit_726|fp_bit_727|fp_bit_728|fp_bit_729|fp_bit_730|fp_bit_731|fp_bit_732|fp_bit_733|fp_bit_734|fp_bit_735|fp_bit_736|fp_bit_737|fp_bit_738|fp_bit_739|fp_bit_740|fp_bit_741|fp_bit_742|fp_bit_743|fp_bit_744|fp_bit_745|fp_bit_746|fp_bit_747|fp_bit_748|fp_bit_749|fp_bit_750|fp_bit_751|fp_bit_752|fp_bit_753|fp_bit_754|fp_bit_755|fp_bit_756|fp_bit_757|fp_bit_758|fp_bit_759|fp_bit_760|fp_bit_761|fp_bit_762|fp_bit_763|fp_bit_764|fp_bit_765|fp_bit_766|fp_bit_767|fp_bit_768|fp_bit_769|fp_bit_770|fp_bit_771|fp_bit_772|fp_bit_773|fp_bit_774|fp_bit_775|fp_bit_776|fp_bit_778|fp_bit_779|fp_bit_780|fp_bit_781|fp_bit_782|fp_bit_783|fp_bit_784|fp_bit_785|fp_bit_786|fp_bit_787|fp_bit_788|fp_bit_789|fp_bit_790|fp_bit_791|fp_bit_794|fp_bit_795|fp_bit_796|fp_bit_797|fp_bit_798|fp_bit_799|fp_bit_800|fp_bit_801|fp_bit_802|fp_bit_803|fp_bit_804|fp_bit_805|fp_bit_806|fp_bit_807|fp_bit_808|fp_bit_809|fp_bit_810|fp_bit_811|fp_bit_812|fp_bit_814|fp_bit_815|fp_bit_816|fp_bit_817|fp_bit_818|fp_bit_819|fp_bit_820|fp_bit_821|fp_bit_822|fp_bit_823|fp_bit_824|fp_bit_825|fp_bit_826|fp_bit_827|fp_bit_828|fp_bit_829|fp_bit_830|fp_bit_831|fp_bit_832|fp_bit_833|fp_bit_834|fp_bit_835|fp_bit_836|fp_bit_837|fp_bit_838|fp_bit_839|fp_bit_840|fp_bit_841|fp_bit_842|fp_bit_843|fp_bit_844|fp_bit_845|fp_bit_846|fp_bit_847|fp_bit_848|fp_bit_849|fp_bit_850|fp_bit_851|fp_bit_852|fp_bit_853|fp_bit_854|fp_bit_855|fp_bit_856|fp_bit_857|fp_bit_858|fp_bit_859|fp_bit_860|fp_bit_861|fp_bit_862|fp_bit_863|fp_bit_864|fp_bit_865|fp_bit_867|fp_bit_868|fp_bit_869|fp_bit_870|fp_bit_871|fp_bit_872|fp_bit_873|fp_bit_874|fp_bit_875|fp_bit_876|fp_bit_877|fp_bit_878|fp_bit_879|fp_bit_880|fp_bit_881|fp_bit_882|fp_bit_883|fp_bit_884|fp_bit_885|fp_bit_886|fp_bit_887|fp_bit_888|fp_bit_889|fp_bit_890|fp_bit_891|fp_bit_892|fp_bit_893|fp_bit_894|fp_bit_895|fp_bit_896|fp_bit_897|fp_bit_898|fp_bit_899|fp_bit_900|fp_bit_901|fp_bit_902|fp_bit_903|fp_bit_904|fp_bit_905|fp_bit_906|fp_bit_907|fp_bit_908|fp_bit_909|fp_bit_910|fp_bit_911|fp_bit_912|fp_bit_913|fp_bit_914|fp_bit_915|fp_bit_916|fp_bit_917|fp_bit_918|fp_bit_919|fp_bit_921|fp_bit_922|fp_bit_923|fp_bit_924|fp_bit_925|fp_bit_926|fp_bit_927|fp_bit_928|fp_bit_929|fp_bit_930|fp_bit_931|fp_bit_932|fp_bit_934|fp_bit_935|fp_bit_936|fp_bit_937|fp_bit_938|fp_bit_939|fp_bit_940|fp_bit_941|fp_bit_942|fp_bit_943|fp_bit_944|fp_bit_945|fp_bit_946|fp_bit_947|fp_bit_948|fp_bit_949|fp_bit_950|fp_bit_951|fp_bit_952|fp_bit_953|fp_bit_954|fp_bit_955|fp_bit_956|fp_bit_957|fp_bit_958|fp_bit_959|fp_bit_960|fp_bit_961|fp_bit_962|fp_bit_963|fp_bit_964|fp_bit_965|fp_bit_966|fp_bit_967|fp_bit_968|fp_bit_970|fp_bit_971|fp_bit_973|fp_bit_974|fp_bit_975|fp_bit_976|fp_bit_977|fp_bit_978|fp_bit_979|fp_bit_980|fp_bit_981|fp_bit_983|fp_bit_984|fp_bit_985|fp_bit_986|fp_bit_987|fp_bit_988|fp_bit_989|fp_bit_990|fp_bit_991|fp_bit_992|fp_bit_993|fp_bit_994|fp_bit_995|fp_bit_996|fp_bit_997|fp_bit_998|fp_bit_999|fp_bit_1000|fp_bit_1001|fp_bit_1002|fp_bit_1003|fp_bit_1004|fp_bit_1005|fp_bit_1006|fp_bit_1007|fp_bit_1008|fp_bit_1009|fp_bit_1010|fp_bit_1011|fp_bit_1012|fp_bit_1013|fp_bit_1014|fp_bit_1015|fp_bit_1016|fp_bit_1017|fp_bit_1018|fp_bit_1019|fp_bit_1020|fp_bit_1021|fp_bit_1022|fp_bit_1023|fp_bit_1024|fp_bit_1025|fp_bit_1026|fp_bit_1027|fp_bit_1028|fp_bit_1029|fp_bit_1031|fp_bit_1032|fp_bit_1033|fp_bit_1034|fp_bit_1035|fp_bit_1036|fp_bit_1037|fp_bit_1038|fp_bit_1039|fp_bit_1040|fp_bit_1041|fp_bit_1042|fp_bit_1043|fp_bit_1044|fp_bit_1045|fp_bit_1046|fp_bit_1047|fp_bit_1048|fp_bit_1049|fp_bit_1050|fp_bit_1051|fp_bit_1052|fp_bit_1053|fp_bit_1054|fp_bit_1055|fp_bit_1056|fp_bit_1057|fp_bit_1058|fp_bit_1059|fp_bit_1060|fp_bit_1061|fp_bit_1062|fp_bit_1063|fp_bit_1064|fp_bit_1065|fp_bit_1066|fp_bit_1067|fp_bit_1068|fp_bit_1069|fp_bit_1070|fp_bit_1071|fp_bit_1072|fp_bit_1073|fp_bit_1074|fp_bit_1075|fp_bit_1076|fp_bit_1077|fp_bit_1078|fp_bit_1079|fp_bit_1080|fp_bit_1081|fp_bit_1082|fp_bit_1083|fp_bit_1084|fp_bit_1085|fp_bit_1086|fp_bit_1087|fp_bit_1088|fp_bit_1089|fp_bit_1090|fp_bit_1091|fp_bit_1092|fp_bit_1093|fp_bit_1095|fp_bit_1096|fp_bit_1097|fp_bit_1098|fp_bit_1099|fp_bit_1100|fp_bit_1101|fp_bit_1102|fp_bit_1103|fp_bit_1104|fp_bit_1105|fp_bit_1106|fp_bit_1107|fp_bit_1109|fp_bit_1110|fp_bit_1111|fp_bit_1112|fp_bit_1113|fp_bit_1114|fp_bit_1115|fp_bit_1116|fp_bit_1117|fp_bit_1118|fp_bit_1119|fp_bit_1120|fp_bit_1121|fp_bit_1122|fp_bit_1123|fp_bit_1124|fp_bit_1125|fp_bit_1126|fp_bit_1127|fp_bit_1128|fp_bit_1129|fp_bit_1130|fp_bit_1131|fp_bit_1132|fp_bit_1133|fp_bit_1134|fp_bit_1135|fp_bit_1136|fp_bit_1137|fp_bit_1138|fp_bit_1139|fp_bit_1140|fp_bit_1141|fp_bit_1142|fp_bit_1143|fp_bit_1144|fp_bit_1145|fp_bit_1146|fp_bit_1147|fp_bit_1148|fp_bit_1149|fp_bit_1150|fp_bit_1152|fp_bit_1153|fp_bit_1154|fp_bit_1155|fp_bit_1156|fp_bit_1157|fp_bit_1158|fp_bit_1160|fp_bit_1162|fp_bit_1163|fp_bit_1164|fp_bit_1165|fp_bit_1167|fp_bit_1168|fp_bit_1169|fp_bit_1170|fp_bit_1171|fp_bit_1172|fp_bit_1173|fp_bit_1174|fp_bit_1175|fp_bit_1176|fp_bit_1177|fp_bit_1179|fp_bit_1180|fp_bit_1181|fp_bit_1182|fp_bit_1183|fp_bit_1184|fp_bit_1185|fp_bit_1186|fp_bit_1187|fp_bit_1188|fp_bit_1189|fp_bit_1190|fp_bit_1191|fp_bit_1192|fp_bit_1193|fp_bit_1194|fp_bit_1195|fp_bit_1196|fp_bit_1197|fp_bit_1198|fp_bit_1199|fp_bit_1200|fp_bit_1201|fp_bit_1202|fp_bit_1203|fp_bit_1205|fp_bit_1206|fp_bit_1207|fp_bit_1208|fp_bit_1209|fp_bit_1210|fp_bit_1211|fp_bit_1212|fp_bit_1213|fp_bit_1214|fp_bit_1215|fp_bit_1216|fp_bit_1217|fp_bit_1218|fp_bit_1219|fp_bit_1220|fp_bit_1221|fp_bit_1222|fp_bit_1223|fp_bit_1224|fp_bit_1225|fp_bit_1226|fp_bit_1227|fp_bit_1228|fp_bit_1229|fp_bit_1230|fp_bit_1231|fp_bit_1232|fp_bit_1233|fp_bit_1234|fp_bit_1235|fp_bit_1236|fp_bit_1237|fp_bit_1238|fp_bit_1239|fp_bit_1240|fp_bit_1241|fp_bit_1242|fp_bit_1243|fp_bit_1244|fp_bit_1245|fp_bit_1246|fp_bit_1247|fp_bit_1248|fp_bit_1249|fp_bit_1250|fp_bit_1251|fp_bit_1252|fp_bit_1253|fp_bit_1254|fp_bit_1255|fp_bit_1256|fp_bit_1257|fp_bit_1258|fp_bit_1259|fp_bit_1260|fp_bit_1261|fp_bit_1262|fp_bit_1263|fp_bit_1264|fp_bit_1265|fp_bit_1266|fp_bit_1267|fp_bit_1268|fp_bit_1269|fp_bit_1270|fp_bit_1271|fp_bit_1272|fp_bit_1273|fp_bit_1274|fp_bit_1275|fp_bit_1276|fp_bit_1277|fp_bit_1278|fp_bit_1279|fp_bit_1280|fp_bit_1281|fp_bit_1282|fp_bit_1283|fp_bit_1284|fp_bit_1285|fp_bit_1286|fp_bit_1287|fp_bit_1288|fp_bit_1289|fp_bit_1290|fp_bit_1291|fp_bit_1292|fp_bit_1293|fp_bit_1294|fp_bit_1295|fp_bit_1296|fp_bit_1297|fp_bit_1298|fp_bit_1299|fp_bit_1300|fp_bit_1301|fp_bit_1302|fp_bit_1303|fp_bit_1304|fp_bit_1305|fp_bit_1306|fp_bit_1307|fp_bit_1308|fp_bit_1309|fp_bit_1310|fp_bit_1311|fp_bit_1312|fp_bit_1313|fp_bit_1314|fp_bit_1317|fp_bit_1318|fp_bit_1319|fp_bit_1321|fp_bit_1322|fp_bit_1323|fp_bit_1324|fp_bit_1325|fp_bit_1326|fp_bit_1327|fp_bit_1328|fp_bit_1329|fp_bit_1330|fp_bit_1331|fp_bit_1332|fp_bit_1333|fp_bit_1334|fp_bit_1335|fp_bit_1336|fp_bit_1337|fp_bit_1338|fp_bit_1339|fp_bit_1340|fp_bit_1341|fp_bit_1342|fp_bit_1343|fp_bit_1344|fp_bit_1345|fp_bit_1346|fp_bit_1347|fp_bit_1348|fp_bit_1349|fp_bit_1350|fp_bit_1351|fp_bit_1352|fp_bit_1353|fp_bit_1355|fp_bit_1356|fp_bit_1357|fp_bit_1358|fp_bit_1359|fp_bit_1360|fp_bit_1361|fp_bit_1362|fp_bit_1363|fp_bit_1364|fp_bit_1365|fp_bit_1366|fp_bit_1367|fp_bit_1368|fp_bit_1369|fp_bit_1370|fp_bit_1372|fp_bit_1373|fp_bit_1374|fp_bit_1375|fp_bit_1376|fp_bit_1377|fp_bit_1378|fp_bit_1379|fp_bit_1380|fp_bit_1381|fp_bit_1382|fp_bit_1383|fp_bit_1384|fp_bit_1385|fp_bit_1386|fp_bit_1387|fp_bit_1388|fp_bit_1389|fp_bit_1390|fp_bit_1391|fp_bit_1392|fp_bit_1393|fp_bit_1394|fp_bit_1395|fp_bit_1396|fp_bit_1397|fp_bit_1398|fp_bit_1399|fp_bit_1400|fp_bit_1401|fp_bit_1402|fp_bit_1403|fp_bit_1404|fp_bit_1405|fp_bit_1406|fp_bit_1407|fp_bit_1409|fp_bit_1410|fp_bit_1411|fp_bit_1412|fp_bit_1413|fp_bit_1414|fp_bit_1415|fp_bit_1416|fp_bit_1417|fp_bit_1418|fp_bit_1419|fp_bit_1420|fp_bit_1421|fp_bit_1422|fp_bit_1423|fp_bit_1424|fp_bit_1425|fp_bit_1426|fp_bit_1427|fp_bit_1428|fp_bit_1429|fp_bit_1430|fp_bit_1431|fp_bit_1432|fp_bit_1433|fp_bit_1434|fp_bit_1435|fp_bit_1436|fp_bit_1437|fp_bit_1438|fp_bit_1439|fp_bit_1440|fp_bit_1441|fp_bit_1442|fp_bit_1443|fp_bit_1444|fp_bit_1445|fp_bit_1446|fp_bit_1447|fp_bit_1448|fp_bit_1449|fp_bit_1450|fp_bit_1451|fp_bit_1452|fp_bit_1453|fp_bit_1454|fp_bit_1455|fp_bit_1456|fp_bit_1457|fp_bit_1458|fp_bit_1459|fp_bit_1460|fp_bit_1461|fp_bit_1462|fp_bit_1463|fp_bit_1464|fp_bit_1465|fp_bit_1466|fp_bit_1467|fp_bit_1468|fp_bit_1469|fp_bit_1470|fp_bit_1471|fp_bit_1472|fp_bit_1473|fp_bit_1474|fp_bit_1475|fp_bit_1476|fp_bit_1477|fp_bit_1478|fp_bit_1479|fp_bit_1480|fp_bit_1481|fp_bit_1482|fp_bit_1483|fp_bit_1484|fp_bit_1485|fp_bit_1487|fp_bit_1488|fp_bit_1489|fp_bit_1490|fp_bit_1491|fp_bit_1492|fp_bit_1493|fp_bit_1494|fp_bit_1495|fp_bit_1496|fp_bit_1497|fp_bit_1498|fp_bit_1499|fp_bit_1500|fp_bit_1501|fp_bit_1502|fp_bit_1503|fp_bit_1505|fp_bit_1506|fp_bit_1507|fp_bit_1508|fp_bit_1509|fp_bit_1510|fp_bit_1511|fp_bit_1512|fp_bit_1513|fp_bit_1514|fp_bit_1515|fp_bit_1516|fp_bit_1517|fp_bit_1518|fp_bit_1519|fp_bit_1520|fp_bit_1521|fp_bit_1522|fp_bit_1523|fp_bit_1524|fp_bit_1525|fp_bit_1526|fp_bit_1527|fp_bit_1528|fp_bit_1529|fp_bit_1530|fp_bit_1531|fp_bit_1532|fp_bit_1533|fp_bit_1534|fp_bit_1535|fp_bit_1536|fp_bit_1537|fp_bit_1538|fp_bit_1539|fp_bit_1540|fp_bit_1542|fp_bit_1543|fp_bit_1544|fp_bit_1545|fp_bit_1546|fp_bit_1547|fp_bit_1548|fp_bit_1549|fp_bit_1550|fp_bit_1551|fp_bit_1552|fp_bit_1553|fp_bit_1554|fp_bit_1555|fp_bit_1556|fp_bit_1557|fp_bit_1558|fp_bit_1559|fp_bit_1560|fp_bit_1561|fp_bit_1562|fp_bit_1563|fp_bit_1564|fp_bit_1565|fp_bit_1566|fp_bit_1567|fp_bit_1568|fp_bit_1569|fp_bit_1570|fp_bit_1571|fp_bit_1572|fp_bit_1573|fp_bit_1574|fp_bit_1575|fp_bit_1576|fp_bit_1577|fp_bit_1578|fp_bit_1579|fp_bit_1580|fp_bit_1581|fp_bit_1582|fp_bit_1583|fp_bit_1584|fp_bit_1585|fp_bit_1586|fp_bit_1587|fp_bit_1588|fp_bit_1589|fp_bit_1590|fp_bit_1591|fp_bit_1592|fp_bit_1593|fp_bit_1594|fp_bit_1595|fp_bit_1597|fp_bit_1598|fp_bit_1599|fp_bit_1600|fp_bit_1601|fp_bit_1602|fp_bit_1603|fp_bit_1604|fp_bit_1605|fp_bit_1606|fp_bit_1607|fp_bit_1608|fp_bit_1609|fp_bit_1610|fp_bit_1611|fp_bit_1612|fp_bit_1613|fp_bit_1614|fp_bit_1615|fp_bit_1616|fp_bit_1617|fp_bit_1618|fp_bit_1619|fp_bit_1620|fp_bit_1621|fp_bit_1622|fp_bit_1623|fp_bit_1624|fp_bit_1625|fp_bit_1626|fp_bit_1627|fp_bit_1628|fp_bit_1629|fp_bit_1630|fp_bit_1631|fp_bit_1632|fp_bit_1633|fp_bit_1634|fp_bit_1635|fp_bit_1636|fp_bit_1637|fp_bit_1638|fp_bit_1639|fp_bit_1640|fp_bit_1641|fp_bit_1642|fp_bit_1643|fp_bit_1644|fp_bit_1645|fp_bit_1646|fp_bit_1647|fp_bit_1648|fp_bit_1649|fp_bit_1650|fp_bit_1651|fp_bit_1652|fp_bit_1653|fp_bit_1654|fp_bit_1655|fp_bit_1656|fp_bit_1657|fp_bit_1658|fp_bit_1659|fp_bit_1660|fp_bit_1661|fp_bit_1663|fp_bit_1664|fp_bit_1665|fp_bit_1666|fp_bit_1667|fp_bit_1668|fp_bit_1669|fp_bit_1670|fp_bit_1671|fp_bit_1672|fp_bit_1673|fp_bit_1674|fp_bit_1675|fp_bit_1676|fp_bit_1677|fp_bit_1678|fp_bit_1679|fp_bit_1680|fp_bit_1681|fp_bit_1682|fp_bit_1683|fp_bit_1684|fp_bit_1685|fp_bit_1686|fp_bit_1687|fp_bit_1688|fp_bit_1689|fp_bit_1690|fp_bit_1691|fp_bit_1692|fp_bit_1693|fp_bit_1694|fp_bit_1695|fp_bit_1696|fp_bit_1697|fp_bit_1698|fp_bit_1699|fp_bit_1700|fp_bit_1701|fp_bit_1704|fp_bit_1705|fp_bit_1706|fp_bit_1707|fp_bit_1708|fp_bit_1709|fp_bit_1710|fp_bit_1711|fp_bit_1712|fp_bit_1713|fp_bit_1714|fp_bit_1715|fp_bit_1716|fp_bit_1717|fp_bit_1718|fp_bit_1719|fp_bit_1720|fp_bit_1721|fp_bit_1722|fp_bit_1723|fp_bit_1724|fp_bit_1725|fp_bit_1726|fp_bit_1727|fp_bit_1728|fp_bit_1729|fp_bit_1730|fp_bit_1731|fp_bit_1732|fp_bit_1733|fp_bit_1734|fp_bit_1735|fp_bit_1736|fp_bit_1737|fp_bit_1738|fp_bit_1739|fp_bit_1740|fp_bit_1741|fp_bit_1742|fp_bit_1743|fp_bit_1744|fp_bit_1745|fp_bit_1746|fp_bit_1747|fp_bit_1748|fp_bit_1749|fp_bit_1750|fp_bit_1751|fp_bit_1752|fp_bit_1753|fp_bit_1754|fp_bit_1755|fp_bit_1756|fp_bit_1757|fp_bit_1758|fp_bit_1759|fp_bit_1760|fp_bit_1761|fp_bit_1762|fp_bit_1763|fp_bit_1764|fp_bit_1765|fp_bit_1766|fp_bit_1767|fp_bit_1768|fp_bit_1769|fp_bit_1770|fp_bit_1771|fp_bit_1772|fp_bit_1773|fp_bit_1775|fp_bit_1776|fp_bit_1777|fp_bit_1778|fp_bit_1779|fp_bit_1780|fp_bit_1781|fp_bit_1782|fp_bit_1783|fp_bit_1784|fp_bit_1785|fp_bit_1786|fp_bit_1787|fp_bit_1788|fp_bit_1789|fp_bit_1790|fp_bit_1791|fp_bit_1792|fp_bit_1793|fp_bit_1794|fp_bit_1795|fp_bit_1796|fp_bit_1797|fp_bit_1798|fp_bit_1799|fp_bit_1800|fp_bit_1801|fp_bit_1802|fp_bit_1803|fp_bit_1804|fp_bit_1805|fp_bit_1806|fp_bit_1807|fp_bit_1808|fp_bit_1809|fp_bit_1810|fp_bit_1811|fp_bit_1812|fp_bit_1814|fp_bit_1815|fp_bit_1816|fp_bit_1817|fp_bit_1818|fp_bit_1819|fp_bit_1820|fp_bit_1821|fp_bit_1822|fp_bit_1823|fp_bit_1824|fp_bit_1825|fp_bit_1827|fp_bit_1828|fp_bit_1829|fp_bit_1831|fp_bit_1832|fp_bit_1833|fp_bit_1834|fp_bit_1835|fp_bit_1837|fp_bit_1838|fp_bit_1839|fp_bit_1840|fp_bit_1841|fp_bit_1842|fp_bit_1843|fp_bit_1844|fp_bit_1845|fp_bit_1846|fp_bit_1847|fp_bit_1848|fp_bit_1849|fp_bit_1850|fp_bit_1851|fp_bit_1852|fp_bit_1853|fp_bit_1854|fp_bit_1855|fp_bit_1856|fp_bit_1857|fp_bit_1858|fp_bit_1859|fp_bit_1860|fp_bit_1861|fp_bit_1862|fp_bit_1863|fp_bit_1864|fp_bit_1865|fp_bit_1866|fp_bit_1867|fp_bit_1868|fp_bit_1869|fp_bit_1870|fp_bit_1871|fp_bit_1872|fp_bit_1873|fp_bit_1874|fp_bit_1875|fp_bit_1876|fp_bit_1877|fp_bit_1878|fp_bit_1879|fp_bit_1881|fp_bit_1882|fp_bit_1883|fp_bit_1884|fp_bit_1885|fp_bit_1886|fp_bit_1887|fp_bit_1888|fp_bit_1889|fp_bit_1891|fp_bit_1892|fp_bit_1893|fp_bit_1895|fp_bit_1896|fp_bit_1897|fp_bit_1898|fp_bit_1899|fp_bit_1900|fp_bit_1901|fp_bit_1902|fp_bit_1903|fp_bit_1904|fp_bit_1905|fp_bit_1906|fp_bit_1907|fp_bit_1908|fp_bit_1909|fp_bit_1910|fp_bit_1911|fp_bit_1912|fp_bit_1913|fp_bit_1914|fp_bit_1915|fp_bit_1916|fp_bit_1917|fp_bit_1918|fp_bit_1919|fp_bit_1920|fp_bit_1921|fp_bit_1922|fp_bit_1923|fp_bit_1924|fp_bit_1925|fp_bit_1926|fp_bit_1927|fp_bit_1928|fp_bit_1929|fp_bit_1930|fp_bit_1932|fp_bit_1934|fp_bit_1935|fp_bit_1936|fp_bit_1937|fp_bit_1938|fp_bit_1939|fp_bit_1940|fp_bit_1941|fp_bit_1942|fp_bit_1943|fp_bit_1944|fp_bit_1945|fp_bit_1946|fp_bit_1948|fp_bit_1949|fp_bit_1950|fp_bit_1951|fp_bit_1952|fp_bit_1953|fp_bit_1954|fp_bit_1955|fp_bit_1956|fp_bit_1957|fp_bit_1958|fp_bit_1959|fp_bit_1960|fp_bit_1961|fp_bit_1962|fp_bit_1963|fp_bit_1964|fp_bit_1965|fp_bit_1966|fp_bit_1967|fp_bit_1968|fp_bit_1969|fp_bit_1970|fp_bit_1971|fp_bit_1972|fp_bit_1974|fp_bit_1975|fp_bit_1976|fp_bit_1977|fp_bit_1978|fp_bit_1979|fp_bit_1980|fp_bit_1981|fp_bit_1982|fp_bit_1983|fp_bit_1984|fp_bit_1985|fp_bit_1986|fp_bit_1987|fp_bit_1988|fp_bit_1989|fp_bit_1990|fp_bit_1991|fp_bit_1992|fp_bit_1993|fp_bit_1994|fp_bit_1995|fp_bit_1996|fp_bit_1997|fp_bit_1998|fp_bit_1999|fp_bit_2000|fp_bit_2001|fp_bit_2002|fp_bit_2003|fp_bit_2004|fp_bit_2005|fp_bit_2006|fp_bit_2007|fp_bit_2008|fp_bit_2009|fp_bit_2010|fp_bit_2011|fp_bit_2012|fp_bit_2013|fp_bit_2014|fp_bit_2016|fp_bit_2017|fp_bit_2018|fp_bit_2019|fp_bit_2020|fp_bit_2021|fp_bit_2022|fp_bit_2023|fp_bit_2024|fp_bit_2025|fp_bit_2026|fp_bit_2027|fp_bit_2028|fp_bit_2029|fp_bit_2030|fp_bit_2031|fp_bit_2032|fp_bit_2033|fp_bit_2034|fp_bit_2035|fp_bit_2036|fp_bit_2037|fp_bit_2038|fp_bit_2039|fp_bit_2040|fp_bit_2041|fp_bit_2042|fp_bit_2043|fp_bit_2044|fp_bit_2045|fp_bit_2046|fp_bit_2047
SVM,Morgan FP,1984,0.94,0.914,0.9307,0.9775,0.914,0.9217,0.8965,0.8499,0.7544,0.8217,0.9441,0.7544,0.7848,0.7358,CorrelationFilter,fp_bit_0|fp_bit_1|fp_bit_2|fp_bit_3|fp_bit_4|fp_bit_5|fp_bit_6|fp_bit_7|fp_bit_8|fp_bit_9|fp_bit_10|fp_bit_11|fp_bit_12|fp_bit_13|fp_bit_14|fp_bit_15|fp_bit_16|fp_bit_17|fp_bit_18|fp_bit_19|fp_bit_20|fp_bit_21|fp_bit_22|fp_bit_23|fp_bit_24|fp_bit_25|fp_bit_26|fp_bit_27|fp_bit_28|fp_bit_29|fp_bit_30|fp_bit_31|fp_bit_32|fp_bit_33|fp_bit_34|fp_bit_35|fp_bit_36|fp_bit_37|fp_bit_38|fp_bit_39|fp_bit_40|fp_bit_41|fp_bit_42|fp_bit_43|fp_bit_44|fp_bit_45|fp_bit_46|fp_bit_47|fp_bit_48|fp_bit_49|fp_bit_50|fp_bit_51|fp_bit_52|fp_bit_53|fp_bit_54|fp_bit_55|fp_bit_56|fp_bit_57|fp_bit_58|fp_bit_59|fp_bit_60|fp_bit_61|fp_bit_62|fp_bit_63|fp_bit_64|fp_bit_65|fp_bit_66|fp_bit_67|fp_bit_68|fp_bit_69|fp_bit_70|fp_bit_72|fp_bit_73|fp_bit_74|fp_bit_75|fp_bit_76|fp_bit_77|fp_bit_78|fp_bit_79|fp_bit_80|fp_bit_81|fp_bit_82|fp_bit_83|fp_bit_84|fp_bit_86|fp_bit_87|fp_bit_88|fp_bit_89|fp_bit_90|fp_bit_91|fp_bit_92|fp_bit_93|fp_bit_94|fp_bit_95|fp_bit_96|fp_bit_97|fp_bit_98|fp_bit_99|fp_bit_100|fp_bit_101|fp_bit_102|fp_bit_103|fp_bit_104|fp_bit_105|fp_bit_106|fp_bit_107|fp_bit_108|fp_bit_109|fp_bit_110|fp_bit_111|fp_bit_112|fp_bit_113|fp_bit_114|fp_bit_115|fp_bit_116|fp_bit_117|fp_bit_118|fp_bit_119|fp_bit_120|fp_bit_121|fp_bit_125|fp_bit_126|fp_bit_127|fp_bit_128|fp_bit_129|fp_bit_130|fp_bit_131|fp_bit_132|fp_bit_133|fp_bit_134|fp_bit_135|fp_bit_136|fp_bit_137|fp_bit_139|fp_bit_140|fp_bit_141|fp_bit_142|fp_bit_143|fp_bit_144|fp_bit_145|fp_bit_146|fp_bit_147|fp_bit_148|fp_bit_149|fp_bit_150|fp_bit_151|fp_bit_152|fp_bit_153|fp_bit_154|fp_bit_155|fp_bit_156|fp_bit_157|fp_bit_158|fp_bit_159|fp_bit_160|fp_bit_162|fp_bit_163|fp_bit_164|fp_bit_165|fp_bit_166|fp_bit_167|fp_bit_168|fp_bit_169|fp_bit_170|fp_bit_171|fp_bit_172|fp_bit_173|fp_bit_174|fp_bit_175|fp_bit_176|fp_bit_177|fp_bit_178|fp_bit_179|fp_bit_180|fp_bit_181|fp_bit_182|fp_bit_183|fp_bit_184|fp_bit_185|fp_bit_186|fp_bit_187|fp_bit_188|fp_bit_189|fp_bit_190|fp_bit_191|fp_bit_192|fp_bit_193|fp_bit_194|fp_bit_195|fp_bit_196|fp_bit_197|fp_bit_198|fp_bit_199|fp_bit_200|fp_bit_201|fp_bit_202|fp_bit_203|fp_bit_204|fp_bit_205|fp_bit_206|fp_bit_207|fp_bit_208|fp_bit_209|fp_bit_210|fp_bit_211|fp_bit_212|fp_bit_213|fp_bit_215|fp_bit_216|fp_bit_217|fp_bit_218|fp_bit_219|fp_bit_220|fp_bit_221|fp_bit_222|fp_bit_223|fp_bit_224|fp_bit_225|fp_bit_226|fp_bit_227|fp_bit_228|fp_bit_229|fp_bit_230|fp_bit_231|fp_bit_232|fp_bit_233|fp_bit_234|fp_bit_235|fp_bit_236|fp_bit_237|fp_bit_238|fp_bit_239|fp_bit_240|fp_bit_241|fp_bit_242|fp_bit_243|fp_bit_244|fp_bit_245|fp_bit_246|fp_bit_247|fp_bit_248|fp_bit_249|fp_bit_250|fp_bit_251|fp_bit_252|fp_bit_253|fp_bit_254|fp_bit_255|fp_bit_256|fp_bit_257|fp_bit_258|fp_bit_259|fp_bit_260|fp_bit_261|fp_bit_262|fp_bit_263|fp_bit_264|fp_bit_265|fp_bit_266|fp_bit_267|fp_bit_268|fp_bit_269|fp_bit_270|fp_bit_271|fp_bit_272|fp_bit_273|fp_bit_274|fp_bit_275|fp_bit_276|fp_bit_277|fp_bit_278|fp_bit_279|fp_bit_280|fp_bit_281|fp_bit_282|fp_bit_283|fp_bit_284|fp_bit_285|fp_bit_286|fp_bit_287|fp_bit_289|fp_bit_290|fp_bit_291|fp_bit_292|fp_bit_293|fp_bit_294|fp_bit_295|fp_bit_296|fp_bit_297|fp_bit_298|fp_bit_299|fp_bit_300|fp_bit_301|fp_bit_302|fp_bit_303|fp_bit_304|fp_bit_305|fp_bit_306|fp_bit_307|fp_bit_308|fp_bit_309|fp_bit_310|fp_bit_311|fp_bit_312|fp_bit_313|fp_bit_314|fp_bit_315|fp_bit_316|fp_bit_317|fp_bit_318|fp_bit_319|fp_bit_320|fp_bit_321|fp_bit_322|fp_bit_323|fp_bit_324|fp_bit_325|fp_bit_326|fp_bit_327|fp_bit_328|fp_bit_329|fp_bit_330|fp_bit_331|fp_bit_332|fp_bit_333|fp_bit_334|fp_bit_335|fp_bit_336|fp_bit_337|fp_bit_338|fp_bit_339|fp_bit_340|fp_bit_341|fp_bit_342|fp_bit_343|fp_bit_344|fp_bit_345|fp_bit_347|fp_bit_348|fp_bit_349|fp_bit_350|fp_bit_351|fp_bit_352|fp_bit_353|fp_bit_354|fp_bit_355|fp_bit_356|fp_bit_357|fp_bit_358|fp_bit_359|fp_bit_360|fp_bit_361|fp_bit_362|fp_bit_363|fp_bit_364|fp_bit_365|fp_bit_366|fp_bit_367|fp_bit_368|fp_bit_369|fp_bit_370|fp_bit_371|fp_bit_372|fp_bit_373|fp_bit_374|fp_bit_375|fp_bit_376|fp_bit_377|fp_bit_378|fp_bit_379|fp_bit_380|fp_bit_381|fp_bit_382|fp_bit_383|fp_bit_384|fp_bit_385|fp_bit_386|fp_bit_387|fp_bit_388|fp_bit_389|fp_bit_390|fp_bit_391|fp_bit_392|fp_bit_393|fp_bit_394|fp_bit_395|fp_bit_396|fp_bit_397|fp_bit_398|fp_bit_399|fp_bit_400|fp_bit_401|fp_bit_402|fp_bit_403|fp_bit_404|fp_bit_405|fp_bit_406|fp_bit_407|fp_bit_408|fp_bit_409|fp_bit_411|fp_bit_412|fp_bit_413|fp_bit_414|fp_bit_415|fp_bit_416|fp_bit_417|fp_bit_418|fp_bit_419|fp_bit_420|fp_bit_421|fp_bit_422|fp_bit_423|fp_bit_424|fp_bit_425|fp_bit_426|fp_bit_427|fp_bit_428|fp_bit_429|fp_bit_430|fp_bit_431|fp_bit_432|fp_bit_433|fp_bit_434|fp_bit_435|fp_bit_437|fp_bit_438|fp_bit_439|fp_bit_440|fp_bit_441|fp_bit_442|fp_bit_443|fp_bit_444|fp_bit_445|fp_bit_446|fp_bit_447|fp_bit_448|fp_bit_449|fp_bit_450|fp_bit_451|fp_bit_452|fp_bit_453|fp_bit_454|fp_bit_455|fp_bit_456|fp_bit_457|fp_bit_458|fp_bit_459|fp_bit_460|fp_bit_461|fp_bit_462|fp_bit_463|fp_bit_464|fp_bit_465|fp_bit_466|fp_bit_467|fp_bit_468|fp_bit_469|fp_bit_470|fp_bit_471|fp_bit_472|fp_bit_473|fp_bit_474|fp_bit_475|fp_bit_476|fp_bit_477|fp_bit_478|fp_bit_479|fp_bit_480|fp_bit_481|fp_bit_482|fp_bit_483|fp_bit_484|fp_bit_485|fp_bit_486|fp_bit_487|fp_bit_488|fp_bit_489|fp_bit_490|fp_bit_491|fp_bit_492|fp_bit_493|fp_bit_494|fp_bit_495|fp_bit_496|fp_bit_497|fp_bit_499|fp_bit_500|fp_bit_501|fp_bit_502|fp_bit_503|fp_bit_504|fp_bit_505|fp_bit_506|fp_bit_507|fp_bit_508|fp_bit_509|fp_bit_510|fp_bit_511|fp_bit_512|fp_bit_513|fp_bit_514|fp_bit_516|fp_bit_517|fp_bit_518|fp_bit_519|fp_bit_520|fp_bit_521|fp_bit_522|fp_bit_523|fp_bit_524|fp_bit_525|fp_bit_526|fp_bit_527|fp_bit_528|fp_bit_529|fp_bit_530|fp_bit_531|fp_bit_532|fp_bit_533|fp_bit_534|fp_bit_535|fp_bit_536|fp_bit_537|fp_bit_538|fp_bit_540|fp_bit_541|fp_bit_542|fp_bit_543|fp_bit_544|fp_bit_545|fp_bit_546|fp_bit_547|fp_bit_548|fp_bit_549|fp_bit_550|fp_bit_551|fp_bit_552|fp_bit_553|fp_bit_554|fp_bit_555|fp_bit_556|fp_bit_557|fp_bit_558|fp_bit_559|fp_bit_560|fp_bit_561|fp_bit_562|fp_bit_563|fp_bit_564|fp_bit_565|fp_bit_566|fp_bit_567|fp_bit_568|fp_bit_569|fp_bit_570|fp_bit_572|fp_bit_573|fp_bit_574|fp_bit_575|fp_bit_576|fp_bit_578|fp_bit_579|fp_bit_580|fp_bit_581|fp_bit_582|fp_bit_583|fp_bit_584|fp_bit_585|fp_bit_586|fp_bit_587|fp_bit_588|fp_bit_589|fp_bit_590|fp_bit_591|fp_bit_592|fp_bit_593|fp_bit_594|fp_bit_595|fp_bit_596|fp_bit_597|fp_bit_598|fp_bit_599|fp_bit_600|fp_bit_601|fp_bit_602|fp_bit_603|fp_bit_604|fp_bit_605|fp_bit_606|fp_bit_607|fp_bit_608|fp_bit_609|fp_bit_610|fp_bit_611|fp_bit_612|fp_bit_613|fp_bit_614|fp_bit_615|fp_bit_616|fp_bit_617|fp_bit_618|fp_bit_619|fp_bit_620|fp_bit_621|fp_bit_622|fp_bit_623|fp_bit_624|fp_bit_625|fp_bit_626|fp_bit_627|fp_bit_628|fp_bit_629|fp_bit_630|fp_bit_631|fp_bit_632|fp_bit_633|fp_bit_634|fp_bit_635|fp_bit_636|fp_bit_637|fp_bit_638|fp_bit_639|fp_bit_640|fp_bit_641|fp_bit_642|fp_bit_643|fp_bit_644|fp_bit_645|fp_bit_646|fp_bit_647|fp_bit_648|fp_bit_649|fp_bit_650|fp_bit_651|fp_bit_652|fp_bit_653|fp_bit_654|fp_bit_655|fp_bit_656|fp_bit_657|fp_bit_658|fp_bit_659|fp_bit_660|fp_bit_661|fp_bit_662|fp_bit_663|fp_bit_664|fp_bit_665|fp_bit_666|fp_bit_667|fp_bit_668|fp_bit_669|fp_bit_670|fp_bit_672|fp_bit_673|fp_bit_674|fp_bit_675|fp_bit_676|fp_bit_677|fp_bit_678|fp_bit_679|fp_bit_680|fp_bit_681|fp_bit_682|fp_bit_683|fp_bit_684|fp_bit_685|fp_bit_686|fp_bit_687|fp_bit_688|fp_bit_689|fp_bit_690|fp_bit_691|fp_bit_692|fp_bit_693|fp_bit_694|fp_bit_695|fp_bit_696|fp_bit_697|fp_bit_698|fp_bit_699|fp_bit_700|fp_bit_701|fp_bit_702|fp_bit_703|fp_bit_704|fp_bit_705|fp_bit_706|fp_bit_707|fp_bit_708|fp_bit_710|fp_bit_711|fp_bit_712|fp_bit_713|fp_bit_714|fp_bit_715|fp_bit_716|fp_bit_717|fp_bit_718|fp_bit_719|fp_bit_720|fp_bit_721|fp_bit_722|fp_bit_723|fp_bit_724|fp_bit_725|fp_bit_726|fp_bit_727|fp_bit_728|fp_bit_729|fp_bit_730|fp_bit_731|fp_bit_732|fp_bit_733|fp_bit_734|fp_bit_735|fp_bit_736|fp_bit_737|fp_bit_738|fp_bit_739|fp_bit_740|fp_bit_741|fp_bit_742|fp_bit_743|fp_bit_744|fp_bit_745|fp_bit_746|fp_bit_747|fp_bit_748|fp_bit_749|fp_bit_750|fp_bit_751|fp_bit_752|fp_bit_753|fp_bit_754|fp_bit_755|fp_bit_756|fp_bit_757|fp_bit_758|fp_bit_759|fp_bit_760|fp_bit_761|fp_bit_762|fp_bit_763|fp_bit_764|fp_bit_765|fp_bit_766|fp_bit_767|fp_bit_768|fp_bit_769|fp_bit_770|fp_bit_771|fp_bit_772|fp_bit_773|fp_bit_774|fp_bit_775|fp_bit_776|fp_bit_778|fp_bit_779|fp_bit_780|fp_bit_781|fp_bit_782|fp_bit_783|fp_bit_784|fp_bit_785|fp_bit_786|fp_bit_787|fp_bit_788|fp_bit_789|fp_bit_790|fp_bit_791|fp_bit_794|fp_bit_795|fp_bit_796|fp_bit_797|fp_bit_798|fp_bit_799|fp_bit_800|fp_bit_801|fp_bit_802|fp_bit_803|fp_bit_804|fp_bit_805|fp_bit_806|fp_bit_807|fp_bit_808|fp_bit_809|fp_bit_810|fp_bit_811|fp_bit_812|fp_bit_814|fp_bit_815|fp_bit_816|fp_bit_817|fp_bit_818|fp_bit_819|fp_bit_820|fp_bit_821|fp_bit_822|fp_bit_823|fp_bit_824|fp_bit_825|fp_bit_826|fp_bit_827|fp_bit_828|fp_bit_829|fp_bit_830|fp_bit_831|fp_bit_832|fp_bit_833|fp_bit_834|fp_bit_835|fp_bit_836|fp_bit_837|fp_bit_838|fp_bit_839|fp_bit_840|fp_bit_841|fp_bit_842|fp_bit_843|fp_bit_844|fp_bit_845|fp_bit_846|fp_bit_847|fp_bit_848|fp_bit_849|fp_bit_850|fp_bit_851|fp_bit_852|fp_bit_853|fp_bit_854|fp_bit_855|fp_bit_856|fp_bit_857|fp_bit_858|fp_bit_859|fp_bit_860|fp_bit_861|fp_bit_862|fp_bit_863|fp_bit_864|fp_bit_865|fp_bit_867|fp_bit_868|fp_bit_869|fp_bit_870|fp_bit_871|fp_bit_872|fp_bit_873|fp_bit_874|fp_bit_875|fp_bit_876|fp_bit_877|fp_bit_878|fp_bit_879|fp_bit_880|fp_bit_881|fp_bit_882|fp_bit_883|fp_bit_884|fp_bit_885|fp_bit_886|fp_bit_887|fp_bit_888|fp_bit_889|fp_bit_890|fp_bit_891|fp_bit_892|fp_bit_893|fp_bit_894|fp_bit_895|fp_bit_896|fp_bit_897|fp_bit_898|fp_bit_899|fp_bit_900|fp_bit_901|fp_bit_902|fp_bit_903|fp_bit_904|fp_bit_905|fp_bit_906|fp_bit_907|fp_bit_908|fp_bit_909|fp_bit_910|fp_bit_911|fp_bit_912|fp_bit_913|fp_bit_914|fp_bit_915|fp_bit_916|fp_bit_917|fp_bit_918|fp_bit_919|fp_bit_921|fp_bit_922|fp_bit_923|fp_bit_924|fp_bit_925|fp_bit_926|fp_bit_927|fp_bit_928|fp_bit_929|fp_bit_930|fp_bit_931|fp_bit_932|fp_bit_934|fp_bit_935|fp_bit_936|fp_bit_937|fp_bit_938|fp_bit_939|fp_bit_940|fp_bit_941|fp_bit_942|fp_bit_943|fp_bit_944|fp_bit_945|fp_bit_946|fp_bit_947|fp_bit_948|fp_bit_949|fp_bit_950|fp_bit_951|fp_bit_952|fp_bit_953|fp_bit_954|fp_bit_955|fp_bit_956|fp_bit_957|fp_bit_958|fp_bit_959|fp_bit_960|fp_bit_961|fp_bit_962|fp_bit_963|fp_bit_964|fp_bit_965|fp_bit_966|fp_bit_967|fp_bit_968|fp_bit_970|fp_bit_971|fp_bit_973|fp_bit_974|fp_bit_975|fp_bit_976|fp_bit_977|fp_bit_978|fp_bit_979|fp_bit_980|fp_bit_981|fp_bit_983|fp_bit_984|fp_bit_985|fp_bit_986|fp_bit_987|fp_bit_988|fp_bit_989|fp_bit_990|fp_bit_991|fp_bit_992|fp_bit_993|fp_bit_994|fp_bit_995|fp_bit_996|fp_bit_997|fp_bit_998|fp_bit_999|fp_bit_1000|fp_bit_1001|fp_bit_1002|fp_bit_1003|fp_bit_1004|fp_bit_1005|fp_bit_1006|fp_bit_1007|fp_bit_1008|fp_bit_1009|fp_bit_1010|fp_bit_1011|fp_bit_1012|fp_bit_1013|fp_bit_1014|fp_bit_1015|fp_bit_1016|fp_bit_1017|fp_bit_1018|fp_bit_1019|fp_bit_1020|fp_bit_1021|fp_bit_1022|fp_bit_1023|fp_bit_1024|fp_bit_1025|fp_bit_1026|fp_bit_1027|fp_bit_1028|fp_bit_1029|fp_bit_1031|fp_bit_1032|fp_bit_1033|fp_bit_1034|fp_bit_1035|fp_bit_1036|fp_bit_1037|fp_bit_1038|fp_bit_1039|fp_bit_1040|fp_bit_1041|fp_bit_1042|fp_bit_1043|fp_bit_1044|fp_bit_1045|fp_bit_1046|fp_bit_1047|fp_bit_1048|fp_bit_1049|fp_bit_1050|fp_bit_1051|fp_bit_1052|fp_bit_1053|fp_bit_1054|fp_bit_1055|fp_bit_1056|fp_bit_1057|fp_bit_1058|fp_bit_1059|fp_bit_1060|fp_bit_1061|fp_bit_1062|fp_bit_1063|fp_bit_1064|fp_bit_1065|fp_bit_1066|fp_bit_1067|fp_bit_1068|fp_bit_1069|fp_bit_1070|fp_bit_1071|fp_bit_1072|fp_bit_1073|fp_bit_1074|fp_bit_1075|fp_bit_1076|fp_bit_1077|fp_bit_1078|fp_bit_1079|fp_bit_1080|fp_bit_1081|fp_bit_1082|fp_bit_1083|fp_bit_1084|fp_bit_1085|fp_bit_1086|fp_bit_1087|fp_bit_1088|fp_bit_1089|fp_bit_1090|fp_bit_1091|fp_bit_1092|fp_bit_1093|fp_bit_1095|fp_bit_1096|fp_bit_1097|fp_bit_1098|fp_bit_1099|fp_bit_1100|fp_bit_1101|fp_bit_1102|fp_bit_1103|fp_bit_1104|fp_bit_1105|fp_bit_1106|fp_bit_1107|fp_bit_1109|fp_bit_1110|fp_bit_1111|fp_bit_1112|fp_bit_1113|fp_bit_1114|fp_bit_1115|fp_bit_1116|fp_bit_1117|fp_bit_1118|fp_bit_1119|fp_bit_1120|fp_bit_1121|fp_bit_1122|fp_bit_1123|fp_bit_1124|fp_bit_1125|fp_bit_1126|fp_bit_1127|fp_bit_1128|fp_bit_1129|fp_bit_1130|fp_bit_1131|fp_bit_1132|fp_bit_1133|fp_bit_1134|fp_bit_1135|fp_bit_1136|fp_bit_1137|fp_bit_1138|fp_bit_1139|fp_bit_1140|fp_bit_1141|fp_bit_1142|fp_bit_1143|fp_bit_1144|fp_bit_1145|fp_bit_1146|fp_bit_1147|fp_bit_1148|fp_bit_1149|fp_bit_1150|fp_bit_1152|fp_bit_1153|fp_bit_1154|fp_bit_1155|fp_bit_1156|fp_bit_1157|fp_bit_1158|fp_bit_1160|fp_bit_1162|fp_bit_1163|fp_bit_1164|fp_bit_1165|fp_bit_1167|fp_bit_1168|fp_bit_1169|fp_bit_1170|fp_bit_1171|fp_bit_1172|fp_bit_1173|fp_bit_1174|fp_bit_1175|fp_bit_1176|fp_bit_1177|fp_bit_1179|fp_bit_1180|fp_bit_1181|fp_bit_1182|fp_bit_1183|fp_bit_1184|fp_bit_1185|fp_bit_1186|fp_bit_1187|fp_bit_1188|fp_bit_1189|fp_bit_1190|fp_bit_1191|fp_bit_1192|fp_bit_1193|fp_bit_1194|fp_bit_1195|fp_bit_1196|fp_bit_1197|fp_bit_1198|fp_bit_1199|fp_bit_1200|fp_bit_1201|fp_bit_1202|fp_bit_1203|fp_bit_1205|fp_bit_1206|fp_bit_1207|fp_bit_1208|fp_bit_1209|fp_bit_1210|fp_bit_1211|fp_bit_1212|fp_bit_1213|fp_bit_1214|fp_bit_1215|fp_bit_1216|fp_bit_1217|fp_bit_1218|fp_bit_1219|fp_bit_1220|fp_bit_1221|fp_bit_1222|fp_bit_1223|fp_bit_1224|fp_bit_1225|fp_bit_1226|fp_bit_1227|fp_bit_1228|fp_bit_1229|fp_bit_1230|fp_bit_1231|fp_bit_1232|fp_bit_1233|fp_bit_1234|fp_bit_1235|fp_bit_1236|fp_bit_1237|fp_bit_1238|fp_bit_1239|fp_bit_1240|fp_bit_1241|fp_bit_1242|fp_bit_1243|fp_bit_1244|fp_bit_1245|fp_bit_1246|fp_bit_1247|fp_bit_1248|fp_bit_1249|fp_bit_1250|fp_bit_1251|fp_bit_1252|fp_bit_1253|fp_bit_1254|fp_bit_1255|fp_bit_1256|fp_bit_1257|fp_bit_1258|fp_bit_1259|fp_bit_1260|fp_bit_1261|fp_bit_1262|fp_bit_1263|fp_bit_1264|fp_bit_1265|fp_bit_1266|fp_bit_1267|fp_bit_1268|fp_bit_1269|fp_bit_1270|fp_bit_1271|fp_bit_1272|fp_bit_1273|fp_bit_1274|fp_bit_1275|fp_bit_1276|fp_bit_1277|fp_bit_1278|fp_bit_1279|fp_bit_1280|fp_bit_1281|fp_bit_1282|fp_bit_1283|fp_bit_1284|fp_bit_1285|fp_bit_1286|fp_bit_1287|fp_bit_1288|fp_bit_1289|fp_bit_1290|fp_bit_1291|fp_bit_1292|fp_bit_1293|fp_bit_1294|fp_bit_1295|fp_bit_1296|fp_bit_1297|fp_bit_1298|fp_bit_1299|fp_bit_1300|fp_bit_1301|fp_bit_1302|fp_bit_1303|fp_bit_1304|fp_bit_1305|fp_bit_1306|fp_bit_1307|fp_bit_1308|fp_bit_1309|fp_bit_1310|fp_bit_1311|fp_bit_1312|fp_bit_1313|fp_bit_1314|fp_bit_1317|fp_bit_1318|fp_bit_1319|fp_bit_1321|fp_bit_1322|fp_bit_1323|fp_bit_1324|fp_bit_1325|fp_bit_1326|fp_bit_1327|fp_bit_1328|fp_bit_1329|fp_bit_1330|fp_bit_1331|fp_bit_1332|fp_bit_1333|fp_bit_1334|fp_bit_1335|fp_bit_1336|fp_bit_1337|fp_bit_1338|fp_bit_1339|fp_bit_1340|fp_bit_1341|fp_bit_1342|fp_bit_1343|fp_bit_1344|fp_bit_1345|fp_bit_1346|fp_bit_1347|fp_bit_1348|fp_bit_1349|fp_bit_1350|fp_bit_1351|fp_bit_1352|fp_bit_1353|fp_bit_1355|fp_bit_1356|fp_bit_1357|fp_bit_1358|fp_bit_1359|fp_bit_1360|fp_bit_1361|fp_bit_1362|fp_bit_1363|fp_bit_1364|fp_bit_1365|fp_bit_1366|fp_bit_1367|fp_bit_1368|fp_bit_1369|fp_bit_1370|fp_bit_1372|fp_bit_1373|fp_bit_1374|fp_bit_1375|fp_bit_1376|fp_bit_1377|fp_bit_1378|fp_bit_1379|fp_bit_1380|fp_bit_1381|fp_bit_1382|fp_bit_1383|fp_bit_1384|fp_bit_1385|fp_bit_1386|fp_bit_1387|fp_bit_1388|fp_bit_1389|fp_bit_1390|fp_bit_1391|fp_bit_1392|fp_bit_1393|fp_bit_1394|fp_bit_1395|fp_bit_1396|fp_bit_1397|fp_bit_1398|fp_bit_1399|fp_bit_1400|fp_bit_1401|fp_bit_1402|fp_bit_1403|fp_bit_1404|fp_bit_1405|fp_bit_1406|fp_bit_1407|fp_bit_1409|fp_bit_1410|fp_bit_1411|fp_bit_1412|fp_bit_1413|fp_bit_1414|fp_bit_1415|fp_bit_1416|fp_bit_1417|fp_bit_1418|fp_bit_1419|fp_bit_1420|fp_bit_1421|fp_bit_1422|fp_bit_1423|fp_bit_1424|fp_bit_1425|fp_bit_1426|fp_bit_1427|fp_bit_1428|fp_bit_1429|fp_bit_1430|fp_bit_1431|fp_bit_1432|fp_bit_1433|fp_bit_1434|fp_bit_1435|fp_bit_1436|fp_bit_1437|fp_bit_1438|fp_bit_1439|fp_bit_1440|fp_bit_1441|fp_bit_1442|fp_bit_1443|fp_bit_1444|fp_bit_1445|fp_bit_1446|fp_bit_1447|fp_bit_1448|fp_bit_1449|fp_bit_1450|fp_bit_1451|fp_bit_1452|fp_bit_1453|fp_bit_1454|fp_bit_1455|fp_bit_1456|fp_bit_1457|fp_bit_1458|fp_bit_1459|fp_bit_1460|fp_bit_1461|fp_bit_1462|fp_bit_1463|fp_bit_1464|fp_bit_1465|fp_bit_1466|fp_bit_1467|fp_bit_1468|fp_bit_1469|fp_bit_1470|fp_bit_1471|fp_bit_1472|fp_bit_1473|fp_bit_1474|fp_bit_1475|fp_bit_1476|fp_bit_1477|fp_bit_1478|fp_bit_1479|fp_bit_1480|fp_bit_1481|fp_bit_1482|fp_bit_1483|fp_bit_1484|fp_bit_1485|fp_bit_1487|fp_bit_1488|fp_bit_1489|fp_bit_1490|fp_bit_1491|fp_bit_1492|fp_bit_1493|fp_bit_1494|fp_bit_1495|fp_bit_1496|fp_bit_1497|fp_bit_1498|fp_bit_1499|fp_bit_1500|fp_bit_1501|fp_bit_1502|fp_bit_1503|fp_bit_1505|fp_bit_1506|fp_bit_1507|fp_bit_1508|fp_bit_1509|fp_bit_1510|fp_bit_1511|fp_bit_1512|fp_bit_1513|fp_bit_1514|fp_bit_1515|fp_bit_1516|fp_bit_1517|fp_bit_1518|fp_bit_1519|fp_bit_1520|fp_bit_1521|fp_bit_1522|fp_bit_1523|fp_bit_1524|fp_bit_1525|fp_bit_1526|fp_bit_1527|fp_bit_1528|fp_bit_1529|fp_bit_1530|fp_bit_1531|fp_bit_1532|fp_bit_1533|fp_bit_1534|fp_bit_1535|fp_bit_1536|fp_bit_1537|fp_bit_1538|fp_bit_1539|fp_bit_1540|fp_bit_1542|fp_bit_1543|fp_bit_1544|fp_bit_1545|fp_bit_1546|fp_bit_1547|fp_bit_1548|fp_bit_1549|fp_bit_1550|fp_bit_1551|fp_bit_1552|fp_bit_1553|fp_bit_1554|fp_bit_1555|fp_bit_1556|fp_bit_1557|fp_bit_1558|fp_bit_1559|fp_bit_1560|fp_bit_1561|fp_bit_1562|fp_bit_1563|fp_bit_1564|fp_bit_1565|fp_bit_1566|fp_bit_1567|fp_bit_1568|fp_bit_1569|fp_bit_1570|fp_bit_1571|fp_bit_1572|fp_bit_1573|fp_bit_1574|fp_bit_1575|fp_bit_1576|fp_bit_1577|fp_bit_1578|fp_bit_1579|fp_bit_1580|fp_bit_1581|fp_bit_1582|fp_bit_1583|fp_bit_1584|fp_bit_1585|fp_bit_1586|fp_bit_1587|fp_bit_1588|fp_bit_1589|fp_bit_1590|fp_bit_1591|fp_bit_1592|fp_bit_1593|fp_bit_1594|fp_bit_1595|fp_bit_1597|fp_bit_1598|fp_bit_1599|fp_bit_1600|fp_bit_1601|fp_bit_1602|fp_bit_1603|fp_bit_1604|fp_bit_1605|fp_bit_1606|fp_bit_1607|fp_bit_1608|fp_bit_1609|fp_bit_1610|fp_bit_1611|fp_bit_1612|fp_bit_1613|fp_bit_1614|fp_bit_1615|fp_bit_1616|fp_bit_1617|fp_bit_1618|fp_bit_1619|fp_bit_1620|fp_bit_1621|fp_bit_1622|fp_bit_1623|fp_bit_1624|fp_bit_1625|fp_bit_1626|fp_bit_1627|fp_bit_1628|fp_bit_1629|fp_bit_1630|fp_bit_1631|fp_bit_1632|fp_bit_1633|fp_bit_1634|fp_bit_1635|fp_bit_1636|fp_bit_1637|fp_bit_1638|fp_bit_1639|fp_bit_1640|fp_bit_1641|fp_bit_1642|fp_bit_1643|fp_bit_1644|fp_bit_1645|fp_bit_1646|fp_bit_1647|fp_bit_1648|fp_bit_1649|fp_bit_1650|fp_bit_1651|fp_bit_1652|fp_bit_1653|fp_bit_1654|fp_bit_1655|fp_bit_1656|fp_bit_1657|fp_bit_1658|fp_bit_1659|fp_bit_1660|fp_bit_1661|fp_bit_1663|fp_bit_1664|fp_bit_1665|fp_bit_1666|fp_bit_1667|fp_bit_1668|fp_bit_1669|fp_bit_1670|fp_bit_1671|fp_bit_1672|fp_bit_1673|fp_bit_1674|fp_bit_1675|fp_bit_1676|fp_bit_1677|fp_bit_1678|fp_bit_1679|fp_bit_1680|fp_bit_1681|fp_bit_1682|fp_bit_1683|fp_bit_1684|fp_bit_1685|fp_bit_1686|fp_bit_1687|fp_bit_1688|fp_bit_1689|fp_bit_1690|fp_bit_1691|fp_bit_1692|fp_bit_1693|fp_bit_1694|fp_bit_1695|fp_bit_1696|fp_bit_1697|fp_bit_1698|fp_bit_1699|fp_bit_1700|fp_bit_1701|fp_bit_1704|fp_bit_1705|fp_bit_1706|fp_bit_1707|fp_bit_1708|fp_bit_1709|fp_bit_1710|fp_bit_1711|fp_bit_1712|fp_bit_1713|fp_bit_1714|fp_bit_1715|fp_bit_1716|fp_bit_1717|fp_bit_1718|fp_bit_1719|fp_bit_1720|fp_bit_1721|fp_bit_1722|fp_bit_1723|fp_bit_1724|fp_bit_1725|fp_bit_1726|fp_bit_1727|fp_bit_1728|fp_bit_1729|fp_bit_1730|fp_bit_1731|fp_bit_1732|fp_bit_1733|fp_bit_1734|fp_bit_1735|fp_bit_1736|fp_bit_1737|fp_bit_1738|fp_bit_1739|fp_bit_1740|fp_bit_1741|fp_bit_1742|fp_bit_1743|fp_bit_1744|fp_bit_1745|fp_bit_1746|fp_bit_1747|fp_bit_1748|fp_bit_1749|fp_bit_1750|fp_bit_1751|fp_bit_1752|fp_bit_1753|fp_bit_1754|fp_bit_1755|fp_bit_1756|fp_bit_1757|fp_bit_1758|fp_bit_1759|fp_bit_1760|fp_bit_1761|fp_bit_1762|fp_bit_1763|fp_bit_1764|fp_bit_1765|fp_bit_1766|fp_bit_1767|fp_bit_1768|fp_bit_1769|fp_bit_1770|fp_bit_1771|fp_bit_1772|fp_bit_1773|fp_bit_1775|fp_bit_1776|fp_bit_1777|fp_bit_1778|fp_bit_1779|fp_bit_1780|fp_bit_1781|fp_bit_1782|fp_bit_1783|fp_bit_1784|fp_bit_1785|fp_bit_1786|fp_bit_1787|fp_bit_1788|fp_bit_1789|fp_bit_1790|fp_bit_1791|fp_bit_1792|fp_bit_1793|fp_bit_1794|fp_bit_1795|fp_bit_1796|fp_bit_1797|fp_bit_1798|fp_bit_1799|fp_bit_1800|fp_bit_1801|fp_bit_1802|fp_bit_1803|fp_bit_1804|fp_bit_1805|fp_bit_1806|fp_bit_1807|fp_bit_1808|fp_bit_1809|fp_bit_1810|fp_bit_1811|fp_bit_1812|fp_bit_1814|fp_bit_1815|fp_bit_1816|fp_bit_1817|fp_bit_1818|fp_bit_1819|fp_bit_1820|fp_bit_1821|fp_bit_1822|fp_bit_1823|fp_bit_1824|fp_bit_1825|fp_bit_1827|fp_bit_1828|fp_bit_1829|fp_bit_1831|fp_bit_1832|fp_bit_1833|fp_bit_1834|fp_bit_1835|fp_bit_1837|fp_bit_1838|fp_bit_1839|fp_bit_1840|fp_bit_1841|fp_bit_1842|fp_bit_1843|fp_bit_1844|fp_bit_1845|fp_bit_1846|fp_bit_1847|fp_bit_1848|fp_bit_1849|fp_bit_1850|fp_bit_1851|fp_bit_1852|fp_bit_1853|fp_bit_1854|fp_bit_1855|fp_bit_1856|fp_bit_1857|fp_bit_1858|fp_bit_1859|fp_bit_1860|fp_bit_1861|fp_bit_1862|fp_bit_1863|fp_bit_1864|fp_bit_1865|fp_bit_1866|fp_bit_1867|fp_bit_1868|fp_bit_1869|fp_bit_1870|fp_bit_1871|fp_bit_1872|fp_bit_1873|fp_bit_1874|fp_bit_1875|fp_bit_1876|fp_bit_1877|fp_bit_1878|fp_bit_1879|fp_bit_1881|fp_bit_1882|fp_bit_1883|fp_bit_1884|fp_bit_1885|fp_bit_1886|fp_bit_1887|fp_bit_1888|fp_bit_1889|fp_bit_1891|fp_bit_1892|fp_bit_1893|fp_bit_1895|fp_bit_1896|fp_bit_1897|fp_bit_1898|fp_bit_1899|fp_bit_1900|fp_bit_1901|fp_bit_1902|fp_bit_1903|fp_bit_1904|fp_bit_1905|fp_bit_1906|fp_bit_1907|fp_bit_1908|fp_bit_1909|fp_bit_1910|fp_bit_1911|fp_bit_1912|fp_bit_1913|fp_bit_1914|fp_bit_1915|fp_bit_1916|fp_bit_1917|fp_bit_1918|fp_bit_1919|fp_bit_1920|fp_bit_1921|fp_bit_1922|fp_bit_1923|fp_bit_1924|fp_bit_1925|fp_bit_1926|fp_bit_1927|fp_bit_1928|fp_bit_1929|fp_bit_1930|fp_bit_1932|fp_bit_1934|fp_bit_1935|fp_bit_1936|fp_bit_1937|fp_bit_1938|fp_bit_1939|fp_bit_1940|fp_bit_1941|fp_bit_1942|fp_bit_1943|fp_bit_1944|fp_bit_1945|fp_bit_1946|fp_bit_1948|fp_bit_1949|fp_bit_1950|fp_bit_1951|fp_bit_1952|fp_bit_1953|fp_bit_1954|fp_bit_1955|fp_bit_1956|fp_bit_1957|fp_bit_1958|fp_bit_1959|fp_bit_1960|fp_bit_1961|fp_bit_1962|fp_bit_1963|fp_bit_1964|fp_bit_1965|fp_bit_1966|fp_bit_1967|fp_bit_1968|fp_bit_1969|fp_bit_1970|fp_bit_1971|fp_bit_1972|fp_bit_1974|fp_bit_1975|fp_bit_1976|fp_bit_1977|fp_bit_1978|fp_bit_1979|fp_bit_1980|fp_bit_1981|fp_bit_1982|fp_bit_1983|fp_bit_1984|fp_bit_1985|fp_bit_1986|fp_bit_1987|fp_bit_1988|fp_bit_1989|fp_bit_1990|fp_bit_1991|fp_bit_1992|fp_bit_1993|fp_bit_1994|fp_bit_1995|fp_bit_1996|fp_bit_1997|fp_bit_1998|fp_bit_1999|fp_bit_2000|fp_bit_2001|fp_bit_2002|fp_bit_2003|fp_bit_2004|fp_bit_2005|fp_bit_2006|fp_bit_2007|fp_bit_2008|fp_bit_2009|fp_bit_2010|fp_bit_2011|fp_bit_2012|fp_bit_2013|fp_bit_2014|fp_bit_2016|fp_bit_2017|fp_bit_2018|fp_bit_2019|fp_bit_2020|fp_bit_2021|fp_bit_2022|fp_bit_2023|fp_bit_2024|fp_bit_2025|fp_bit_2026|fp_bit_2027|fp_bit_2028|fp_bit_2029|fp_bit_2030|fp_bit_2031|fp_bit_2032|fp_bit_2033|fp_bit_2034|fp_bit_2035|fp_bit_2036|fp_bit_2037|fp_bit_2038|fp_bit_2039|fp_bit_2040|fp_bit_2041|fp_bit_2042|fp_bit_2043|fp_bit_2044|fp_bit_2045|fp_bit_2046|fp_bit_2047
BiGRU,Morgan FP,1984,0.9602,0.9626,0.9379,0.989,0.9626,0.9496,0.9333,0.8555,0.8237,0.792,0.9588,0.8237,0.8068,0.7605,CorrelationFilter,fp_bit_0|fp_bit_1|fp_bit_2|fp_bit_3|fp_bit_4|fp_bit_5|fp_bit_6|fp_bit_7|fp_bit_8|fp_bit_9|fp_bit_10|fp_bit_11|fp_bit_12|fp_bit_13|fp_bit_14|fp_bit_15|fp_bit_16|fp_bit_17|fp_bit_18|fp_bit_19|fp_bit_20|fp_bit_21|fp_bit_22|fp_bit_23|fp_bit_24|fp_bit_25|fp_bit_26|fp_bit_27|fp_bit_28|fp_bit_29|fp_bit_30|fp_bit_31|fp_bit_32|fp_bit_33|fp_bit_34|fp_bit_35|fp_bit_36|fp_bit_37|fp_bit_38|fp_bit_39|fp_bit_40|fp_bit_41|fp_bit_42|fp_bit_43|fp_bit_44|fp_bit_45|fp_bit_46|fp_bit_47|fp_bit_48|fp_bit_49|fp_bit_50|fp_bit_51|fp_bit_52|fp_bit_53|fp_bit_54|fp_bit_55|fp_bit_56|fp_bit_57|fp_bit_58|fp_bit_59|fp_bit_60|fp_bit_61|fp_bit_62|fp_bit_63|fp_bit_64|fp_bit_65|fp_bit_66|fp_bit_67|fp_bit_68|fp_bit_69|fp_bit_70|fp_bit_72|fp_bit_73|fp_bit_74|fp_bit_75|fp_bit_76|fp_bit_77|fp_bit_78|fp_bit_79|fp_bit_80|fp_bit_81|fp_bit_82|fp_bit_83|fp_bit_84|fp_bit_86|fp_bit_87|fp_bit_88|fp_bit_89|fp_bit_90|fp_bit_91|fp_bit_92|fp_bit_93|fp_bit_94|fp_bit_95|fp_bit_96|fp_bit_97|fp_bit_98|fp_bit_99|fp_bit_100|fp_bit_101|fp_bit_102|fp_bit_103|fp_bit_104|fp_bit_105|fp_bit_106|fp_bit_107|fp_bit_108|fp_bit_109|fp_bit_110|fp_bit_111|fp_bit_112|fp_bit_113|fp_bit_114|fp_bit_115|fp_bit_116|fp_bit_117|fp_bit_118|fp_bit_119|fp_bit_120|fp_bit_121|fp_bit_125|fp_bit_126|fp_bit_127|fp_bit_128|fp_bit_129|fp_bit_130|fp_bit_131|fp_bit_132|fp_bit_133|fp_bit_134|fp_bit_135|fp_bit_136|fp_bit_137|fp_bit_139|fp_bit_140|fp_bit_141|fp_bit_142|fp_bit_143|fp_bit_144|fp_bit_145|fp_bit_146|fp_bit_147|fp_bit_148|fp_bit_149|fp_bit_150|fp_bit_151|fp_bit_152|fp_bit_153|fp_bit_154|fp_bit_155|fp_bit_156|fp_bit_157|fp_bit_158|fp_bit_159|fp_bit_160|fp_bit_162|fp_bit_163|fp_bit_164|fp_bit_165|fp_bit_166|fp_bit_167|fp_bit_168|fp_bit_169|fp_bit_170|fp_bit_171|fp_bit_172|fp_bit_173|fp_bit_174|fp_bit_175|fp_bit_176|fp_bit_177|fp_bit_178|fp_bit_179|fp_bit_180|fp_bit_181|fp_bit_182|fp_bit_183|fp_bit_184|fp_bit_185|fp_bit_186|fp_bit_187|fp_bit_188|fp_bit_189|fp_bit_190|fp_bit_191|fp_bit_192|fp_bit_193|fp_bit_194|fp_bit_195|fp_bit_196|fp_bit_197|fp_bit_198|fp_bit_199|fp_bit_200|fp_bit_201|fp_bit_202|fp_bit_203|fp_bit_204|fp_bit_205|fp_bit_206|fp_bit_207|fp_bit_208|fp_bit_209|fp_bit_210|fp_bit_211|fp_bit_212|fp_bit_213|fp_bit_215|fp_bit_216|fp_bit_217|fp_bit_218|fp_bit_219|fp_bit_220|fp_bit_221|fp_bit_222|fp_bit_223|fp_bit_224|fp_bit_225|fp_bit_226|fp_bit_227|fp_bit_228|fp_bit_229|fp_bit_230|fp_bit_231|fp_bit_232|fp_bit_233|fp_bit_234|fp_bit_235|fp_bit_236|fp_bit_237|fp_bit_238|fp_bit_239|fp_bit_240|fp_bit_241|fp_bit_242|fp_bit_243|fp_bit_244|fp_bit_245|fp_bit_246|fp_bit_247|fp_bit_248|fp_bit_249|fp_bit_250|fp_bit_251|fp_bit_252|fp_bit_253|fp_bit_254|fp_bit_255|fp_bit_256|fp_bit_257|fp_bit_258|fp_bit_259|fp_bit_260|fp_bit_261|fp_bit_262|fp_bit_263|fp_bit_264|fp_bit_265|fp_bit_266|fp_bit_267|fp_bit_268|fp_bit_269|fp_bit_270|fp_bit_271|fp_bit_272|fp_bit_273|fp_bit_274|fp_bit_275|fp_bit_276|fp_bit_277|fp_bit_278|fp_bit_279|fp_bit_280|fp_bit_281|fp_bit_282|fp_bit_283|fp_bit_284|fp_bit_285|fp_bit_286|fp_bit_287|fp_bit_289|fp_bit_290|fp_bit_291|fp_bit_292|fp_bit_293|fp_bit_294|fp_bit_295|fp_bit_296|fp_bit_297|fp_bit_298|fp_bit_299|fp_bit_300|fp_bit_301|fp_bit_302|fp_bit_303|fp_bit_304|fp_bit_305|fp_bit_306|fp_bit_307|fp_bit_308|fp_bit_309|fp_bit_310|fp_bit_311|fp_bit_312|fp_bit_313|fp_bit_314|fp_bit_315|fp_bit_316|fp_bit_317|fp_bit_318|fp_bit_319|fp_bit_320|fp_bit_321|fp_bit_322|fp_bit_323|fp_bit_324|fp_bit_325|fp_bit_326|fp_bit_327|fp_bit_328|fp_bit_329|fp_bit_330|fp_bit_331|fp_bit_332|fp_bit_333|fp_bit_334|fp_bit_335|fp_bit_336|fp_bit_337|fp_bit_338|fp_bit_339|fp_bit_340|fp_bit_341|fp_bit_342|fp_bit_343|fp_bit_344|fp_bit_345|fp_bit_347|fp_bit_348|fp_bit_349|fp_bit_350|fp_bit_351|fp_bit_352|fp_bit_353|fp_bit_354|fp_bit_355|fp_bit_356|fp_bit_357|fp_bit_358|fp_bit_359|fp_bit_360|fp_bit_361|fp_bit_362|fp_bit_363|fp_bit_364|fp_bit_365|fp_bit_366|fp_bit_367|fp_bit_368|fp_bit_369|fp_bit_370|fp_bit_371|fp_bit_372|fp_bit_373|fp_bit_374|fp_bit_375|fp_bit_376|fp_bit_377|fp_bit_378|fp_bit_379|fp_bit_380|fp_bit_381|fp_bit_382|fp_bit_383|fp_bit_384|fp_bit_385|fp_bit_386|fp_bit_387|fp_bit_388|fp_bit_389|fp_bit_390|fp_bit_391|fp_bit_392|fp_bit_393|fp_bit_394|fp_bit_395|fp_bit_396|fp_bit_397|fp_bit_398|fp_bit_399|fp_bit_400|fp_bit_401|fp_bit_402|fp_bit_403|fp_bit_404|fp_bit_405|fp_bit_406|fp_bit_407|fp_bit_408|fp_bit_409|fp_bit_411|fp_bit_412|fp_bit_413|fp_bit_414|fp_bit_415|fp_bit_416|fp_bit_417|fp_bit_418|fp_bit_419|fp_bit_420|fp_bit_421|fp_bit_422|fp_bit_423|fp_bit_424|fp_bit_425|fp_bit_426|fp_bit_427|fp_bit_428|fp_bit_429|fp_bit_430|fp_bit_431|fp_bit_432|fp_bit_433|fp_bit_434|fp_bit_435|fp_bit_437|fp_bit_438|fp_bit_439|fp_bit_440|fp_bit_441|fp_bit_442|fp_bit_443|fp_bit_444|fp_bit_445|fp_bit_446|fp_bit_447|fp_bit_448|fp_bit_449|fp_bit_450|fp_bit_451|fp_bit_452|fp_bit_453|fp_bit_454|fp_bit_455|fp_bit_456|fp_bit_457|fp_bit_458|fp_bit_459|fp_bit_460|fp_bit_461|fp_bit_462|fp_bit_463|fp_bit_464|fp_bit_465|fp_bit_466|fp_bit_467|fp_bit_468|fp_bit_469|fp_bit_470|fp_bit_471|fp_bit_472|fp_bit_473|fp_bit_474|fp_bit_475|fp_bit_476|fp_bit_477|fp_bit_478|fp_bit_479|fp_bit_480|fp_bit_481|fp_bit_482|fp_bit_483|fp_bit_484|fp_bit_485|fp_bit_486|fp_bit_487|fp_bit_488|fp_bit_489|fp_bit_490|fp_bit_491|fp_bit_492|fp_bit_493|fp_bit_494|fp_bit_495|fp_bit_496|fp_bit_497|fp_bit_499|fp_bit_500|fp_bit_501|fp_bit_502|fp_bit_503|fp_bit_504|fp_bit_505|fp_bit_506|fp_bit_507|fp_bit_508|fp_bit_509|fp_bit_510|fp_bit_511|fp_bit_512|fp_bit_513|fp_bit_514|fp_bit_516|fp_bit_517|fp_bit_518|fp_bit_519|fp_bit_520|fp_bit_521|fp_bit_522|fp_bit_523|fp_bit_524|fp_bit_525|fp_bit_526|fp_bit_527|fp_bit_528|fp_bit_529|fp_bit_530|fp_bit_531|fp_bit_532|fp_bit_533|fp_bit_534|fp_bit_535|fp_bit_536|fp_bit_537|fp_bit_538|fp_bit_540|fp_bit_541|fp_bit_542|fp_bit_543|fp_bit_544|fp_bit_545|fp_bit_546|fp_bit_547|fp_bit_548|fp_bit_549|fp_bit_550|fp_bit_551|fp_bit_552|fp_bit_553|fp_bit_554|fp_bit_555|fp_bit_556|fp_bit_557|fp_bit_558|fp_bit_559|fp_bit_560|fp_bit_561|fp_bit_562|fp_bit_563|fp_bit_564|fp_bit_565|fp_bit_566|fp_bit_567|fp_bit_568|fp_bit_569|fp_bit_570|fp_bit_572|fp_bit_573|fp_bit_574|fp_bit_575|fp_bit_576|fp_bit_578|fp_bit_579|fp_bit_580|fp_bit_581|fp_bit_582|fp_bit_583|fp_bit_584|fp_bit_585|fp_bit_586|fp_bit_587|fp_bit_588|fp_bit_589|fp_bit_590|fp_bit_591|fp_bit_592|fp_bit_593|fp_bit_594|fp_bit_595|fp_bit_596|fp_bit_597|fp_bit_598|fp_bit_599|fp_bit_600|fp_bit_601|fp_bit_602|fp_bit_603|fp_bit_604|fp_bit_605|fp_bit_606|fp_bit_607|fp_bit_608|fp_bit_609|fp_bit_610|fp_bit_611|fp_bit_612|fp_bit_613|fp_bit_614|fp_bit_615|fp_bit_616|fp_bit_617|fp_bit_618|fp_bit_619|fp_bit_620|fp_bit_621|fp_bit_622|fp_bit_623|fp_bit_624|fp_bit_625|fp_bit_626|fp_bit_627|fp_bit_628|fp_bit_629|fp_bit_630|fp_bit_631|fp_bit_632|fp_bit_633|fp_bit_634|fp_bit_635|fp_bit_636|fp_bit_637|fp_bit_638|fp_bit_639|fp_bit_640|fp_bit_641|fp_bit_642|fp_bit_643|fp_bit_644|fp_bit_645|fp_bit_646|fp_bit_647|fp_bit_648|fp_bit_649|fp_bit_650|fp_bit_651|fp_bit_652|fp_bit_653|fp_bit_654|fp_bit_655|fp_bit_656|fp_bit_657|fp_bit_658|fp_bit_659|fp_bit_660|fp_bit_661|fp_bit_662|fp_bit_663|fp_bit_664|fp_bit_665|fp_bit_666|fp_bit_667|fp_bit_668|fp_bit_669|fp_bit_670|fp_bit_672|fp_bit_673|fp_bit_674|fp_bit_675|fp_bit_676|fp_bit_677|fp_bit_678|fp_bit_679|fp_bit_680|fp_bit_681|fp_bit_682|fp_bit_683|fp_bit_684|fp_bit_685|fp_bit_686|fp_bit_687|fp_bit_688|fp_bit_689|fp_bit_690|fp_bit_691|fp_bit_692|fp_bit_693|fp_bit_694|fp_bit_695|fp_bit_696|fp_bit_697|fp_bit_698|fp_bit_699|fp_bit_700|fp_bit_701|fp_bit_702|fp_bit_703|fp_bit_704|fp_bit_705|fp_bit_706|fp_bit_707|fp_bit_708|fp_bit_710|fp_bit_711|fp_bit_712|fp_bit_713|fp_bit_714|fp_bit_715|fp_bit_716|fp_bit_717|fp_bit_718|fp_bit_719|fp_bit_720|fp_bit_721|fp_bit_722|fp_bit_723|fp_bit_724|fp_bit_725|fp_bit_726|fp_bit_727|fp_bit_728|fp_bit_729|fp_bit_730|fp_bit_731|fp_bit_732|fp_bit_733|fp_bit_734|fp_bit_735|fp_bit_736|fp_bit_737|fp_bit_738|fp_bit_739|fp_bit_740|fp_bit_741|fp_bit_742|fp_bit_743|fp_bit_744|fp_bit_745|fp_bit_746|fp_bit_747|fp_bit_748|fp_bit_749|fp_bit_750|fp_bit_751|fp_bit_752|fp_bit_753|fp_bit_754|fp_bit_755|fp_bit_756|fp_bit_757|fp_bit_758|fp_bit_759|fp_bit_760|fp_bit_761|fp_bit_762|fp_bit_763|fp_bit_764|fp_bit_765|fp_bit_766|fp_bit_767|fp_bit_768|fp_bit_769|fp_bit_770|fp_bit_771|fp_bit_772|fp_bit_773|fp_bit_774|fp_bit_775|fp_bit_776|fp_bit_778|fp_bit_779|fp_bit_780|fp_bit_781|fp_bit_782|fp_bit_783|fp_bit_784|fp_bit_785|fp_bit_786|fp_bit_787|fp_bit_788|fp_bit_789|fp_bit_790|fp_bit_791|fp_bit_794|fp_bit_795|fp_bit_796|fp_bit_797|fp_bit_798|fp_bit_799|fp_bit_800|fp_bit_801|fp_bit_802|fp_bit_803|fp_bit_804|fp_bit_805|fp_bit_806|fp_bit_807|fp_bit_808|fp_bit_809|fp_bit_810|fp_bit_811|fp_bit_812|fp_bit_814|fp_bit_815|fp_bit_816|fp_bit_817|fp_bit_818|fp_bit_819|fp_bit_820|fp_bit_821|fp_bit_822|fp_bit_823|fp_bit_824|fp_bit_825|fp_bit_826|fp_bit_827|fp_bit_828|fp_bit_829|fp_bit_830|fp_bit_831|fp_bit_832|fp_bit_833|fp_bit_834|fp_bit_835|fp_bit_836|fp_bit_837|fp_bit_838|fp_bit_839|fp_bit_840|fp_bit_841|fp_bit_842|fp_bit_843|fp_bit_844|fp_bit_845|fp_bit_846|fp_bit_847|fp_bit_848|fp_bit_849|fp_bit_850|fp_bit_851|fp_bit_852|fp_bit_853|fp_bit_854|fp_bit_855|fp_bit_856|fp_bit_857|fp_bit_858|fp_bit_859|fp_bit_860|fp_bit_861|fp_bit_862|fp_bit_863|fp_bit_864|fp_bit_865|fp_bit_867|fp_bit_868|fp_bit_869|fp_bit_870|fp_bit_871|fp_bit_872|fp_bit_873|fp_bit_874|fp_bit_875|fp_bit_876|fp_bit_877|fp_bit_878|fp_bit_879|fp_bit_880|fp_bit_881|fp_bit_882|fp_bit_883|fp_bit_884|fp_bit_885|fp_bit_886|fp_bit_887|fp_bit_888|fp_bit_889|fp_bit_890|fp_bit_891|fp_bit_892|fp_bit_893|fp_bit_894|fp_bit_895|fp_bit_896|fp_bit_897|fp_bit_898|fp_bit_899|fp_bit_900|fp_bit_901|fp_bit_902|fp_bit_903|fp_bit_904|fp_bit_905|fp_bit_906|fp_bit_907|fp_bit_908|fp_bit_909|fp_bit_910|fp_bit_911|fp_bit_912|fp_bit_913|fp_bit_914|fp_bit_915|fp_bit_916|fp_bit_917|fp_bit_918|fp_bit_919|fp_bit_921|fp_bit_922|fp_bit_923|fp_bit_924|fp_bit_925|fp_bit_926|fp_bit_927|fp_bit_928|fp_bit_929|fp_bit_930|fp_bit_931|fp_bit_932|fp_bit_934|fp_bit_935|fp_bit_936|fp_bit_937|fp_bit_938|fp_bit_939|fp_bit_940|fp_bit_941|fp_bit_942|fp_bit_943|fp_bit_944|fp_bit_945|fp_bit_946|fp_bit_947|fp_bit_948|fp_bit_949|fp_bit_950|fp_bit_951|fp_bit_952|fp_bit_953|fp_bit_954|fp_bit_955|fp_bit_956|fp_bit_957|fp_bit_958|fp_bit_959|fp_bit_960|fp_bit_961|fp_bit_962|fp_bit_963|fp_bit_964|fp_bit_965|fp_bit_966|fp_bit_967|fp_bit_968|fp_bit_970|fp_bit_971|fp_bit_973|fp_bit_974|fp_bit_975|fp_bit_976|fp_bit_977|fp_bit_978|fp_bit_979|fp_bit_980|fp_bit_981|fp_bit_983|fp_bit_984|fp_bit_985|fp_bit_986|fp_bit_987|fp_bit_988|fp_bit_989|fp_bit_990|fp_bit_991|fp_bit_992|fp_bit_993|fp_bit_994|fp_bit_995|fp_bit_996|fp_bit_997|fp_bit_998|fp_bit_999|fp_bit_1000|fp_bit_1001|fp_bit_1002|fp_bit_1003|fp_bit_1004|fp_bit_1005|fp_bit_1006|fp_bit_1007|fp_bit_1008|fp_bit_1009|fp_bit_1010|fp_bit_1011|fp_bit_1012|fp_bit_1013|fp_bit_1014|fp_bit_1015|fp_bit_1016|fp_bit_1017|fp_bit_1018|fp_bit_1019|fp_bit_1020|fp_bit_1021|fp_bit_1022|fp_bit_1023|fp_bit_1024|fp_bit_1025|fp_bit_1026|fp_bit_1027|fp_bit_1028|fp_bit_1029|fp_bit_1031|fp_bit_1032|fp_bit_1033|fp_bit_1034|fp_bit_1035|fp_bit_1036|fp_bit_1037|fp_bit_1038|fp_bit_1039|fp_bit_1040|fp_bit_1041|fp_bit_1042|fp_bit_1043|fp_bit_1044|fp_bit_1045|fp_bit_1046|fp_bit_1047|fp_bit_1048|fp_bit_1049|fp_bit_1050|fp_bit_1051|fp_bit_1052|fp_bit_1053|fp_bit_1054|fp_bit_1055|fp_bit_1056|fp_bit_1057|fp_bit_1058|fp_bit_1059|fp_bit_1060|fp_bit_1061|fp_bit_1062|fp_bit_1063|fp_bit_1064|fp_bit_1065|fp_bit_1066|fp_bit_1067|fp_bit_1068|fp_bit_1069|fp_bit_1070|fp_bit_1071|fp_bit_1072|fp_bit_1073|fp_bit_1074|fp_bit_1075|fp_bit_1076|fp_bit_1077|fp_bit_1078|fp_bit_1079|fp_bit_1080|fp_bit_1081|fp_bit_1082|fp_bit_1083|fp_bit_1084|fp_bit_1085|fp_bit_1086|fp_bit_1087|fp_bit_1088|fp_bit_1089|fp_bit_1090|fp_bit_1091|fp_bit_1092|fp_bit_1093|fp_bit_1095|fp_bit_1096|fp_bit_1097|fp_bit_1098|fp_bit_1099|fp_bit_1100|fp_bit_1101|fp_bit_1102|fp_bit_1103|fp_bit_1104|fp_bit_1105|fp_bit_1106|fp_bit_1107|fp_bit_1109|fp_bit_1110|fp_bit_1111|fp_bit_1112|fp_bit_1113|fp_bit_1114|fp_bit_1115|fp_bit_1116|fp_bit_1117|fp_bit_1118|fp_bit_1119|fp_bit_1120|fp_bit_1121|fp_bit_1122|fp_bit_1123|fp_bit_1124|fp_bit_1125|fp_bit_1126|fp_bit_1127|fp_bit_1128|fp_bit_1129|fp_bit_1130|fp_bit_1131|fp_bit_1132|fp_bit_1133|fp_bit_1134|fp_bit_1135|fp_bit_1136|fp_bit_1137|fp_bit_1138|fp_bit_1139|fp_bit_1140|fp_bit_1141|fp_bit_1142|fp_bit_1143|fp_bit_1144|fp_bit_1145|fp_bit_1146|fp_bit_1147|fp_bit_1148|fp_bit_1149|fp_bit_1150|fp_bit_1152|fp_bit_1153|fp_bit_1154|fp_bit_1155|fp_bit_1156|fp_bit_1157|fp_bit_1158|fp_bit_1160|fp_bit_1162|fp_bit_1163|fp_bit_1164|fp_bit_1165|fp_bit_1167|fp_bit_1168|fp_bit_1169|fp_bit_1170|fp_bit_1171|fp_bit_1172|fp_bit_1173|fp_bit_1174|fp_bit_1175|fp_bit_1176|fp_bit_1177|fp_bit_1179|fp_bit_1180|fp_bit_1181|fp_bit_1182|fp_bit_1183|fp_bit_1184|fp_bit_1185|fp_bit_1186|fp_bit_1187|fp_bit_1188|fp_bit_1189|fp_bit_1190|fp_bit_1191|fp_bit_1192|fp_bit_1193|fp_bit_1194|fp_bit_1195|fp_bit_1196|fp_bit_1197|fp_bit_1198|fp_bit_1199|fp_bit_1200|fp_bit_1201|fp_bit_1202|fp_bit_1203|fp_bit_1205|fp_bit_1206|fp_bit_1207|fp_bit_1208|fp_bit_1209|fp_bit_1210|fp_bit_1211|fp_bit_1212|fp_bit_1213|fp_bit_1214|fp_bit_1215|fp_bit_1216|fp_bit_1217|fp_bit_1218|fp_bit_1219|fp_bit_1220|fp_bit_1221|fp_bit_1222|fp_bit_1223|fp_bit_1224|fp_bit_1225|fp_bit_1226|fp_bit_1227|fp_bit_1228|fp_bit_1229|fp_bit_1230|fp_bit_1231|fp_bit_1232|fp_bit_1233|fp_bit_1234|fp_bit_1235|fp_bit_1236|fp_bit_1237|fp_bit_1238|fp_bit_1239|fp_bit_1240|fp_bit_1241|fp_bit_1242|fp_bit_1243|fp_bit_1244|fp_bit_1245|fp_bit_1246|fp_bit_1247|fp_bit_1248|fp_bit_1249|fp_bit_1250|fp_bit_1251|fp_bit_1252|fp_bit_1253|fp_bit_1254|fp_bit_1255|fp_bit_1256|fp_bit_1257|fp_bit_1258|fp_bit_1259|fp_bit_1260|fp_bit_1261|fp_bit_1262|fp_bit_1263|fp_bit_1264|fp_bit_1265|fp_bit_1266|fp_bit_1267|fp_bit_1268|fp_bit_1269|fp_bit_1270|fp_bit_1271|fp_bit_1272|fp_bit_1273|fp_bit_1274|fp_bit_1275|fp_bit_1276|fp_bit_1277|fp_bit_1278|fp_bit_1279|fp_bit_1280|fp_bit_1281|fp_bit_1282|fp_bit_1283|fp_bit_1284|fp_bit_1285|fp_bit_1286|fp_bit_1287|fp_bit_1288|fp_bit_1289|fp_bit_1290|fp_bit_1291|fp_bit_1292|fp_bit_1293|fp_bit_1294|fp_bit_1295|fp_bit_1296|fp_bit_1297|fp_bit_1298|fp_bit_1299|fp_bit_1300|fp_bit_1301|fp_bit_1302|fp_bit_1303|fp_bit_1304|fp_bit_1305|fp_bit_1306|fp_bit_1307|fp_bit_1308|fp_bit_1309|fp_bit_1310|fp_bit_1311|fp_bit_1312|fp_bit_1313|fp_bit_1314|fp_bit_1317|fp_bit_1318|fp_bit_1319|fp_bit_1321|fp_bit_1322|fp_bit_1323|fp_bit_1324|fp_bit_1325|fp_bit_1326|fp_bit_1327|fp_bit_1328|fp_bit_1329|fp_bit_1330|fp_bit_1331|fp_bit_1332|fp_bit_1333|fp_bit_1334|fp_bit_1335|fp_bit_1336|fp_bit_1337|fp_bit_1338|fp_bit_1339|fp_bit_1340|fp_bit_1341|fp_bit_1342|fp_bit_1343|fp_bit_1344|fp_bit_1345|fp_bit_1346|fp_bit_1347|fp_bit_1348|fp_bit_1349|fp_bit_1350|fp_bit_1351|fp_bit_1352|fp_bit_1353|fp_bit_1355|fp_bit_1356|fp_bit_1357|fp_bit_1358|fp_bit_1359|fp_bit_1360|fp_bit_1361|fp_bit_1362|fp_bit_1363|fp_bit_1364|fp_bit_1365|fp_bit_1366|fp_bit_1367|fp_bit_1368|fp_bit_1369|fp_bit_1370|fp_bit_1372|fp_bit_1373|fp_bit_1374|fp_bit_1375|fp_bit_1376|fp_bit_1377|fp_bit_1378|fp_bit_1379|fp_bit_1380|fp_bit_1381|fp_bit_1382|fp_bit_1383|fp_bit_1384|fp_bit_1385|fp_bit_1386|fp_bit_1387|fp_bit_1388|fp_bit_1389|fp_bit_1390|fp_bit_1391|fp_bit_1392|fp_bit_1393|fp_bit_1394|fp_bit_1395|fp_bit_1396|fp_bit_1397|fp_bit_1398|fp_bit_1399|fp_bit_1400|fp_bit_1401|fp_bit_1402|fp_bit_1403|fp_bit_1404|fp_bit_1405|fp_bit_1406|fp_bit_1407|fp_bit_1409|fp_bit_1410|fp_bit_1411|fp_bit_1412|fp_bit_1413|fp_bit_1414|fp_bit_1415|fp_bit_1416|fp_bit_1417|fp_bit_1418|fp_bit_1419|fp_bit_1420|fp_bit_1421|fp_bit_1422|fp_bit_1423|fp_bit_1424|fp_bit_1425|fp_bit_1426|fp_bit_1427|fp_bit_1428|fp_bit_1429|fp_bit_1430|fp_bit_1431|fp_bit_1432|fp_bit_1433|fp_bit_1434|fp_bit_1435|fp_bit_1436|fp_bit_1437|fp_bit_1438|fp_bit_1439|fp_bit_1440|fp_bit_1441|fp_bit_1442|fp_bit_1443|fp_bit_1444|fp_bit_1445|fp_bit_1446|fp_bit_1447|fp_bit_1448|fp_bit_1449|fp_bit_1450|fp_bit_1451|fp_bit_1452|fp_bit_1453|fp_bit_1454|fp_bit_1455|fp_bit_1456|fp_bit_1457|fp_bit_1458|fp_bit_1459|fp_bit_1460|fp_bit_1461|fp_bit_1462|fp_bit_1463|fp_bit_1464|fp_bit_1465|fp_bit_1466|fp_bit_1467|fp_bit_1468|fp_bit_1469|fp_bit_1470|fp_bit_1471|fp_bit_1472|fp_bit_1473|fp_bit_1474|fp_bit_1475|fp_bit_1476|fp_bit_1477|fp_bit_1478|fp_bit_1479|fp_bit_1480|fp_bit_1481|fp_bit_1482|fp_bit_1483|fp_bit_1484|fp_bit_1485|fp_bit_1487|fp_bit_1488|fp_bit_1489|fp_bit_1490|fp_bit_1491|fp_bit_1492|fp_bit_1493|fp_bit_1494|fp_bit_1495|fp_bit_1496|fp_bit_1497|fp_bit_1498|fp_bit_1499|fp_bit_1500|fp_bit_1501|fp_bit_1502|fp_bit_1503|fp_bit_1505|fp_bit_1506|fp_bit_1507|fp_bit_1508|fp_bit_1509|fp_bit_1510|fp_bit_1511|fp_bit_1512|fp_bit_1513|fp_bit_1514|fp_bit_1515|fp_bit_1516|fp_bit_1517|fp_bit_1518|fp_bit_1519|fp_bit_1520|fp_bit_1521|fp_bit_1522|fp_bit_1523|fp_bit_1524|fp_bit_1525|fp_bit_1526|fp_bit_1527|fp_bit_1528|fp_bit_1529|fp_bit_1530|fp_bit_1531|fp_bit_1532|fp_bit_1533|fp_bit_1534|fp_bit_1535|fp_bit_1536|fp_bit_1537|fp_bit_1538|fp_bit_1539|fp_bit_1540|fp_bit_1542|fp_bit_1543|fp_bit_1544|fp_bit_1545|fp_bit_1546|fp_bit_1547|fp_bit_1548|fp_bit_1549|fp_bit_1550|fp_bit_1551|fp_bit_1552|fp_bit_1553|fp_bit_1554|fp_bit_1555|fp_bit_1556|fp_bit_1557|fp_bit_1558|fp_bit_1559|fp_bit_1560|fp_bit_1561|fp_bit_1562|fp_bit_1563|fp_bit_1564|fp_bit_1565|fp_bit_1566|fp_bit_1567|fp_bit_1568|fp_bit_1569|fp_bit_1570|fp_bit_1571|fp_bit_1572|fp_bit_1573|fp_bit_1574|fp_bit_1575|fp_bit_1576|fp_bit_1577|fp_bit_1578|fp_bit_1579|fp_bit_1580|fp_bit_1581|fp_bit_1582|fp_bit_1583|fp_bit_1584|fp_bit_1585|fp_bit_1586|fp_bit_1587|fp_bit_1588|fp_bit_1589|fp_bit_1590|fp_bit_1591|fp_bit_1592|fp_bit_1593|fp_bit_1594|fp_bit_1595|fp_bit_1597|fp_bit_1598|fp_bit_1599|fp_bit_1600|fp_bit_1601|fp_bit_1602|fp_bit_1603|fp_bit_1604|fp_bit_1605|fp_bit_1606|fp_bit_1607|fp_bit_1608|fp_bit_1609|fp_bit_1610|fp_bit_1611|fp_bit_1612|fp_bit_1613|fp_bit_1614|fp_bit_1615|fp_bit_1616|fp_bit_1617|fp_bit_1618|fp_bit_1619|fp_bit_1620|fp_bit_1621|fp_bit_1622|fp_bit_1623|fp_bit_1624|fp_bit_1625|fp_bit_1626|fp_bit_1627|fp_bit_1628|fp_bit_1629|fp_bit_1630|fp_bit_1631|fp_bit_1632|fp_bit_1633|fp_bit_1634|fp_bit_1635|fp_bit_1636|fp_bit_1637|fp_bit_1638|fp_bit_1639|fp_bit_1640|fp_bit_1641|fp_bit_1642|fp_bit_1643|fp_bit_1644|fp_bit_1645|fp_bit_1646|fp_bit_1647|fp_bit_1648|fp_bit_1649|fp_bit_1650|fp_bit_1651|fp_bit_1652|fp_bit_1653|fp_bit_1654|fp_bit_1655|fp_bit_1656|fp_bit_1657|fp_bit_1658|fp_bit_1659|fp_bit_1660|fp_bit_1661|fp_bit_1663|fp_bit_1664|fp_bit_1665|fp_bit_1666|fp_bit_1667|fp_bit_1668|fp_bit_1669|fp_bit_1670|fp_bit_1671|fp_bit_1672|fp_bit_1673|fp_bit_1674|fp_bit_1675|fp_bit_1676|fp_bit_1677|fp_bit_1678|fp_bit_1679|fp_bit_1680|fp_bit_1681|fp_bit_1682|fp_bit_1683|fp_bit_1684|fp_bit_1685|fp_bit_1686|fp_bit_1687|fp_bit_1688|fp_bit_1689|fp_bit_1690|fp_bit_1691|fp_bit_1692|fp_bit_1693|fp_bit_1694|fp_bit_1695|fp_bit_1696|fp_bit_1697|fp_bit_1698|fp_bit_1699|fp_bit_1700|fp_bit_1701|fp_bit_1704|fp_bit_1705|fp_bit_1706|fp_bit_1707|fp_bit_1708|fp_bit_1709|fp_bit_1710|fp_bit_1711|fp_bit_1712|fp_bit_1713|fp_bit_1714|fp_bit_1715|fp_bit_1716|fp_bit_1717|fp_bit_1718|fp_bit_1719|fp_bit_1720|fp_bit_1721|fp_bit_1722|fp_bit_1723|fp_bit_1724|fp_bit_1725|fp_bit_1726|fp_bit_1727|fp_bit_1728|fp_bit_1729|fp_bit_1730|fp_bit_1731|fp_bit_1732|fp_bit_1733|fp_bit_1734|fp_bit_1735|fp_bit_1736|fp_bit_1737|fp_bit_1738|fp_bit_1739|fp_bit_1740|fp_bit_1741|fp_bit_1742|fp_bit_1743|fp_bit_1744|fp_bit_1745|fp_bit_1746|fp_bit_1747|fp_bit_1748|fp_bit_1749|fp_bit_1750|fp_bit_1751|fp_bit_1752|fp_bit_1753|fp_bit_1754|fp_bit_1755|fp_bit_1756|fp_bit_1757|fp_bit_1758|fp_bit_1759|fp_bit_1760|fp_bit_1761|fp_bit_1762|fp_bit_1763|fp_bit_1764|fp_bit_1765|fp_bit_1766|fp_bit_1767|fp_bit_1768|fp_bit_1769|fp_bit_1770|fp_bit_1771|fp_bit_1772|fp_bit_1773|fp_bit_1775|fp_bit_1776|fp_bit_1777|fp_bit_1778|fp_bit_1779|fp_bit_1780|fp_bit_1781|fp_bit_1782|fp_bit_1783|fp_bit_1784|fp_bit_1785|fp_bit_1786|fp_bit_1787|fp_bit_1788|fp_bit_1789|fp_bit_1790|fp_bit_1791|fp_bit_1792|fp_bit_1793|fp_bit_1794|fp_bit_1795|fp_bit_1796|fp_bit_1797|fp_bit_1798|fp_bit_1799|fp_bit_1800|fp_bit_1801|fp_bit_1802|fp_bit_1803|fp_bit_1804|fp_bit_1805|fp_bit_1806|fp_bit_1807|fp_bit_1808|fp_bit_1809|fp_bit_1810|fp_bit_1811|fp_bit_1812|fp_bit_1814|fp_bit_1815|fp_bit_1816|fp_bit_1817|fp_bit_1818|fp_bit_1819|fp_bit_1820|fp_bit_1821|fp_bit_1822|fp_bit_1823|fp_bit_1824|fp_bit_1825|fp_bit_1827|fp_bit_1828|fp_bit_1829|fp_bit_1831|fp_bit_1832|fp_bit_1833|fp_bit_1834|fp_bit_1835|fp_bit_1837|fp_bit_1838|fp_bit_1839|fp_bit_1840|fp_bit_1841|fp_bit_1842|fp_bit_1843|fp_bit_1844|fp_bit_1845|fp_bit_1846|fp_bit_1847|fp_bit_1848|fp_bit_1849|fp_bit_1850|fp_bit_1851|fp_bit_1852|fp_bit_1853|fp_bit_1854|fp_bit_1855|fp_bit_1856|fp_bit_1857|fp_bit_1858|fp_bit_1859|fp_bit_1860|fp_bit_1861|fp_bit_1862|fp_bit_1863|fp_bit_1864|fp_bit_1865|fp_bit_1866|fp_bit_1867|fp_bit_1868|fp_bit_1869|fp_bit_1870|fp_bit_1871|fp_bit_1872|fp_bit_1873|fp_bit_1874|fp_bit_1875|fp_bit_1876|fp_bit_1877|fp_bit_1878|fp_bit_1879|fp_bit_1881|fp_bit_1882|fp_bit_1883|fp_bit_1884|fp_bit_1885|fp_bit_1886|fp_bit_1887|fp_bit_1888|fp_bit_1889|fp_bit_1891|fp_bit_1892|fp_bit_1893|fp_bit_1895|fp_bit_1896|fp_bit_1897|fp_bit_1898|fp_bit_1899|fp_bit_1900|fp_bit_1901|fp_bit_1902|fp_bit_1903|fp_bit_1904|fp_bit_1905|fp_bit_1906|fp_bit_1907|fp_bit_1908|fp_bit_1909|fp_bit_1910|fp_bit_1911|fp_bit_1912|fp_bit_1913|fp_bit_1914|fp_bit_1915|fp_bit_1916|fp_bit_1917|fp_bit_1918|fp_bit_1919|fp_bit_1920|fp_bit_1921|fp_bit_1922|fp_bit_1923|fp_bit_1924|fp_bit_1925|fp_bit_1926|fp_bit_1927|fp_bit_1928|fp_bit_1929|fp_bit_1930|fp_bit_1932|fp_bit_1934|fp_bit_1935|fp_bit_1936|fp_bit_1937|fp_bit_1938|fp_bit_1939|fp_bit_1940|fp_bit_1941|fp_bit_1942|fp_bit_1943|fp_bit_1944|fp_bit_1945|fp_bit_1946|fp_bit_1948|fp_bit_1949|fp_bit_1950|fp_bit_1951|fp_bit_1952|fp_bit_1953|fp_bit_1954|fp_bit_1955|fp_bit_1956|fp_bit_1957|fp_bit_1958|fp_bit_1959|fp_bit_1960|fp_bit_1961|fp_bit_1962|fp_bit_1963|fp_bit_1964|fp_bit_1965|fp_bit_1966|fp_bit_1967|fp_bit_1968|fp_bit_1969|fp_bit_1970|fp_bit_1971|fp_bit_1972|fp_bit_1974|fp_bit_1975|fp_bit_1976|fp_bit_1977|fp_bit_1978|fp_bit_1979|fp_bit_1980|fp_bit_1981|fp_bit_1982|fp_bit_1983|fp_bit_1984|fp_bit_1985|fp_bit_1986|fp_bit_1987|fp_bit_1988|fp_bit_1989|fp_bit_1990|fp_bit_1991|fp_bit_1992|fp_bit_1993|fp_bit_1994|fp_bit_1995|fp_bit_1996|fp_bit_1997|fp_bit_1998|fp_bit_1999|fp_bit_2000|fp_bit_2001|fp_bit_2002|fp_bit_2003|fp_bit_2004|fp_bit_2005|fp_bit_2006|fp_bit_2007|fp_bit_2008|fp_bit_2009|fp_bit_2010|fp_bit_2011|fp_bit_2012|fp_bit_2013|fp_bit_2014|fp_bit_2016|fp_bit_2017|fp_bit_2018|fp_bit_2019|fp_bit_2020|fp_bit_2021|fp_bit_2022|fp_bit_2023|fp_bit_2024|fp_bit_2025|fp_bit_2026|fp_bit_2027|fp_bit_2028|fp_bit_2029|fp_bit_2030|fp_bit_2031|fp_bit_2032|fp_bit_2033|fp_bit_2034|fp_bit_2035|fp_bit_2036|fp_bit_2037|fp_bit_2038|fp_bit_2039|fp_bit_2040|fp_bit_2041|fp_bit_2042|fp_bit_2043|fp_bit_2044|fp_bit_2045|fp_bit_2046|fp_bit_2047
BiLSTM,Morgan FP,1984,0.9639,0.9642,0.9424,0.9894,0.9642,0.9528,0.939,0.8645,0.826,0.8111,0.958,0.826,0.818,0.7706,CorrelationFilter,fp_bit_0|fp_bit_1|fp_bit_2|fp_bit_3|fp_bit_4|fp_bit_5|fp_bit_6|fp_bit_7|fp_bit_8|fp_bit_9|fp_bit_10|fp_bit_11|fp_bit_12|fp_bit_13|fp_bit_14|fp_bit_15|fp_bit_16|fp_bit_17|fp_bit_18|fp_bit_19|fp_bit_20|fp_bit_21|fp_bit_22|fp_bit_23|fp_bit_24|fp_bit_25|fp_bit_26|fp_bit_27|fp_bit_28|fp_bit_29|fp_bit_30|fp_bit_31|fp_bit_32|fp_bit_33|fp_bit_34|fp_bit_35|fp_bit_36|fp_bit_37|fp_bit_38|fp_bit_39|fp_bit_40|fp_bit_41|fp_bit_42|fp_bit_43|fp_bit_44|fp_bit_45|fp_bit_46|fp_bit_47|fp_bit_48|fp_bit_49|fp_bit_50|fp_bit_51|fp_bit_52|fp_bit_53|fp_bit_54|fp_bit_55|fp_bit_56|fp_bit_57|fp_bit_58|fp_bit_59|fp_bit_60|fp_bit_61|fp_bit_62|fp_bit_63|fp_bit_64|fp_bit_65|fp_bit_66|fp_bit_67|fp_bit_68|fp_bit_69|fp_bit_70|fp_bit_72|fp_bit_73|fp_bit_74|fp_bit_75|fp_bit_76|fp_bit_77|fp_bit_78|fp_bit_79|fp_bit_80|fp_bit_81|fp_bit_82|fp_bit_83|fp_bit_84|fp_bit_86|fp_bit_87|fp_bit_88|fp_bit_89|fp_bit_90|fp_bit_91|fp_bit_92|fp_bit_93|fp_bit_94|fp_bit_95|fp_bit_96|fp_bit_97|fp_bit_98|fp_bit_99|fp_bit_100|fp_bit_101|fp_bit_102|fp_bit_103|fp_bit_104|fp_bit_105|fp_bit_106|fp_bit_107|fp_bit_108|fp_bit_109|fp_bit_110|fp_bit_111|fp_bit_112|fp_bit_113|fp_bit_114|fp_bit_115|fp_bit_116|fp_bit_117|fp_bit_118|fp_bit_119|fp_bit_120|fp_bit_121|fp_bit_125|fp_bit_126|fp_bit_127|fp_bit_128|fp_bit_129|fp_bit_130|fp_bit_131|fp_bit_132|fp_bit_133|fp_bit_134|fp_bit_135|fp_bit_136|fp_bit_137|fp_bit_139|fp_bit_140|fp_bit_141|fp_bit_142|fp_bit_143|fp_bit_144|fp_bit_145|fp_bit_146|fp_bit_147|fp_bit_148|fp_bit_149|fp_bit_150|fp_bit_151|fp_bit_152|fp_bit_153|fp_bit_154|fp_bit_155|fp_bit_156|fp_bit_157|fp_bit_158|fp_bit_159|fp_bit_160|fp_bit_162|fp_bit_163|fp_bit_164|fp_bit_165|fp_bit_166|fp_bit_167|fp_bit_168|fp_bit_169|fp_bit_170|fp_bit_171|fp_bit_172|fp_bit_173|fp_bit_174|fp_bit_175|fp_bit_176|fp_bit_177|fp_bit_178|fp_bit_179|fp_bit_180|fp_bit_181|fp_bit_182|fp_bit_183|fp_bit_184|fp_bit_185|fp_bit_186|fp_bit_187|fp_bit_188|fp_bit_189|fp_bit_190|fp_bit_191|fp_bit_192|fp_bit_193|fp_bit_194|fp_bit_195|fp_bit_196|fp_bit_197|fp_bit_198|fp_bit_199|fp_bit_200|fp_bit_201|fp_bit_202|fp_bit_203|fp_bit_204|fp_bit_205|fp_bit_206|fp_bit_207|fp_bit_208|fp_bit_209|fp_bit_210|fp_bit_211|fp_bit_212|fp_bit_213|fp_bit_215|fp_bit_216|fp_bit_217|fp_bit_218|fp_bit_219|fp_bit_220|fp_bit_221|fp_bit_222|fp_bit_223|fp_bit_224|fp_bit_225|fp_bit_226|fp_bit_227|fp_bit_228|fp_bit_229|fp_bit_230|fp_bit_231|fp_bit_232|fp_bit_233|fp_bit_234|fp_bit_235|fp_bit_236|fp_bit_237|fp_bit_238|fp_bit_239|fp_bit_240|fp_bit_241|fp_bit_242|fp_bit_243|fp_bit_244|fp_bit_245|fp_bit_246|fp_bit_247|fp_bit_248|fp_bit_249|fp_bit_250|fp_bit_251|fp_bit_252|fp_bit_253|fp_bit_254|fp_bit_255|fp_bit_256|fp_bit_257|fp_bit_258|fp_bit_259|fp_bit_260|fp_bit_261|fp_bit_262|fp_bit_263|fp_bit_264|fp_bit_265|fp_bit_266|fp_bit_267|fp_bit_268|fp_bit_269|fp_bit_270|fp_bit_271|fp_bit_272|fp_bit_273|fp_bit_274|fp_bit_275|fp_bit_276|fp_bit_277|fp_bit_278|fp_bit_279|fp_bit_280|fp_bit_281|fp_bit_282|fp_bit_283|fp_bit_284|fp_bit_285|fp_bit_286|fp_bit_287|fp_bit_289|fp_bit_290|fp_bit_291|fp_bit_292|fp_bit_293|fp_bit_294|fp_bit_295|fp_bit_296|fp_bit_297|fp_bit_298|fp_bit_299|fp_bit_300|fp_bit_301|fp_bit_302|fp_bit_303|fp_bit_304|fp_bit_305|fp_bit_306|fp_bit_307|fp_bit_308|fp_bit_309|fp_bit_310|fp_bit_311|fp_bit_312|fp_bit_313|fp_bit_314|fp_bit_315|fp_bit_316|fp_bit_317|fp_bit_318|fp_bit_319|fp_bit_320|fp_bit_321|fp_bit_322|fp_bit_323|fp_bit_324|fp_bit_325|fp_bit_326|fp_bit_327|fp_bit_328|fp_bit_329|fp_bit_330|fp_bit_331|fp_bit_332|fp_bit_333|fp_bit_334|fp_bit_335|fp_bit_336|fp_bit_337|fp_bit_338|fp_bit_339|fp_bit_340|fp_bit_341|fp_bit_342|fp_bit_343|fp_bit_344|fp_bit_345|fp_bit_347|fp_bit_348|fp_bit_349|fp_bit_350|fp_bit_351|fp_bit_352|fp_bit_353|fp_bit_354|fp_bit_355|fp_bit_356|fp_bit_357|fp_bit_358|fp_bit_359|fp_bit_360|fp_bit_361|fp_bit_362|fp_bit_363|fp_bit_364|fp_bit_365|fp_bit_366|fp_bit_367|fp_bit_368|fp_bit_369|fp_bit_370|fp_bit_371|fp_bit_372|fp_bit_373|fp_bit_374|fp_bit_375|fp_bit_376|fp_bit_377|fp_bit_378|fp_bit_379|fp_bit_380|fp_bit_381|fp_bit_382|fp_bit_383|fp_bit_384|fp_bit_385|fp_bit_386|fp_bit_387|fp_bit_388|fp_bit_389|fp_bit_390|fp_bit_391|fp_bit_392|fp_bit_393|fp_bit_394|fp_bit_395|fp_bit_396|fp_bit_397|fp_bit_398|fp_bit_399|fp_bit_400|fp_bit_401|fp_bit_402|fp_bit_403|fp_bit_404|fp_bit_405|fp_bit_406|fp_bit_407|fp_bit_408|fp_bit_409|fp_bit_411|fp_bit_412|fp_bit_413|fp_bit_414|fp_bit_415|fp_bit_416|fp_bit_417|fp_bit_418|fp_bit_419|fp_bit_420|fp_bit_421|fp_bit_422|fp_bit_423|fp_bit_424|fp_bit_425|fp_bit_426|fp_bit_427|fp_bit_428|fp_bit_429|fp_bit_430|fp_bit_431|fp_bit_432|fp_bit_433|fp_bit_434|fp_bit_435|fp_bit_437|fp_bit_438|fp_bit_439|fp_bit_440|fp_bit_441|fp_bit_442|fp_bit_443|fp_bit_444|fp_bit_445|fp_bit_446|fp_bit_447|fp_bit_448|fp_bit_449|fp_bit_450|fp_bit_451|fp_bit_452|fp_bit_453|fp_bit_454|fp_bit_455|fp_bit_456|fp_bit_457|fp_bit_458|fp_bit_459|fp_bit_460|fp_bit_461|fp_bit_462|fp_bit_463|fp_bit_464|fp_bit_465|fp_bit_466|fp_bit_467|fp_bit_468|fp_bit_469|fp_bit_470|fp_bit_471|fp_bit_472|fp_bit_473|fp_bit_474|fp_bit_475|fp_bit_476|fp_bit_477|fp_bit_478|fp_bit_479|fp_bit_480|fp_bit_481|fp_bit_482|fp_bit_483|fp_bit_484|fp_bit_485|fp_bit_486|fp_bit_487|fp_bit_488|fp_bit_489|fp_bit_490|fp_bit_491|fp_bit_492|fp_bit_493|fp_bit_494|fp_bit_495|fp_bit_496|fp_bit_497|fp_bit_499|fp_bit_500|fp_bit_501|fp_bit_502|fp_bit_503|fp_bit_504|fp_bit_505|fp_bit_506|fp_bit_507|fp_bit_508|fp_bit_509|fp_bit_510|fp_bit_511|fp_bit_512|fp_bit_513|fp_bit_514|fp_bit_516|fp_bit_517|fp_bit_518|fp_bit_519|fp_bit_520|fp_bit_521|fp_bit_522|fp_bit_523|fp_bit_524|fp_bit_525|fp_bit_526|fp_bit_527|fp_bit_528|fp_bit_529|fp_bit_530|fp_bit_531|fp_bit_532|fp_bit_533|fp_bit_534|fp_bit_535|fp_bit_536|fp_bit_537|fp_bit_538|fp_bit_540|fp_bit_541|fp_bit_542|fp_bit_543|fp_bit_544|fp_bit_545|fp_bit_546|fp_bit_547|fp_bit_548|fp_bit_549|fp_bit_550|fp_bit_551|fp_bit_552|fp_bit_553|fp_bit_554|fp_bit_555|fp_bit_556|fp_bit_557|fp_bit_558|fp_bit_559|fp_bit_560|fp_bit_561|fp_bit_562|fp_bit_563|fp_bit_564|fp_bit_565|fp_bit_566|fp_bit_567|fp_bit_568|fp_bit_569|fp_bit_570|fp_bit_572|fp_bit_573|fp_bit_574|fp_bit_575|fp_bit_576|fp_bit_578|fp_bit_579|fp_bit_580|fp_bit_581|fp_bit_582|fp_bit_583|fp_bit_584|fp_bit_585|fp_bit_586|fp_bit_587|fp_bit_588|fp_bit_589|fp_bit_590|fp_bit_591|fp_bit_592|fp_bit_593|fp_bit_594|fp_bit_595|fp_bit_596|fp_bit_597|fp_bit_598|fp_bit_599|fp_bit_600|fp_bit_601|fp_bit_602|fp_bit_603|fp_bit_604|fp_bit_605|fp_bit_606|fp_bit_607|fp_bit_608|fp_bit_609|fp_bit_610|fp_bit_611|fp_bit_612|fp_bit_613|fp_bit_614|fp_bit_615|fp_bit_616|fp_bit_617|fp_bit_618|fp_bit_619|fp_bit_620|fp_bit_621|fp_bit_622|fp_bit_623|fp_bit_624|fp_bit_625|fp_bit_626|fp_bit_627|fp_bit_628|fp_bit_629|fp_bit_630|fp_bit_631|fp_bit_632|fp_bit_633|fp_bit_634|fp_bit_635|fp_bit_636|fp_bit_637|fp_bit_638|fp_bit_639|fp_bit_640|fp_bit_641|fp_bit_642|fp_bit_643|fp_bit_644|fp_bit_645|fp_bit_646|fp_bit_647|fp_bit_648|fp_bit_649|fp_bit_650|fp_bit_651|fp_bit_652|fp_bit_653|fp_bit_654|fp_bit_655|fp_bit_656|fp_bit_657|fp_bit_658|fp_bit_659|fp_bit_660|fp_bit_661|fp_bit_662|fp_bit_663|fp_bit_664|fp_bit_665|fp_bit_666|fp_bit_667|fp_bit_668|fp_bit_669|fp_bit_670|fp_bit_672|fp_bit_673|fp_bit_674|fp_bit_675|fp_bit_676|fp_bit_677|fp_bit_678|fp_bit_679|fp_bit_680|fp_bit_681|fp_bit_682|fp_bit_683|fp_bit_684|fp_bit_685|fp_bit_686|fp_bit_687|fp_bit_688|fp_bit_689|fp_bit_690|fp_bit_691|fp_bit_692|fp_bit_693|fp_bit_694|fp_bit_695|fp_bit_696|fp_bit_697|fp_bit_698|fp_bit_699|fp_bit_700|fp_bit_701|fp_bit_702|fp_bit_703|fp_bit_704|fp_bit_705|fp_bit_706|fp_bit_707|fp_bit_708|fp_bit_710|fp_bit_711|fp_bit_712|fp_bit_713|fp_bit_714|fp_bit_715|fp_bit_716|fp_bit_717|fp_bit_718|fp_bit_719|fp_bit_720|fp_bit_721|fp_bit_722|fp_bit_723|fp_bit_724|fp_bit_725|fp_bit_726|fp_bit_727|fp_bit_728|fp_bit_729|fp_bit_730|fp_bit_731|fp_bit_732|fp_bit_733|fp_bit_734|fp_bit_735|fp_bit_736|fp_bit_737|fp_bit_738|fp_bit_739|fp_bit_740|fp_bit_741|fp_bit_742|fp_bit_743|fp_bit_744|fp_bit_745|fp_bit_746|fp_bit_747|fp_bit_748|fp_bit_749|fp_bit_750|fp_bit_751|fp_bit_752|fp_bit_753|fp_bit_754|fp_bit_755|fp_bit_756|fp_bit_757|fp_bit_758|fp_bit_759|fp_bit_760|fp_bit_761|fp_bit_762|fp_bit_763|fp_bit_764|fp_bit_765|fp_bit_766|fp_bit_767|fp_bit_768|fp_bit_769|fp_bit_770|fp_bit_771|fp_bit_772|fp_bit_773|fp_bit_774|fp_bit_775|fp_bit_776|fp_bit_778|fp_bit_779|fp_bit_780|fp_bit_781|fp_bit_782|fp_bit_783|fp_bit_784|fp_bit_785|fp_bit_786|fp_bit_787|fp_bit_788|fp_bit_789|fp_bit_790|fp_bit_791|fp_bit_794|fp_bit_795|fp_bit_796|fp_bit_797|fp_bit_798|fp_bit_799|fp_bit_800|fp_bit_801|fp_bit_802|fp_bit_803|fp_bit_804|fp_bit_805|fp_bit_806|fp_bit_807|fp_bit_808|fp_bit_809|fp_bit_810|fp_bit_811|fp_bit_812|fp_bit_814|fp_bit_815|fp_bit_816|fp_bit_817|fp_bit_818|fp_bit_819|fp_bit_820|fp_bit_821|fp_bit_822|fp_bit_823|fp_bit_824|fp_bit_825|fp_bit_826|fp_bit_827|fp_bit_828|fp_bit_829|fp_bit_830|fp_bit_831|fp_bit_832|fp_bit_833|fp_bit_834|fp_bit_835|fp_bit_836|fp_bit_837|fp_bit_838|fp_bit_839|fp_bit_840|fp_bit_841|fp_bit_842|fp_bit_843|fp_bit_844|fp_bit_845|fp_bit_846|fp_bit_847|fp_bit_848|fp_bit_849|fp_bit_850|fp_bit_851|fp_bit_852|fp_bit_853|fp_bit_854|fp_bit_855|fp_bit_856|fp_bit_857|fp_bit_858|fp_bit_859|fp_bit_860|fp_bit_861|fp_bit_862|fp_bit_863|fp_bit_864|fp_bit_865|fp_bit_867|fp_bit_868|fp_bit_869|fp_bit_870|fp_bit_871|fp_bit_872|fp_bit_873|fp_bit_874|fp_bit_875|fp_bit_876|fp_bit_877|fp_bit_878|fp_bit_879|fp_bit_880|fp_bit_881|fp_bit_882|fp_bit_883|fp_bit_884|fp_bit_885|fp_bit_886|fp_bit_887|fp_bit_888|fp_bit_889|fp_bit_890|fp_bit_891|fp_bit_892|fp_bit_893|fp_bit_894|fp_bit_895|fp_bit_896|fp_bit_897|fp_bit_898|fp_bit_899|fp_bit_900|fp_bit_901|fp_bit_902|fp_bit_903|fp_bit_904|fp_bit_905|fp_bit_906|fp_bit_907|fp_bit_908|fp_bit_909|fp_bit_910|fp_bit_911|fp_bit_912|fp_bit_913|fp_bit_914|fp_bit_915|fp_bit_916|fp_bit_917|fp_bit_918|fp_bit_919|fp_bit_921|fp_bit_922|fp_bit_923|fp_bit_924|fp_bit_925|fp_bit_926|fp_bit_927|fp_bit_928|fp_bit_929|fp_bit_930|fp_bit_931|fp_bit_932|fp_bit_934|fp_bit_935|fp_bit_936|fp_bit_937|fp_bit_938|fp_bit_939|fp_bit_940|fp_bit_941|fp_bit_942|fp_bit_943|fp_bit_944|fp_bit_945|fp_bit_946|fp_bit_947|fp_bit_948|fp_bit_949|fp_bit_950|fp_bit_951|fp_bit_952|fp_bit_953|fp_bit_954|fp_bit_955|fp_bit_956|fp_bit_957|fp_bit_958|fp_bit_959|fp_bit_960|fp_bit_961|fp_bit_962|fp_bit_963|fp_bit_964|fp_bit_965|fp_bit_966|fp_bit_967|fp_bit_968|fp_bit_970|fp_bit_971|fp_bit_973|fp_bit_974|fp_bit_975|fp_bit_976|fp_bit_977|fp_bit_978|fp_bit_979|fp_bit_980|fp_bit_981|fp_bit_983|fp_bit_984|fp_bit_985|fp_bit_986|fp_bit_987|fp_bit_988|fp_bit_989|fp_bit_990|fp_bit_991|fp_bit_992|fp_bit_993|fp_bit_994|fp_bit_995|fp_bit_996|fp_bit_997|fp_bit_998|fp_bit_999|fp_bit_1000|fp_bit_1001|fp_bit_1002|fp_bit_1003|fp_bit_1004|fp_bit_1005|fp_bit_1006|fp_bit_1007|fp_bit_1008|fp_bit_1009|fp_bit_1010|fp_bit_1011|fp_bit_1012|fp_bit_1013|fp_bit_1014|fp_bit_1015|fp_bit_1016|fp_bit_1017|fp_bit_1018|fp_bit_1019|fp_bit_1020|fp_bit_1021|fp_bit_1022|fp_bit_1023|fp_bit_1024|fp_bit_1025|fp_bit_1026|fp_bit_1027|fp_bit_1028|fp_bit_1029|fp_bit_1031|fp_bit_1032|fp_bit_1033|fp_bit_1034|fp_bit_1035|fp_bit_1036|fp_bit_1037|fp_bit_1038|fp_bit_1039|fp_bit_1040|fp_bit_1041|fp_bit_1042|fp_bit_1043|fp_bit_1044|fp_bit_1045|fp_bit_1046|fp_bit_1047|fp_bit_1048|fp_bit_1049|fp_bit_1050|fp_bit_1051|fp_bit_1052|fp_bit_1053|fp_bit_1054|fp_bit_1055|fp_bit_1056|fp_bit_1057|fp_bit_1058|fp_bit_1059|fp_bit_1060|fp_bit_1061|fp_bit_1062|fp_bit_1063|fp_bit_1064|fp_bit_1065|fp_bit_1066|fp_bit_1067|fp_bit_1068|fp_bit_1069|fp_bit_1070|fp_bit_1071|fp_bit_1072|fp_bit_1073|fp_bit_1074|fp_bit_1075|fp_bit_1076|fp_bit_1077|fp_bit_1078|fp_bit_1079|fp_bit_1080|fp_bit_1081|fp_bit_1082|fp_bit_1083|fp_bit_1084|fp_bit_1085|fp_bit_1086|fp_bit_1087|fp_bit_1088|fp_bit_1089|fp_bit_1090|fp_bit_1091|fp_bit_1092|fp_bit_1093|fp_bit_1095|fp_bit_1096|fp_bit_1097|fp_bit_1098|fp_bit_1099|fp_bit_1100|fp_bit_1101|fp_bit_1102|fp_bit_1103|fp_bit_1104|fp_bit_1105|fp_bit_1106|fp_bit_1107|fp_bit_1109|fp_bit_1110|fp_bit_1111|fp_bit_1112|fp_bit_1113|fp_bit_1114|fp_bit_1115|fp_bit_1116|fp_bit_1117|fp_bit_1118|fp_bit_1119|fp_bit_1120|fp_bit_1121|fp_bit_1122|fp_bit_1123|fp_bit_1124|fp_bit_1125|fp_bit_1126|fp_bit_1127|fp_bit_1128|fp_bit_1129|fp_bit_1130|fp_bit_1131|fp_bit_1132|fp_bit_1133|fp_bit_1134|fp_bit_1135|fp_bit_1136|fp_bit_1137|fp_bit_1138|fp_bit_1139|fp_bit_1140|fp_bit_1141|fp_bit_1142|fp_bit_1143|fp_bit_1144|fp_bit_1145|fp_bit_1146|fp_bit_1147|fp_bit_1148|fp_bit_1149|fp_bit_1150|fp_bit_1152|fp_bit_1153|fp_bit_1154|fp_bit_1155|fp_bit_1156|fp_bit_1157|fp_bit_1158|fp_bit_1160|fp_bit_1162|fp_bit_1163|fp_bit_1164|fp_bit_1165|fp_bit_1167|fp_bit_1168|fp_bit_1169|fp_bit_1170|fp_bit_1171|fp_bit_1172|fp_bit_1173|fp_bit_1174|fp_bit_1175|fp_bit_1176|fp_bit_1177|fp_bit_1179|fp_bit_1180|fp_bit_1181|fp_bit_1182|fp_bit_1183|fp_bit_1184|fp_bit_1185|fp_bit_1186|fp_bit_1187|fp_bit_1188|fp_bit_1189|fp_bit_1190|fp_bit_1191|fp_bit_1192|fp_bit_1193|fp_bit_1194|fp_bit_1195|fp_bit_1196|fp_bit_1197|fp_bit_1198|fp_bit_1199|fp_bit_1200|fp_bit_1201|fp_bit_1202|fp_bit_1203|fp_bit_1205|fp_bit_1206|fp_bit_1207|fp_bit_1208|fp_bit_1209|fp_bit_1210|fp_bit_1211|fp_bit_1212|fp_bit_1213|fp_bit_1214|fp_bit_1215|fp_bit_1216|fp_bit_1217|fp_bit_1218|fp_bit_1219|fp_bit_1220|fp_bit_1221|fp_bit_1222|fp_bit_1223|fp_bit_1224|fp_bit_1225|fp_bit_1226|fp_bit_1227|fp_bit_1228|fp_bit_1229|fp_bit_1230|fp_bit_1231|fp_bit_1232|fp_bit_1233|fp_bit_1234|fp_bit_1235|fp_bit_1236|fp_bit_1237|fp_bit_1238|fp_bit_1239|fp_bit_1240|fp_bit_1241|fp_bit_1242|fp_bit_1243|fp_bit_1244|fp_bit_1245|fp_bit_1246|fp_bit_1247|fp_bit_1248|fp_bit_1249|fp_bit_1250|fp_bit_1251|fp_bit_1252|fp_bit_1253|fp_bit_1254|fp_bit_1255|fp_bit_1256|fp_bit_1257|fp_bit_1258|fp_bit_1259|fp_bit_1260|fp_bit_1261|fp_bit_1262|fp_bit_1263|fp_bit_1264|fp_bit_1265|fp_bit_1266|fp_bit_1267|fp_bit_1268|fp_bit_1269|fp_bit_1270|fp_bit_1271|fp_bit_1272|fp_bit_1273|fp_bit_1274|fp_bit_1275|fp_bit_1276|fp_bit_1277|fp_bit_1278|fp_bit_1279|fp_bit_1280|fp_bit_1281|fp_bit_1282|fp_bit_1283|fp_bit_1284|fp_bit_1285|fp_bit_1286|fp_bit_1287|fp_bit_1288|fp_bit_1289|fp_bit_1290|fp_bit_1291|fp_bit_1292|fp_bit_1293|fp_bit_1294|fp_bit_1295|fp_bit_1296|fp_bit_1297|fp_bit_1298|fp_bit_1299|fp_bit_1300|fp_bit_1301|fp_bit_1302|fp_bit_1303|fp_bit_1304|fp_bit_1305|fp_bit_1306|fp_bit_1307|fp_bit_1308|fp_bit_1309|fp_bit_1310|fp_bit_1311|fp_bit_1312|fp_bit_1313|fp_bit_1314|fp_bit_1317|fp_bit_1318|fp_bit_1319|fp_bit_1321|fp_bit_1322|fp_bit_1323|fp_bit_1324|fp_bit_1325|fp_bit_1326|fp_bit_1327|fp_bit_1328|fp_bit_1329|fp_bit_1330|fp_bit_1331|fp_bit_1332|fp_bit_1333|fp_bit_1334|fp_bit_1335|fp_bit_1336|fp_bit_1337|fp_bit_1338|fp_bit_1339|fp_bit_1340|fp_bit_1341|fp_bit_1342|fp_bit_1343|fp_bit_1344|fp_bit_1345|fp_bit_1346|fp_bit_1347|fp_bit_1348|fp_bit_1349|fp_bit_1350|fp_bit_1351|fp_bit_1352|fp_bit_1353|fp_bit_1355|fp_bit_1356|fp_bit_1357|fp_bit_1358|fp_bit_1359|fp_bit_1360|fp_bit_1361|fp_bit_1362|fp_bit_1363|fp_bit_1364|fp_bit_1365|fp_bit_1366|fp_bit_1367|fp_bit_1368|fp_bit_1369|fp_bit_1370|fp_bit_1372|fp_bit_1373|fp_bit_1374|fp_bit_1375|fp_bit_1376|fp_bit_1377|fp_bit_1378|fp_bit_1379|fp_bit_1380|fp_bit_1381|fp_bit_1382|fp_bit_1383|fp_bit_1384|fp_bit_1385|fp_bit_1386|fp_bit_1387|fp_bit_1388|fp_bit_1389|fp_bit_1390|fp_bit_1391|fp_bit_1392|fp_bit_1393|fp_bit_1394|fp_bit_1395|fp_bit_1396|fp_bit_1397|fp_bit_1398|fp_bit_1399|fp_bit_1400|fp_bit_1401|fp_bit_1402|fp_bit_1403|fp_bit_1404|fp_bit_1405|fp_bit_1406|fp_bit_1407|fp_bit_1409|fp_bit_1410|fp_bit_1411|fp_bit_1412|fp_bit_1413|fp_bit_1414|fp_bit_1415|fp_bit_1416|fp_bit_1417|fp_bit_1418|fp_bit_1419|fp_bit_1420|fp_bit_1421|fp_bit_1422|fp_bit_1423|fp_bit_1424|fp_bit_1425|fp_bit_1426|fp_bit_1427|fp_bit_1428|fp_bit_1429|fp_bit_1430|fp_bit_1431|fp_bit_1432|fp_bit_1433|fp_bit_1434|fp_bit_1435|fp_bit_1436|fp_bit_1437|fp_bit_1438|fp_bit_1439|fp_bit_1440|fp_bit_1441|fp_bit_1442|fp_bit_1443|fp_bit_1444|fp_bit_1445|fp_bit_1446|fp_bit_1447|fp_bit_1448|fp_bit_1449|fp_bit_1450|fp_bit_1451|fp_bit_1452|fp_bit_1453|fp_bit_1454|fp_bit_1455|fp_bit_1456|fp_bit_1457|fp_bit_1458|fp_bit_1459|fp_bit_1460|fp_bit_1461|fp_bit_1462|fp_bit_1463|fp_bit_1464|fp_bit_1465|fp_bit_1466|fp_bit_1467|fp_bit_1468|fp_bit_1469|fp_bit_1470|fp_bit_1471|fp_bit_1472|fp_bit_1473|fp_bit_1474|fp_bit_1475|fp_bit_1476|fp_bit_1477|fp_bit_1478|fp_bit_1479|fp_bit_1480|fp_bit_1481|fp_bit_1482|fp_bit_1483|fp_bit_1484|fp_bit_1485|fp_bit_1487|fp_bit_1488|fp_bit_1489|fp_bit_1490|fp_bit_1491|fp_bit_1492|fp_bit_1493|fp_bit_1494|fp_bit_1495|fp_bit_1496|fp_bit_1497|fp_bit_1498|fp_bit_1499|fp_bit_1500|fp_bit_1501|fp_bit_1502|fp_bit_1503|fp_bit_1505|fp_bit_1506|fp_bit_1507|fp_bit_1508|fp_bit_1509|fp_bit_1510|fp_bit_1511|fp_bit_1512|fp_bit_1513|fp_bit_1514|fp_bit_1515|fp_bit_1516|fp_bit_1517|fp_bit_1518|fp_bit_1519|fp_bit_1520|fp_bit_1521|fp_bit_1522|fp_bit_1523|fp_bit_1524|fp_bit_1525|fp_bit_1526|fp_bit_1527|fp_bit_1528|fp_bit_1529|fp_bit_1530|fp_bit_1531|fp_bit_1532|fp_bit_1533|fp_bit_1534|fp_bit_1535|fp_bit_1536|fp_bit_1537|fp_bit_1538|fp_bit_1539|fp_bit_1540|fp_bit_1542|fp_bit_1543|fp_bit_1544|fp_bit_1545|fp_bit_1546|fp_bit_1547|fp_bit_1548|fp_bit_1549|fp_bit_1550|fp_bit_1551|fp_bit_1552|fp_bit_1553|fp_bit_1554|fp_bit_1555|fp_bit_1556|fp_bit_1557|fp_bit_1558|fp_bit_1559|fp_bit_1560|fp_bit_1561|fp_bit_1562|fp_bit_1563|fp_bit_1564|fp_bit_1565|fp_bit_1566|fp_bit_1567|fp_bit_1568|fp_bit_1569|fp_bit_1570|fp_bit_1571|fp_bit_1572|fp_bit_1573|fp_bit_1574|fp_bit_1575|fp_bit_1576|fp_bit_1577|fp_bit_1578|fp_bit_1579|fp_bit_1580|fp_bit_1581|fp_bit_1582|fp_bit_1583|fp_bit_1584|fp_bit_1585|fp_bit_1586|fp_bit_1587|fp_bit_1588|fp_bit_1589|fp_bit_1590|fp_bit_1591|fp_bit_1592|fp_bit_1593|fp_bit_1594|fp_bit_1595|fp_bit_1597|fp_bit_1598|fp_bit_1599|fp_bit_1600|fp_bit_1601|fp_bit_1602|fp_bit_1603|fp_bit_1604|fp_bit_1605|fp_bit_1606|fp_bit_1607|fp_bit_1608|fp_bit_1609|fp_bit_1610|fp_bit_1611|fp_bit_1612|fp_bit_1613|fp_bit_1614|fp_bit_1615|fp_bit_1616|fp_bit_1617|fp_bit_1618|fp_bit_1619|fp_bit_1620|fp_bit_1621|fp_bit_1622|fp_bit_1623|fp_bit_1624|fp_bit_1625|fp_bit_1626|fp_bit_1627|fp_bit_1628|fp_bit_1629|fp_bit_1630|fp_bit_1631|fp_bit_1632|fp_bit_1633|fp_bit_1634|fp_bit_1635|fp_bit_1636|fp_bit_1637|fp_bit_1638|fp_bit_1639|fp_bit_1640|fp_bit_1641|fp_bit_1642|fp_bit_1643|fp_bit_1644|fp_bit_1645|fp_bit_1646|fp_bit_1647|fp_bit_1648|fp_bit_1649|fp_bit_1650|fp_bit_1651|fp_bit_1652|fp_bit_1653|fp_bit_1654|fp_bit_1655|fp_bit_1656|fp_bit_1657|fp_bit_1658|fp_bit_1659|fp_bit_1660|fp_bit_1661|fp_bit_1663|fp_bit_1664|fp_bit_1665|fp_bit_1666|fp_bit_1667|fp_bit_1668|fp_bit_1669|fp_bit_1670|fp_bit_1671|fp_bit_1672|fp_bit_1673|fp_bit_1674|fp_bit_1675|fp_bit_1676|fp_bit_1677|fp_bit_1678|fp_bit_1679|fp_bit_1680|fp_bit_1681|fp_bit_1682|fp_bit_1683|fp_bit_1684|fp_bit_1685|fp_bit_1686|fp_bit_1687|fp_bit_1688|fp_bit_1689|fp_bit_1690|fp_bit_1691|fp_bit_1692|fp_bit_1693|fp_bit_1694|fp_bit_1695|fp_bit_1696|fp_bit_1697|fp_bit_1698|fp_bit_1699|fp_bit_1700|fp_bit_1701|fp_bit_1704|fp_bit_1705|fp_bit_1706|fp_bit_1707|fp_bit_1708|fp_bit_1709|fp_bit_1710|fp_bit_1711|fp_bit_1712|fp_bit_1713|fp_bit_1714|fp_bit_1715|fp_bit_1716|fp_bit_1717|fp_bit_1718|fp_bit_1719|fp_bit_1720|fp_bit_1721|fp_bit_1722|fp_bit_1723|fp_bit_1724|fp_bit_1725|fp_bit_1726|fp_bit_1727|fp_bit_1728|fp_bit_1729|fp_bit_1730|fp_bit_1731|fp_bit_1732|fp_bit_1733|fp_bit_1734|fp_bit_1735|fp_bit_1736|fp_bit_1737|fp_bit_1738|fp_bit_1739|fp_bit_1740|fp_bit_1741|fp_bit_1742|fp_bit_1743|fp_bit_1744|fp_bit_1745|fp_bit_1746|fp_bit_1747|fp_bit_1748|fp_bit_1749|fp_bit_1750|fp_bit_1751|fp_bit_1752|fp_bit_1753|fp_bit_1754|fp_bit_1755|fp_bit_1756|fp_bit_1757|fp_bit_1758|fp_bit_1759|fp_bit_1760|fp_bit_1761|fp_bit_1762|fp_bit_1763|fp_bit_1764|fp_bit_1765|fp_bit_1766|fp_bit_1767|fp_bit_1768|fp_bit_1769|fp_bit_1770|fp_bit_1771|fp_bit_1772|fp_bit_1773|fp_bit_1775|fp_bit_1776|fp_bit_1777|fp_bit_1778|fp_bit_1779|fp_bit_1780|fp_bit_1781|fp_bit_1782|fp_bit_1783|fp_bit_1784|fp_bit_1785|fp_bit_1786|fp_bit_1787|fp_bit_1788|fp_bit_1789|fp_bit_1790|fp_bit_1791|fp_bit_1792|fp_bit_1793|fp_bit_1794|fp_bit_1795|fp_bit_1796|fp_bit_1797|fp_bit_1798|fp_bit_1799|fp_bit_1800|fp_bit_1801|fp_bit_1802|fp_bit_1803|fp_bit_1804|fp_bit_1805|fp_bit_1806|fp_bit_1807|fp_bit_1808|fp_bit_1809|fp_bit_1810|fp_bit_1811|fp_bit_1812|fp_bit_1814|fp_bit_1815|fp_bit_1816|fp_bit_1817|fp_bit_1818|fp_bit_1819|fp_bit_1820|fp_bit_1821|fp_bit_1822|fp_bit_1823|fp_bit_1824|fp_bit_1825|fp_bit_1827|fp_bit_1828|fp_bit_1829|fp_bit_1831|fp_bit_1832|fp_bit_1833|fp_bit_1834|fp_bit_1835|fp_bit_1837|fp_bit_1838|fp_bit_1839|fp_bit_1840|fp_bit_1841|fp_bit_1842|fp_bit_1843|fp_bit_1844|fp_bit_1845|fp_bit_1846|fp_bit_1847|fp_bit_1848|fp_bit_1849|fp_bit_1850|fp_bit_1851|fp_bit_1852|fp_bit_1853|fp_bit_1854|fp_bit_1855|fp_bit_1856|fp_bit_1857|fp_bit_1858|fp_bit_1859|fp_bit_1860|fp_bit_1861|fp_bit_1862|fp_bit_1863|fp_bit_1864|fp_bit_1865|fp_bit_1866|fp_bit_1867|fp_bit_1868|fp_bit_1869|fp_bit_1870|fp_bit_1871|fp_bit_1872|fp_bit_1873|fp_bit_1874|fp_bit_1875|fp_bit_1876|fp_bit_1877|fp_bit_1878|fp_bit_1879|fp_bit_1881|fp_bit_1882|fp_bit_1883|fp_bit_1884|fp_bit_1885|fp_bit_1886|fp_bit_1887|fp_bit_1888|fp_bit_1889|fp_bit_1891|fp_bit_1892|fp_bit_1893|fp_bit_1895|fp_bit_1896|fp_bit_1897|fp_bit_1898|fp_bit_1899|fp_bit_1900|fp_bit_1901|fp_bit_1902|fp_bit_1903|fp_bit_1904|fp_bit_1905|fp_bit_1906|fp_bit_1907|fp_bit_1908|fp_bit_1909|fp_bit_1910|fp_bit_1911|fp_bit_1912|fp_bit_1913|fp_bit_1914|fp_bit_1915|fp_bit_1916|fp_bit_1917|fp_bit_1918|fp_bit_1919|fp_bit_1920|fp_bit_1921|fp_bit_1922|fp_bit_1923|fp_bit_1924|fp_bit_1925|fp_bit_1926|fp_bit_1927|fp_bit_1928|fp_bit_1929|fp_bit_1930|fp_bit_1932|fp_bit_1934|fp_bit_1935|fp_bit_1936|fp_bit_1937|fp_bit_1938|fp_bit_1939|fp_bit_1940|fp_bit_1941|fp_bit_1942|fp_bit_1943|fp_bit_1944|fp_bit_1945|fp_bit_1946|fp_bit_1948|fp_bit_1949|fp_bit_1950|fp_bit_1951|fp_bit_1952|fp_bit_1953|fp_bit_1954|fp_bit_1955|fp_bit_1956|fp_bit_1957|fp_bit_1958|fp_bit_1959|fp_bit_1960|fp_bit_1961|fp_bit_1962|fp_bit_1963|fp_bit_1964|fp_bit_1965|fp_bit_1966|fp_bit_1967|fp_bit_1968|fp_bit_1969|fp_bit_1970|fp_bit_1971|fp_bit_1972|fp_bit_1974|fp_bit_1975|fp_bit_1976|fp_bit_1977|fp_bit_1978|fp_bit_1979|fp_bit_1980|fp_bit_1981|fp_bit_1982|fp_bit_1983|fp_bit_1984|fp_bit_1985|fp_bit_1986|fp_bit_1987|fp_bit_1988|fp_bit_1989|fp_bit_1990|fp_bit_1991|fp_bit_1992|fp_bit_1993|fp_bit_1994|fp_bit_1995|fp_bit_1996|fp_bit_1997|fp_bit_1998|fp_bit_1999|fp_bit_2000|fp_bit_2001|fp_bit_2002|fp_bit_2003|fp_bit_2004|fp_bit_2005|fp_bit_2006|fp_bit_2007|fp_bit_2008|fp_bit_2009|fp_bit_2010|fp_bit_2011|fp_bit_2012|fp_bit_2013|fp_bit_2014|fp_bit_2016|fp_bit_2017|fp_bit_2018|fp_bit_2019|fp_bit_2020|fp_bit_2021|fp_bit_2022|fp_bit_2023|fp_bit_2024|fp_bit_2025|fp_bit_2026|fp_bit_2027|fp_bit_2028|fp_bit_2029|fp_bit_2030|fp_bit_2031|fp_bit_2032|fp_bit_2033|fp_bit_2034|fp_bit_2035|fp_bit_2036|fp_bit_2037|fp_bit_2038|fp_bit_2039|fp_bit_2040|fp_bit_2041|fp_bit_2042|fp_bit_2043|fp_bit_2044|fp_bit_2045|fp_bit_2046|fp_bit_2047
Logistic Regression,MACCS,149,0.8236,0.7645,0.7852,0.9366,0.7645,0.7731,0.6927,0.8146,0.7452,0.7729,0.9347,0.7452,0.7573,0.677,CorrelationFilter,maccs_3|maccs_7|maccs_8|maccs_9|maccs_10|maccs_11|maccs_12|maccs_13|maccs_14|maccs_15|maccs_16|maccs_17|maccs_18|maccs_19|maccs_20|maccs_21|maccs_22|maccs_23|maccs_24|maccs_25|maccs_26|maccs_27|maccs_28|maccs_29|maccs_30|maccs_31|maccs_32|maccs_33|maccs_34|maccs_35|maccs_36|maccs_37|maccs_38|maccs_39|maccs_40|maccs_41|maccs_42|maccs_43|maccs_44|maccs_45|maccs_46|maccs_47|maccs_48|maccs_49|maccs_51|maccs_52|maccs_53|maccs_54|maccs_55|maccs_56|maccs_57|maccs_59|maccs_62|maccs_64|maccs_65|maccs_66|maccs_67|maccs_68|maccs_69|maccs_70|maccs_72|maccs_73|maccs_74|maccs_75|maccs_76|maccs_77|maccs_78|maccs_79|maccs_80|maccs_81|maccs_82|maccs_83|maccs_84|maccs_85|maccs_86|maccs_87|maccs_88|maccs_89|maccs_90|maccs_91|maccs_92|maccs_93|maccs_94|maccs_95|maccs_96|maccs_97|maccs_98|maccs_99|maccs_100|maccs_101|maccs_102|maccs_103|maccs_104|maccs_106|maccs_107|maccs_108|maccs_109|maccs_111|maccs_112|maccs_113|maccs_114|maccs_115|maccs_116|maccs_119|maccs_120|maccs_121|maccs_122|maccs_123|maccs_124|maccs_125|maccs_126|maccs_128|maccs_129|maccs_130|maccs_131|maccs_132|maccs_133|maccs_134|maccs_135|maccs_136|maccs_137|maccs_138|maccs_139|maccs_140|maccs_141|maccs_142|maccs_143|maccs_144|maccs_145|maccs_146|maccs_147|maccs_148|maccs_149|maccs_150|maccs_151|maccs_152|maccs_153|maccs_154|maccs_155|maccs_156|maccs_157|maccs_158|maccs_159|maccs_160|maccs_162|maccs_163|maccs_164|maccs_165|maccs_166
Decision Tree,MACCS,149,0.9678,0.9529,0.9724,0.9868,0.9529,0.9623,0.9446,0.8541,0.7742,0.806,0.9491,0.7742,0.789,0.7463,CorrelationFilter,maccs_3|maccs_7|maccs_8|maccs_9|maccs_10|maccs_11|maccs_12|maccs_13|maccs_14|maccs_15|maccs_16|maccs_17|maccs_18|maccs_19|maccs_20|maccs_21|maccs_22|maccs_23|maccs_24|maccs_25|maccs_26|maccs_27|maccs_28|maccs_29|maccs_30|maccs_31|maccs_32|maccs_33|maccs_34|maccs_35|maccs_36|maccs_37|maccs_38|maccs_39|maccs_40|maccs_41|maccs_42|maccs_43|maccs_44|maccs_45|maccs_46|maccs_47|maccs_48|maccs_49|maccs_51|maccs_52|maccs_53|maccs_54|maccs_55|maccs_56|maccs_57|maccs_59|maccs_62|maccs_64|maccs_65|maccs_66|maccs_67|maccs_68|maccs_69|maccs_70|maccs_72|maccs_73|maccs_74|maccs_75|maccs_76|maccs_77|maccs_78|maccs_79|maccs_80|maccs_81|maccs_82|maccs_83|maccs_84|maccs_85|maccs_86|maccs_87|maccs_88|maccs_89|maccs_90|maccs_91|maccs_92|maccs_93|maccs_94|maccs_95|maccs_96|maccs_97|maccs_98|maccs_99|maccs_100|maccs_101|maccs_102|maccs_103|maccs_104|maccs_106|maccs_107|maccs_108|maccs_109|maccs_111|maccs_112|maccs_113|maccs_114|maccs_115|maccs_116|maccs_119|maccs_120|maccs_121|maccs_122|maccs_123|maccs_124|maccs_125|maccs_126|maccs_128|maccs_129|maccs_130|maccs_131|maccs_132|maccs_133|maccs_134|maccs_135|maccs_136|maccs_137|maccs_138|maccs_139|maccs_140|maccs_141|maccs_142|maccs_143|maccs_144|maccs_145|maccs_146|maccs_147|maccs_148|maccs_149|maccs_150|maccs_151|maccs_152|maccs_153|maccs_154|maccs_155|maccs_156|maccs_157|maccs_158|maccs_159|maccs_160|maccs_162|maccs_163|maccs_164|maccs_165|maccs_166
Random Forest,MACCS,149,0.9678,0.961,0.9655,0.9883,0.961,0.9631,0.9449,0.8864,0.8372,0.8629,0.9607,0.8372,0.8494,0.8037,CorrelationFilter,maccs_3|maccs_7|maccs_8|maccs_9|maccs_10|maccs_11|maccs_12|maccs_13|maccs_14|maccs_15|maccs_16|maccs_17|maccs_18|maccs_19|maccs_20|maccs_21|maccs_22|maccs_23|maccs_24|maccs_25|maccs_26|maccs_27|maccs_28|maccs_29|maccs_30|maccs_31|maccs_32|maccs_33|maccs_34|maccs_35|maccs_36|maccs_37|maccs_38|maccs_39|maccs_40|maccs_41|maccs_42|maccs_43|maccs_44|maccs_45|maccs_46|maccs_47|maccs_48|maccs_49|maccs_51|maccs_52|maccs_53|maccs_54|maccs_55|maccs_56|maccs_57|maccs_59|maccs_62|maccs_64|maccs_65|maccs_66|maccs_67|maccs_68|maccs_69|maccs_70|maccs_72|maccs_73|maccs_74|maccs_75|maccs_76|maccs_77|maccs_78|maccs_79|maccs_80|maccs_81|maccs_82|maccs_83|maccs_84|maccs_85|maccs_86|maccs_87|maccs_88|maccs_89|maccs_90|maccs_91|maccs_92|maccs_93|maccs_94|maccs_95|maccs_96|maccs_97|maccs_98|maccs_99|maccs_100|maccs_101|maccs_102|maccs_103|maccs_104|maccs_106|maccs_107|maccs_108|maccs_109|maccs_111|maccs_112|maccs_113|maccs_114|maccs_115|maccs_116|maccs_119|maccs_120|maccs_121|maccs_122|maccs_123|maccs_124|maccs_125|maccs_126|maccs_128|maccs_129|maccs_130|maccs_131|maccs_132|maccs_133|maccs_134|maccs_135|maccs_136|maccs_137|maccs_138|maccs_139|maccs_140|maccs_141|maccs_142|maccs_143|maccs_144|maccs_145|maccs_146|maccs_147|maccs_148|maccs_149|maccs_150|maccs_151|maccs_152|maccs_153|maccs_154|maccs_155|maccs_156|maccs_157|maccs_158|maccs_159|maccs_160|maccs_162|maccs_163|maccs_164|maccs_165|maccs_166
Extra Trees,MACCS,149,0.9678,0.9529,0.9724,0.9868,0.9529,0.9623,0.9446,0.8889,0.8399,0.8657,0.961,0.8399,0.8522,0.8079,CorrelationFilter,maccs_3|maccs_7|maccs_8|maccs_9|maccs_10|maccs_11|maccs_12|maccs_13|maccs_14|maccs_15|maccs_16|maccs_17|maccs_18|maccs_19|maccs_20|maccs_21|maccs_22|maccs_23|maccs_24|maccs_25|maccs_26|maccs_27|maccs_28|maccs_29|maccs_30|maccs_31|maccs_32|maccs_33|maccs_34|maccs_35|maccs_36|maccs_37|maccs_38|maccs_39|maccs_40|maccs_41|maccs_42|maccs_43|maccs_44|maccs_45|maccs_46|maccs_47|maccs_48|maccs_49|maccs_51|maccs_52|maccs_53|maccs_54|maccs_55|maccs_56|maccs_57|maccs_59|maccs_62|maccs_64|maccs_65|maccs_66|maccs_67|maccs_68|maccs_69|maccs_70|maccs_72|maccs_73|maccs_74|maccs_75|maccs_76|maccs_77|maccs_78|maccs_79|maccs_80|maccs_81|maccs_82|maccs_83|maccs_84|maccs_85|maccs_86|maccs_87|maccs_88|maccs_89|maccs_90|maccs_91|maccs_92|maccs_93|maccs_94|maccs_95|maccs_96|maccs_97|maccs_98|maccs_99|maccs_100|maccs_101|maccs_102|maccs_103|maccs_104|maccs_106|maccs_107|maccs_108|maccs_109|maccs_111|maccs_112|maccs_113|maccs_114|maccs_115|maccs_116|maccs_119|maccs_120|maccs_121|maccs_122|maccs_123|maccs_124|maccs_125|maccs_126|maccs_128|maccs_129|maccs_130|maccs_131|maccs_132|maccs_133|maccs_134|maccs_135|maccs_136|maccs_137|maccs_138|maccs_139|maccs_140|maccs_141|maccs_142|maccs_143|maccs_144|maccs_145|maccs_146|maccs_147|maccs_148|maccs_149|maccs_150|maccs_151|maccs_152|maccs_153|maccs_154|maccs_155|maccs_156|maccs_157|maccs_158|maccs_159|maccs_160|maccs_162|maccs_163|maccs_164|maccs_165|maccs_166
Gradient Boosting,MACCS,149,0.9301,0.9167,0.9214,0.975,0.9167,0.9188,0.8799,0.8755,0.8257,0.8445,0.9579,0.8257,0.8347,0.7854,CorrelationFilter,maccs_3|maccs_7|maccs_8|maccs_9|maccs_10|maccs_11|maccs_12|maccs_13|maccs_14|maccs_15|maccs_16|maccs_17|maccs_18|maccs_19|maccs_20|maccs_21|maccs_22|maccs_23|maccs_24|maccs_25|maccs_26|maccs_27|maccs_28|maccs_29|maccs_30|maccs_31|maccs_32|maccs_33|maccs_34|maccs_35|maccs_36|maccs_37|maccs_38|maccs_39|maccs_40|maccs_41|maccs_42|maccs_43|maccs_44|maccs_45|maccs_46|maccs_47|maccs_48|maccs_49|maccs_51|maccs_52|maccs_53|maccs_54|maccs_55|maccs_56|maccs_57|maccs_59|maccs_62|maccs_64|maccs_65|maccs_66|maccs_67|maccs_68|maccs_69|maccs_70|maccs_72|maccs_73|maccs_74|maccs_75|maccs_76|maccs_77|maccs_78|maccs_79|maccs_80|maccs_81|maccs_82|maccs_83|maccs_84|maccs_85|maccs_86|maccs_87|maccs_88|maccs_89|maccs_90|maccs_91|maccs_92|maccs_93|maccs_94|maccs_95|maccs_96|maccs_97|maccs_98|maccs_99|maccs_100|maccs_101|maccs_102|maccs_103|maccs_104|maccs_106|maccs_107|maccs_108|maccs_109|maccs_111|maccs_112|maccs_113|maccs_114|maccs_115|maccs_116|maccs_119|maccs_120|maccs_121|maccs_122|maccs_123|maccs_124|maccs_125|maccs_126|maccs_128|maccs_129|maccs_130|maccs_131|maccs_132|maccs_133|maccs_134|maccs_135|maccs_136|maccs_137|maccs_138|maccs_139|maccs_140|maccs_141|maccs_142|maccs_143|maccs_144|maccs_145|maccs_146|maccs_147|maccs_148|maccs_149|maccs_150|maccs_151|maccs_152|maccs_153|maccs_154|maccs_155|maccs_156|maccs_157|maccs_158|maccs_159|maccs_160|maccs_162|maccs_163|maccs_164|maccs_165|maccs_166
AdaBoost,MACCS,149,0.6585,0.3176,0.3357,0.8521,0.3176,0.3124,0.3207,0.6592,0.3159,0.3374,0.8519,0.3159,0.3117,0.3212,CorrelationFilter,maccs_3|maccs_7|maccs_8|maccs_9|maccs_10|maccs_11|maccs_12|maccs_13|maccs_14|maccs_15|maccs_16|maccs_17|maccs_18|maccs_19|maccs_20|maccs_21|maccs_22|maccs_23|maccs_24|maccs_25|maccs_26|maccs_27|maccs_28|maccs_29|maccs_30|maccs_31|maccs_32|maccs_33|maccs_34|maccs_35|maccs_36|maccs_37|maccs_38|maccs_39|maccs_40|maccs_41|maccs_42|maccs_43|maccs_44|maccs_45|maccs_46|maccs_47|maccs_48|maccs_49|maccs_51|maccs_52|maccs_53|maccs_54|maccs_55|maccs_56|maccs_57|maccs_59|maccs_62|maccs_64|maccs_65|maccs_66|maccs_67|maccs_68|maccs_69|maccs_70|maccs_72|maccs_73|maccs_74|maccs_75|maccs_76|maccs_77|maccs_78|maccs_79|maccs_80|maccs_81|maccs_82|maccs_83|maccs_84|maccs_85|maccs_86|maccs_87|maccs_88|maccs_89|maccs_90|maccs_91|maccs_92|maccs_93|maccs_94|maccs_95|maccs_96|maccs_97|maccs_98|maccs_99|maccs_100|maccs_101|maccs_102|maccs_103|maccs_104|maccs_106|maccs_107|maccs_108|maccs_109|maccs_111|maccs_112|maccs_113|maccs_114|maccs_115|maccs_116|maccs_119|maccs_120|maccs_121|maccs_122|maccs_123|maccs_124|maccs_125|maccs_126|maccs_128|maccs_129|maccs_130|maccs_131|maccs_132|maccs_133|maccs_134|maccs_135|maccs_136|maccs_137|maccs_138|maccs_139|maccs_140|maccs_141|maccs_142|maccs_143|maccs_144|maccs_145|maccs_146|maccs_147|maccs_148|maccs_149|maccs_150|maccs_151|maccs_152|maccs_153|maccs_154|maccs_155|maccs_156|maccs_157|maccs_158|maccs_159|maccs_160|maccs_162|maccs_163|maccs_164|maccs_165|maccs_166
XGBoost,MACCS,149,0.9315,0.9202,0.9229,0.9754,0.9202,0.9211,0.8825,0.8844,0.8403,0.8543,0.9604,0.8403,0.847,0.8006,CorrelationFilter,maccs_3|maccs_7|maccs_8|maccs_9|maccs_10|maccs_11|maccs_12|maccs_13|maccs_14|maccs_15|maccs_16|maccs_17|maccs_18|maccs_19|maccs_20|maccs_21|maccs_22|maccs_23|maccs_24|maccs_25|maccs_26|maccs_27|maccs_28|maccs_29|maccs_30|maccs_31|maccs_32|maccs_33|maccs_34|maccs_35|maccs_36|maccs_37|maccs_38|maccs_39|maccs_40|maccs_41|maccs_42|maccs_43|maccs_44|maccs_45|maccs_46|maccs_47|maccs_48|maccs_49|maccs_51|maccs_52|maccs_53|maccs_54|maccs_55|maccs_56|maccs_57|maccs_59|maccs_62|maccs_64|maccs_65|maccs_66|maccs_67|maccs_68|maccs_69|maccs_70|maccs_72|maccs_73|maccs_74|maccs_75|maccs_76|maccs_77|maccs_78|maccs_79|maccs_80|maccs_81|maccs_82|maccs_83|maccs_84|maccs_85|maccs_86|maccs_87|maccs_88|maccs_89|maccs_90|maccs_91|maccs_92|maccs_93|maccs_94|maccs_95|maccs_96|maccs_97|maccs_98|maccs_99|maccs_100|maccs_101|maccs_102|maccs_103|maccs_104|maccs_106|maccs_107|maccs_108|maccs_109|maccs_111|maccs_112|maccs_113|maccs_114|maccs_115|maccs_116|maccs_119|maccs_120|maccs_121|maccs_122|maccs_123|maccs_124|maccs_125|maccs_126|maccs_128|maccs_129|maccs_130|maccs_131|maccs_132|maccs_133|maccs_134|maccs_135|maccs_136|maccs_137|maccs_138|maccs_139|maccs_140|maccs_141|maccs_142|maccs_143|maccs_144|maccs_145|maccs_146|maccs_147|maccs_148|maccs_149|maccs_150|maccs_151|maccs_152|maccs_153|maccs_154|maccs_155|maccs_156|maccs_157|maccs_158|maccs_159|maccs_160|maccs_162|maccs_163|maccs_164|maccs_165|maccs_166
SVM,MACCS,149,0.8834,0.8464,0.8576,0.9582,0.8464,0.8507,0.7985,0.8614,0.8093,0.8261,0.9509,0.8093,0.8161,0.7597,CorrelationFilter,maccs_3|maccs_7|maccs_8|maccs_9|maccs_10|maccs_11|maccs_12|maccs_13|maccs_14|maccs_15|maccs_16|maccs_17|maccs_18|maccs_19|maccs_20|maccs_21|maccs_22|maccs_23|maccs_24|maccs_25|maccs_26|maccs_27|maccs_28|maccs_29|maccs_30|maccs_31|maccs_32|maccs_33|maccs_34|maccs_35|maccs_36|maccs_37|maccs_38|maccs_39|maccs_40|maccs_41|maccs_42|maccs_43|maccs_44|maccs_45|maccs_46|maccs_47|maccs_48|maccs_49|maccs_51|maccs_52|maccs_53|maccs_54|maccs_55|maccs_56|maccs_57|maccs_59|maccs_62|maccs_64|maccs_65|maccs_66|maccs_67|maccs_68|maccs_69|maccs_70|maccs_72|maccs_73|maccs_74|maccs_75|maccs_76|maccs_77|maccs_78|maccs_79|maccs_80|maccs_81|maccs_82|maccs_83|maccs_84|maccs_85|maccs_86|maccs_87|maccs_88|maccs_89|maccs_90|maccs_91|maccs_92|maccs_93|maccs_94|maccs_95|maccs_96|maccs_97|maccs_98|maccs_99|maccs_100|maccs_101|maccs_102|maccs_103|maccs_104|maccs_106|maccs_107|maccs_108|maccs_109|maccs_111|maccs_112|maccs_113|maccs_114|maccs_115|maccs_116|maccs_119|maccs_120|maccs_121|maccs_122|maccs_123|maccs_124|maccs_125|maccs_126|maccs_128|maccs_129|maccs_130|maccs_131|maccs_132|maccs_133|maccs_134|maccs_135|maccs_136|maccs_137|maccs_138|maccs_139|maccs_140|maccs_141|maccs_142|maccs_143|maccs_144|maccs_145|maccs_146|maccs_147|maccs_148|maccs_149|maccs_150|maccs_151|maccs_152|maccs_153|maccs_154|maccs_155|maccs_156|maccs_157|maccs_158|maccs_159|maccs_160|maccs_162|maccs_163|maccs_164|maccs_165|maccs_166
BiGRU,MACCS,149,0.9032,0.918,0.8696,0.9731,0.918,0.8893,0.8427,0.8634,0.8533,0.8072,0.9623,0.8533,0.8266,0.7769,CorrelationFilter,maccs_3|maccs_7|maccs_8|maccs_9|maccs_10|maccs_11|maccs_12|maccs_13|maccs_14|maccs_15|maccs_16|maccs_17|maccs_18|maccs_19|maccs_20|maccs_21|maccs_22|maccs_23|maccs_24|maccs_25|maccs_26|maccs_27|maccs_28|maccs_29|maccs_30|maccs_31|maccs_32|maccs_33|maccs_34|maccs_35|maccs_36|maccs_37|maccs_38|maccs_39|maccs_40|maccs_41|maccs_42|maccs_43|maccs_44|maccs_45|maccs_46|maccs_47|maccs_48|maccs_49|maccs_51|maccs_52|maccs_53|maccs_54|maccs_55|maccs_56|maccs_57|maccs_59|maccs_62|maccs_64|maccs_65|maccs_66|maccs_67|maccs_68|maccs_69|maccs_70|maccs_72|maccs_73|maccs_74|maccs_75|maccs_76|maccs_77|maccs_78|maccs_79|maccs_80|maccs_81|maccs_82|maccs_83|maccs_84|maccs_85|maccs_86|maccs_87|maccs_88|maccs_89|maccs_90|maccs_91|maccs_92|maccs_93|maccs_94|maccs_95|maccs_96|maccs_97|maccs_98|maccs_99|maccs_100|maccs_101|maccs_102|maccs_103|maccs_104|maccs_106|maccs_107|maccs_108|maccs_109|maccs_111|maccs_112|maccs_113|maccs_114|maccs_115|maccs_116|maccs_119|maccs_120|maccs_121|maccs_122|maccs_123|maccs_124|maccs_125|maccs_126|maccs_128|maccs_129|maccs_130|maccs_131|maccs_132|maccs_133|maccs_134|maccs_135|maccs_136|maccs_137|maccs_138|maccs_139|maccs_140|maccs_141|maccs_142|maccs_143|maccs_144|maccs_145|maccs_146|maccs_147|maccs_148|maccs_149|maccs_150|maccs_151|maccs_152|maccs_153|maccs_154|maccs_155|maccs_156|maccs_157|maccs_158|maccs_159|maccs_160|maccs_162|maccs_163|maccs_164|maccs_165|maccs_166
BiLSTM,MACCS,149,0.9226,0.9308,0.8982,0.9773,0.9308,0.9112,0.872,0.8682,0.8448,0.8278,0.9607,0.8448,0.8331,0.78,CorrelationFilter,maccs_3|maccs_7|maccs_8|maccs_9|maccs_10|maccs_11|maccs_12|maccs_13|maccs_14|maccs_15|maccs_16|maccs_17|maccs_18|maccs_19|maccs_20|maccs_21|maccs_22|maccs_23|maccs_24|maccs_25|maccs_26|maccs_27|maccs_28|maccs_29|maccs_30|maccs_31|maccs_32|maccs_33|maccs_34|maccs_35|maccs_36|maccs_37|maccs_38|maccs_39|maccs_40|maccs_41|maccs_42|maccs_43|maccs_44|maccs_45|maccs_46|maccs_47|maccs_48|maccs_49|maccs_51|maccs_52|maccs_53|maccs_54|maccs_55|maccs_56|maccs_57|maccs_59|maccs_62|maccs_64|maccs_65|maccs_66|maccs_67|maccs_68|maccs_69|maccs_70|maccs_72|maccs_73|maccs_74|maccs_75|maccs_76|maccs_77|maccs_78|maccs_79|maccs_80|maccs_81|maccs_82|maccs_83|maccs_84|maccs_85|maccs_86|maccs_87|maccs_88|maccs_89|maccs_90|maccs_91|maccs_92|maccs_93|maccs_94|maccs_95|maccs_96|maccs_97|maccs_98|maccs_99|maccs_100|maccs_101|maccs_102|maccs_103|maccs_104|maccs_106|maccs_107|maccs_108|maccs_109|maccs_111|maccs_112|maccs_113|maccs_114|maccs_115|maccs_116|maccs_119|maccs_120|maccs_121|maccs_122|maccs_123|maccs_124|maccs_125|maccs_126|maccs_128|maccs_129|maccs_130|maccs_131|maccs_132|maccs_133|maccs_134|maccs_135|maccs_136|maccs_137|maccs_138|maccs_139|maccs_140|maccs_141|maccs_142|maccs_143|maccs_144|maccs_145|maccs_146|maccs_147|maccs_148|maccs_149|maccs_150|maccs_151|maccs_152|maccs_153|maccs_154|maccs_155|maccs_156|maccs_157|maccs_158|maccs_159|maccs_160|maccs_162|maccs_163|maccs_164|maccs_165|maccs_166
Logistic Regression,Mol2Vec,300,0.8438,0.7842,0.8167,0.9429,0.7842,0.799,0.7271,0.814,0.7339,0.765,0.934,0.7339,0.7478,0.6747,CorrelationFilter,mol2vec_0|mol2vec_1|mol2vec_2|mol2vec_3|mol2vec_4|mol2vec_5|mol2vec_6|mol2vec_7|mol2vec_8|mol2vec_9|mol2vec_10|mol2vec_11|mol2vec_12|mol2vec_13|mol2vec_14|mol2vec_15|mol2vec_16|mol2vec_17|mol2vec_18|mol2vec_19|mol2vec_20|mol2vec_21|mol2vec_22|mol2vec_23|mol2vec_24|mol2vec_25|mol2vec_26|mol2vec_27|mol2vec_28|mol2vec_29|mol2vec_30|mol2vec_31|mol2vec_32|mol2vec_33|mol2vec_34|mol2vec_35|mol2vec_36|mol2vec_37|mol2vec_38|mol2vec_39|mol2vec_40|mol2vec_41|mol2vec_42|mol2vec_43|mol2vec_44|mol2vec_45|mol2vec_46|mol2vec_47|mol2vec_48|mol2vec_49|mol2vec_50|mol2vec_51|mol2vec_52|mol2vec_53|mol2vec_54|mol2vec_55|mol2vec_56|mol2vec_57|mol2vec_58|mol2vec_59|mol2vec_60|mol2vec_61|mol2vec_62|mol2vec_63|mol2vec_64|mol2vec_65|mol2vec_66|mol2vec_67|mol2vec_68|mol2vec_69|mol2vec_70|mol2vec_71|mol2vec_72|mol2vec_73|mol2vec_74|mol2vec_75|mol2vec_76|mol2vec_77|mol2vec_78|mol2vec_79|mol2vec_80|mol2vec_81|mol2vec_82|mol2vec_83|mol2vec_84|mol2vec_85|mol2vec_86|mol2vec_87|mol2vec_88|mol2vec_89|mol2vec_90|mol2vec_91|mol2vec_92|mol2vec_93|mol2vec_94|mol2vec_95|mol2vec_96|mol2vec_97|mol2vec_98|mol2vec_99|mol2vec_100|mol2vec_101|mol2vec_102|mol2vec_103|mol2vec_104|mol2vec_105|mol2vec_106|mol2vec_107|mol2vec_108|mol2vec_109|mol2vec_110|mol2vec_111|mol2vec_112|mol2vec_113|mol2vec_114|mol2vec_115|mol2vec_116|mol2vec_117|mol2vec_118|mol2vec_119|mol2vec_120|mol2vec_121|mol2vec_122|mol2vec_123|mol2vec_124|mol2vec_125|mol2vec_126|mol2vec_127|mol2vec_128|mol2vec_129|mol2vec_130|mol2vec_131|mol2vec_132|mol2vec_133|mol2vec_134|mol2vec_135|mol2vec_136|mol2vec_137|mol2vec_138|mol2vec_139|mol2vec_140|mol2vec_141|mol2vec_142|mol2vec_143|mol2vec_144|mol2vec_145|mol2vec_146|mol2vec_147|mol2vec_148|mol2vec_149|mol2vec_150|mol2vec_151|mol2vec_152|mol2vec_153|mol2vec_154|mol2vec_155|mol2vec_156|mol2vec_157|mol2vec_158|mol2vec_159|mol2vec_160|mol2vec_161|mol2vec_162|mol2vec_163|mol2vec_164|mol2vec_165|mol2vec_166|mol2vec_167|mol2vec_168|mol2vec_169|mol2vec_170|mol2vec_171|mol2vec_172|mol2vec_173|mol2vec_174|mol2vec_175|mol2vec_176|mol2vec_177|mol2vec_178|mol2vec_179|mol2vec_180|mol2vec_181|mol2vec_182|mol2vec_183|mol2vec_184|mol2vec_185|mol2vec_186|mol2vec_187|mol2vec_188|mol2vec_189|mol2vec_190|mol2vec_191|mol2vec_192|mol2vec_193|mol2vec_194|mol2vec_195|mol2vec_196|mol2vec_197|mol2vec_198|mol2vec_199|mol2vec_200|mol2vec_201|mol2vec_202|mol2vec_203|mol2vec_204|mol2vec_205|mol2vec_206|mol2vec_207|mol2vec_208|mol2vec_209|mol2vec_210|mol2vec_211|mol2vec_212|mol2vec_213|mol2vec_214|mol2vec_215|mol2vec_216|mol2vec_217|mol2vec_218|mol2vec_219|mol2vec_220|mol2vec_221|mol2vec_222|mol2vec_223|mol2vec_224|mol2vec_225|mol2vec_226|mol2vec_227|mol2vec_228|mol2vec_229|mol2vec_230|mol2vec_231|mol2vec_232|mol2vec_233|mol2vec_234|mol2vec_235|mol2vec_236|mol2vec_237|mol2vec_238|mol2vec_239|mol2vec_240|mol2vec_241|mol2vec_242|mol2vec_243|mol2vec_244|mol2vec_245|mol2vec_246|mol2vec_247|mol2vec_248|mol2vec_249|mol2vec_250|mol2vec_251|mol2vec_252|mol2vec_253|mol2vec_254|mol2vec_255|mol2vec_256|mol2vec_257|mol2vec_258|mol2vec_259|mol2vec_260|mol2vec_261|mol2vec_262|mol2vec_263|mol2vec_264|mol2vec_265|mol2vec_266|mol2vec_267|mol2vec_268|mol2vec_269|mol2vec_270|mol2vec_271|mol2vec_272|mol2vec_273|mol2vec_274|mol2vec_275|mol2vec_276|mol2vec_277|mol2vec_278|mol2vec_279|mol2vec_280|mol2vec_281|mol2vec_282|mol2vec_283|mol2vec_284|mol2vec_285|mol2vec_286|mol2vec_287|mol2vec_288|mol2vec_289|mol2vec_290|mol2vec_291|mol2vec_292|mol2vec_293|mol2vec_294|mol2vec_295|mol2vec_296|mol2vec_297|mol2vec_298|mol2vec_299
Decision Tree,Mol2Vec,300,0.9964,0.9932,0.9962,0.9986,0.9932,0.9947,0.9939,0.7902,0.6668,0.6878,0.9311,0.6668,0.6764,0.6376,CorrelationFilter,mol2vec_0|mol2vec_1|mol2vec_2|mol2vec_3|mol2vec_4|mol2vec_5|mol2vec_6|mol2vec_7|mol2vec_8|mol2vec_9|mol2vec_10|mol2vec_11|mol2vec_12|mol2vec_13|mol2vec_14|mol2vec_15|mol2vec_16|mol2vec_17|mol2vec_18|mol2vec_19|mol2vec_20|mol2vec_21|mol2vec_22|mol2vec_23|mol2vec_24|mol2vec_25|mol2vec_26|mol2vec_27|mol2vec_28|mol2vec_29|mol2vec_30|mol2vec_31|mol2vec_32|mol2vec_33|mol2vec_34|mol2vec_35|mol2vec_36|mol2vec_37|mol2vec_38|mol2vec_39|mol2vec_40|mol2vec_41|mol2vec_42|mol2vec_43|mol2vec_44|mol2vec_45|mol2vec_46|mol2vec_47|mol2vec_48|mol2vec_49|mol2vec_50|mol2vec_51|mol2vec_52|mol2vec_53|mol2vec_54|mol2vec_55|mol2vec_56|mol2vec_57|mol2vec_58|mol2vec_59|mol2vec_60|mol2vec_61|mol2vec_62|mol2vec_63|mol2vec_64|mol2vec_65|mol2vec_66|mol2vec_67|mol2vec_68|mol2vec_69|mol2vec_70|mol2vec_71|mol2vec_72|mol2vec_73|mol2vec_74|mol2vec_75|mol2vec_76|mol2vec_77|mol2vec_78|mol2vec_79|mol2vec_80|mol2vec_81|mol2vec_82|mol2vec_83|mol2vec_84|mol2vec_85|mol2vec_86|mol2vec_87|mol2vec_88|mol2vec_89|mol2vec_90|mol2vec_91|mol2vec_92|mol2vec_93|mol2vec_94|mol2vec_95|mol2vec_96|mol2vec_97|mol2vec_98|mol2vec_99|mol2vec_100|mol2vec_101|mol2vec_102|mol2vec_103|mol2vec_104|mol2vec_105|mol2vec_106|mol2vec_107|mol2vec_108|mol2vec_109|mol2vec_110|mol2vec_111|mol2vec_112|mol2vec_113|mol2vec_114|mol2vec_115|mol2vec_116|mol2vec_117|mol2vec_118|mol2vec_119|mol2vec_120|mol2vec_121|mol2vec_122|mol2vec_123|mol2vec_124|mol2vec_125|mol2vec_126|mol2vec_127|mol2vec_128|mol2vec_129|mol2vec_130|mol2vec_131|mol2vec_132|mol2vec_133|mol2vec_134|mol2vec_135|mol2vec_136|mol2vec_137|mol2vec_138|mol2vec_139|mol2vec_140|mol2vec_141|mol2vec_142|mol2vec_143|mol2vec_144|mol2vec_145|mol2vec_146|mol2vec_147|mol2vec_148|mol2vec_149|mol2vec_150|mol2vec_151|mol2vec_152|mol2vec_153|mol2vec_154|mol2vec_155|mol2vec_156|mol2vec_157|mol2vec_158|mol2vec_159|mol2vec_160|mol2vec_161|mol2vec_162|mol2vec_163|mol2vec_164|mol2vec_165|mol2vec_166|mol2vec_167|mol2vec_168|mol2vec_169|mol2vec_170|mol2vec_171|mol2vec_172|mol2vec_173|mol2vec_174|mol2vec_175|mol2vec_176|mol2vec_177|mol2vec_178|mol2vec_179|mol2vec_180|mol2vec_181|mol2vec_182|mol2vec_183|mol2vec_184|mol2vec_185|mol2vec_186|mol2vec_187|mol2vec_188|mol2vec_189|mol2vec_190|mol2vec_191|mol2vec_192|mol2vec_193|mol2vec_194|mol2vec_195|mol2vec_196|mol2vec_197|mol2vec_198|mol2vec_199|mol2vec_200|mol2vec_201|mol2vec_202|mol2vec_203|mol2vec_204|mol2vec_205|mol2vec_206|mol2vec_207|mol2vec_208|mol2vec_209|mol2vec_210|mol2vec_211|mol2vec_212|mol2vec_213|mol2vec_214|mol2vec_215|mol2vec_216|mol2vec_217|mol2vec_218|mol2vec_219|mol2vec_220|mol2vec_221|mol2vec_222|mol2vec_223|mol2vec_224|mol2vec_225|mol2vec_226|mol2vec_227|mol2vec_228|mol2vec_229|mol2vec_230|mol2vec_231|mol2vec_232|mol2vec_233|mol2vec_234|mol2vec_235|mol2vec_236|mol2vec_237|mol2vec_238|mol2vec_239|mol2vec_240|mol2vec_241|mol2vec_242|mol2vec_243|mol2vec_244|mol2vec_245|mol2vec_246|mol2vec_247|mol2vec_248|mol2vec_249|mol2vec_250|mol2vec_251|mol2vec_252|mol2vec_253|mol2vec_254|mol2vec_255|mol2vec_256|mol2vec_257|mol2vec_258|mol2vec_259|mol2vec_260|mol2vec_261|mol2vec_262|mol2vec_263|mol2vec_264|mol2vec_265|mol2vec_266|mol2vec_267|mol2vec_268|mol2vec_269|mol2vec_270|mol2vec_271|mol2vec_272|mol2vec_273|mol2vec_274|mol2vec_275|mol2vec_276|mol2vec_277|mol2vec_278|mol2vec_279|mol2vec_280|mol2vec_281|mol2vec_282|mol2vec_283|mol2vec_284|mol2vec_285|mol2vec_286|mol2vec_287|mol2vec_288|mol2vec_289|mol2vec_290|mol2vec_291|mol2vec_292|mol2vec_293|mol2vec_294|mol2vec_295|mol2vec_296|mol2vec_297|mol2vec_298|mol2vec_299
Random Forest,Mol2Vec,300,0.9964,0.9946,0.9947,0.9988,0.9946,0.9947,0.9939,0.8645,0.7866,0.8299,0.9521,0.7866,0.8064,0.7642,CorrelationFilter,mol2vec_0|mol2vec_1|mol2vec_2|mol2vec_3|mol2vec_4|mol2vec_5|mol2vec_6|mol2vec_7|mol2vec_8|mol2vec_9|mol2vec_10|mol2vec_11|mol2vec_12|mol2vec_13|mol2vec_14|mol2vec_15|mol2vec_16|mol2vec_17|mol2vec_18|mol2vec_19|mol2vec_20|mol2vec_21|mol2vec_22|mol2vec_23|mol2vec_24|mol2vec_25|mol2vec_26|mol2vec_27|mol2vec_28|mol2vec_29|mol2vec_30|mol2vec_31|mol2vec_32|mol2vec_33|mol2vec_34|mol2vec_35|mol2vec_36|mol2vec_37|mol2vec_38|mol2vec_39|mol2vec_40|mol2vec_41|mol2vec_42|mol2vec_43|mol2vec_44|mol2vec_45|mol2vec_46|mol2vec_47|mol2vec_48|mol2vec_49|mol2vec_50|mol2vec_51|mol2vec_52|mol2vec_53|mol2vec_54|mol2vec_55|mol2vec_56|mol2vec_57|mol2vec_58|mol2vec_59|mol2vec_60|mol2vec_61|mol2vec_62|mol2vec_63|mol2vec_64|mol2vec_65|mol2vec_66|mol2vec_67|mol2vec_68|mol2vec_69|mol2vec_70|mol2vec_71|mol2vec_72|mol2vec_73|mol2vec_74|mol2vec_75|mol2vec_76|mol2vec_77|mol2vec_78|mol2vec_79|mol2vec_80|mol2vec_81|mol2vec_82|mol2vec_83|mol2vec_84|mol2vec_85|mol2vec_86|mol2vec_87|mol2vec_88|mol2vec_89|mol2vec_90|mol2vec_91|mol2vec_92|mol2vec_93|mol2vec_94|mol2vec_95|mol2vec_96|mol2vec_97|mol2vec_98|mol2vec_99|mol2vec_100|mol2vec_101|mol2vec_102|mol2vec_103|mol2vec_104|mol2vec_105|mol2vec_106|mol2vec_107|mol2vec_108|mol2vec_109|mol2vec_110|mol2vec_111|mol2vec_112|mol2vec_113|mol2vec_114|mol2vec_115|mol2vec_116|mol2vec_117|mol2vec_118|mol2vec_119|mol2vec_120|mol2vec_121|mol2vec_122|mol2vec_123|mol2vec_124|mol2vec_125|mol2vec_126|mol2vec_127|mol2vec_128|mol2vec_129|mol2vec_130|mol2vec_131|mol2vec_132|mol2vec_133|mol2vec_134|mol2vec_135|mol2vec_136|mol2vec_137|mol2vec_138|mol2vec_139|mol2vec_140|mol2vec_141|mol2vec_142|mol2vec_143|mol2vec_144|mol2vec_145|mol2vec_146|mol2vec_147|mol2vec_148|mol2vec_149|mol2vec_150|mol2vec_151|mol2vec_152|mol2vec_153|mol2vec_154|mol2vec_155|mol2vec_156|mol2vec_157|mol2vec_158|mol2vec_159|mol2vec_160|mol2vec_161|mol2vec_162|mol2vec_163|mol2vec_164|mol2vec_165|mol2vec_166|mol2vec_167|mol2vec_168|mol2vec_169|mol2vec_170|mol2vec_171|mol2vec_172|mol2vec_173|mol2vec_174|mol2vec_175|mol2vec_176|mol2vec_177|mol2vec_178|mol2vec_179|mol2vec_180|mol2vec_181|mol2vec_182|mol2vec_183|mol2vec_184|mol2vec_185|mol2vec_186|mol2vec_187|mol2vec_188|mol2vec_189|mol2vec_190|mol2vec_191|mol2vec_192|mol2vec_193|mol2vec_194|mol2vec_195|mol2vec_196|mol2vec_197|mol2vec_198|mol2vec_199|mol2vec_200|mol2vec_201|mol2vec_202|mol2vec_203|mol2vec_204|mol2vec_205|mol2vec_206|mol2vec_207|mol2vec_208|mol2vec_209|mol2vec_210|mol2vec_211|mol2vec_212|mol2vec_213|mol2vec_214|mol2vec_215|mol2vec_216|mol2vec_217|mol2vec_218|mol2vec_219|mol2vec_220|mol2vec_221|mol2vec_222|mol2vec_223|mol2vec_224|mol2vec_225|mol2vec_226|mol2vec_227|mol2vec_228|mol2vec_229|mol2vec_230|mol2vec_231|mol2vec_232|mol2vec_233|mol2vec_234|mol2vec_235|mol2vec_236|mol2vec_237|mol2vec_238|mol2vec_239|mol2vec_240|mol2vec_241|mol2vec_242|mol2vec_243|mol2vec_244|mol2vec_245|mol2vec_246|mol2vec_247|mol2vec_248|mol2vec_249|mol2vec_250|mol2vec_251|mol2vec_252|mol2vec_253|mol2vec_254|mol2vec_255|mol2vec_256|mol2vec_257|mol2vec_258|mol2vec_259|mol2vec_260|mol2vec_261|mol2vec_262|mol2vec_263|mol2vec_264|mol2vec_265|mol2vec_266|mol2vec_267|mol2vec_268|mol2vec_269|mol2vec_270|mol2vec_271|mol2vec_272|mol2vec_273|mol2vec_274|mol2vec_275|mol2vec_276|mol2vec_277|mol2vec_278|mol2vec_279|mol2vec_280|mol2vec_281|mol2vec_282|mol2vec_283|mol2vec_284|mol2vec_285|mol2vec_286|mol2vec_287|mol2vec_288|mol2vec_289|mol2vec_290|mol2vec_291|mol2vec_292|mol2vec_293|mol2vec_294|mol2vec_295|mol2vec_296|mol2vec_297|mol2vec_298|mol2vec_299
Extra Trees,Mol2Vec,300,0.9964,0.9932,0.9962,0.9986,0.9932,0.9947,0.9939,0.8729,0.8038,0.8397,0.9547,0.8038,0.8204,0.7792,CorrelationFilter,mol2vec_0|mol2vec_1|mol2vec_2|mol2vec_3|mol2vec_4|mol2vec_5|mol2vec_6|mol2vec_7|mol2vec_8|mol2vec_9|mol2vec_10|mol2vec_11|mol2vec_12|mol2vec_13|mol2vec_14|mol2vec_15|mol2vec_16|mol2vec_17|mol2vec_18|mol2vec_19|mol2vec_20|mol2vec_21|mol2vec_22|mol2vec_23|mol2vec_24|mol2vec_25|mol2vec_26|mol2vec_27|mol2vec_28|mol2vec_29|mol2vec_30|mol2vec_31|mol2vec_32|mol2vec_33|mol2vec_34|mol2vec_35|mol2vec_36|mol2vec_37|mol2vec_38|mol2vec_39|mol2vec_40|mol2vec_41|mol2vec_42|mol2vec_43|mol2vec_44|mol2vec_45|mol2vec_46|mol2vec_47|mol2vec_48|mol2vec_49|mol2vec_50|mol2vec_51|mol2vec_52|mol2vec_53|mol2vec_54|mol2vec_55|mol2vec_56|mol2vec_57|mol2vec_58|mol2vec_59|mol2vec_60|mol2vec_61|mol2vec_62|mol2vec_63|mol2vec_64|mol2vec_65|mol2vec_66|mol2vec_67|mol2vec_68|mol2vec_69|mol2vec_70|mol2vec_71|mol2vec_72|mol2vec_73|mol2vec_74|mol2vec_75|mol2vec_76|mol2vec_77|mol2vec_78|mol2vec_79|mol2vec_80|mol2vec_81|mol2vec_82|mol2vec_83|mol2vec_84|mol2vec_85|mol2vec_86|mol2vec_87|mol2vec_88|mol2vec_89|mol2vec_90|mol2vec_91|mol2vec_92|mol2vec_93|mol2vec_94|mol2vec_95|mol2vec_96|mol2vec_97|mol2vec_98|mol2vec_99|mol2vec_100|mol2vec_101|mol2vec_102|mol2vec_103|mol2vec_104|mol2vec_105|mol2vec_106|mol2vec_107|mol2vec_108|mol2vec_109|mol2vec_110|mol2vec_111|mol2vec_112|mol2vec_113|mol2vec_114|mol2vec_115|mol2vec_116|mol2vec_117|mol2vec_118|mol2vec_119|mol2vec_120|mol2vec_121|mol2vec_122|mol2vec_123|mol2vec_124|mol2vec_125|mol2vec_126|mol2vec_127|mol2vec_128|mol2vec_129|mol2vec_130|mol2vec_131|mol2vec_132|mol2vec_133|mol2vec_134|mol2vec_135|mol2vec_136|mol2vec_137|mol2vec_138|mol2vec_139|mol2vec_140|mol2vec_141|mol2vec_142|mol2vec_143|mol2vec_144|mol2vec_145|mol2vec_146|mol2vec_147|mol2vec_148|mol2vec_149|mol2vec_150|mol2vec_151|mol2vec_152|mol2vec_153|mol2vec_154|mol2vec_155|mol2vec_156|mol2vec_157|mol2vec_158|mol2vec_159|mol2vec_160|mol2vec_161|mol2vec_162|mol2vec_163|mol2vec_164|mol2vec_165|mol2vec_166|mol2vec_167|mol2vec_168|mol2vec_169|mol2vec_170|mol2vec_171|mol2vec_172|mol2vec_173|mol2vec_174|mol2vec_175|mol2vec_176|mol2vec_177|mol2vec_178|mol2vec_179|mol2vec_180|mol2vec_181|mol2vec_182|mol2vec_183|mol2vec_184|mol2vec_185|mol2vec_186|mol2vec_187|mol2vec_188|mol2vec_189|mol2vec_190|mol2vec_191|mol2vec_192|mol2vec_193|mol2vec_194|mol2vec_195|mol2vec_196|mol2vec_197|mol2vec_198|mol2vec_199|mol2vec_200|mol2vec_201|mol2vec_202|mol2vec_203|mol2vec_204|mol2vec_205|mol2vec_206|mol2vec_207|mol2vec_208|mol2vec_209|mol2vec_210|mol2vec_211|mol2vec_212|mol2vec_213|mol2vec_214|mol2vec_215|mol2vec_216|mol2vec_217|mol2vec_218|mol2vec_219|mol2vec_220|mol2vec_221|mol2vec_222|mol2vec_223|mol2vec_224|mol2vec_225|mol2vec_226|mol2vec_227|mol2vec_228|mol2vec_229|mol2vec_230|mol2vec_231|mol2vec_232|mol2vec_233|mol2vec_234|mol2vec_235|mol2vec_236|mol2vec_237|mol2vec_238|mol2vec_239|mol2vec_240|mol2vec_241|mol2vec_242|mol2vec_243|mol2vec_244|mol2vec_245|mol2vec_246|mol2vec_247|mol2vec_248|mol2vec_249|mol2vec_250|mol2vec_251|mol2vec_252|mol2vec_253|mol2vec_254|mol2vec_255|mol2vec_256|mol2vec_257|mol2vec_258|mol2vec_259|mol2vec_260|mol2vec_261|mol2vec_262|mol2vec_263|mol2vec_264|mol2vec_265|mol2vec_266|mol2vec_267|mol2vec_268|mol2vec_269|mol2vec_270|mol2vec_271|mol2vec_272|mol2vec_273|mol2vec_274|mol2vec_275|mol2vec_276|mol2vec_277|mol2vec_278|mol2vec_279|mol2vec_280|mol2vec_281|mol2vec_282|mol2vec_283|mol2vec_284|mol2vec_285|mol2vec_286|mol2vec_287|mol2vec_288|mol2vec_289|mol2vec_290|mol2vec_291|mol2vec_292|mol2vec_293|mol2vec_294|mol2vec_295|mol2vec_296|mol2vec_297|mol2vec_298|mol2vec_299
Gradient Boosting,Mol2Vec,300,0.9927,0.9895,0.9923,0.9972,0.9895,0.9908,0.9875,0.8648,0.7866,0.8336,0.9519,0.7866,0.8083,0.7648,CorrelationFilter,mol2vec_0|mol2vec_1|mol2vec_2|mol2vec_3|mol2vec_4|mol2vec_5|mol2vec_6|mol2vec_7|mol2vec_8|mol2vec_9|mol2vec_10|mol2vec_11|mol2vec_12|mol2vec_13|mol2vec_14|mol2vec_15|mol2vec_16|mol2vec_17|mol2vec_18|mol2vec_19|mol2vec_20|mol2vec_21|mol2vec_22|mol2vec_23|mol2vec_24|mol2vec_25|mol2vec_26|mol2vec_27|mol2vec_28|mol2vec_29|mol2vec_30|mol2vec_31|mol2vec_32|mol2vec_33|mol2vec_34|mol2vec_35|mol2vec_36|mol2vec_37|mol2vec_38|mol2vec_39|mol2vec_40|mol2vec_41|mol2vec_42|mol2vec_43|mol2vec_44|mol2vec_45|mol2vec_46|mol2vec_47|mol2vec_48|mol2vec_49|mol2vec_50|mol2vec_51|mol2vec_52|mol2vec_53|mol2vec_54|mol2vec_55|mol2vec_56|mol2vec_57|mol2vec_58|mol2vec_59|mol2vec_60|mol2vec_61|mol2vec_62|mol2vec_63|mol2vec_64|mol2vec_65|mol2vec_66|mol2vec_67|mol2vec_68|mol2vec_69|mol2vec_70|mol2vec_71|mol2vec_72|mol2vec_73|mol2vec_74|mol2vec_75|mol2vec_76|mol2vec_77|mol2vec_78|mol2vec_79|mol2vec_80|mol2vec_81|mol2vec_82|mol2vec_83|mol2vec_84|mol2vec_85|mol2vec_86|mol2vec_87|mol2vec_88|mol2vec_89|mol2vec_90|mol2vec_91|mol2vec_92|mol2vec_93|mol2vec_94|mol2vec_95|mol2vec_96|mol2vec_97|mol2vec_98|mol2vec_99|mol2vec_100|mol2vec_101|mol2vec_102|mol2vec_103|mol2vec_104|mol2vec_105|mol2vec_106|mol2vec_107|mol2vec_108|mol2vec_109|mol2vec_110|mol2vec_111|mol2vec_112|mol2vec_113|mol2vec_114|mol2vec_115|mol2vec_116|mol2vec_117|mol2vec_118|mol2vec_119|mol2vec_120|mol2vec_121|mol2vec_122|mol2vec_123|mol2vec_124|mol2vec_125|mol2vec_126|mol2vec_127|mol2vec_128|mol2vec_129|mol2vec_130|mol2vec_131|mol2vec_132|mol2vec_133|mol2vec_134|mol2vec_135|mol2vec_136|mol2vec_137|mol2vec_138|mol2vec_139|mol2vec_140|mol2vec_141|mol2vec_142|mol2vec_143|mol2vec_144|mol2vec_145|mol2vec_146|mol2vec_147|mol2vec_148|mol2vec_149|mol2vec_150|mol2vec_151|mol2vec_152|mol2vec_153|mol2vec_154|mol2vec_155|mol2vec_156|mol2vec_157|mol2vec_158|mol2vec_159|mol2vec_160|mol2vec_161|mol2vec_162|mol2vec_163|mol2vec_164|mol2vec_165|mol2vec_166|mol2vec_167|mol2vec_168|mol2vec_169|mol2vec_170|mol2vec_171|mol2vec_172|mol2vec_173|mol2vec_174|mol2vec_175|mol2vec_176|mol2vec_177|mol2vec_178|mol2vec_179|mol2vec_180|mol2vec_181|mol2vec_182|mol2vec_183|mol2vec_184|mol2vec_185|mol2vec_186|mol2vec_187|mol2vec_188|mol2vec_189|mol2vec_190|mol2vec_191|mol2vec_192|mol2vec_193|mol2vec_194|mol2vec_195|mol2vec_196|mol2vec_197|mol2vec_198|mol2vec_199|mol2vec_200|mol2vec_201|mol2vec_202|mol2vec_203|mol2vec_204|mol2vec_205|mol2vec_206|mol2vec_207|mol2vec_208|mol2vec_209|mol2vec_210|mol2vec_211|mol2vec_212|mol2vec_213|mol2vec_214|mol2vec_215|mol2vec_216|mol2vec_217|mol2vec_218|mol2vec_219|mol2vec_220|mol2vec_221|mol2vec_222|mol2vec_223|mol2vec_224|mol2vec_225|mol2vec_226|mol2vec_227|mol2vec_228|mol2vec_229|mol2vec_230|mol2vec_231|mol2vec_232|mol2vec_233|mol2vec_234|mol2vec_235|mol2vec_236|mol2vec_237|mol2vec_238|mol2vec_239|mol2vec_240|mol2vec_241|mol2vec_242|mol2vec_243|mol2vec_244|mol2vec_245|mol2vec_246|mol2vec_247|mol2vec_248|mol2vec_249|mol2vec_250|mol2vec_251|mol2vec_252|mol2vec_253|mol2vec_254|mol2vec_255|mol2vec_256|mol2vec_257|mol2vec_258|mol2vec_259|mol2vec_260|mol2vec_261|mol2vec_262|mol2vec_263|mol2vec_264|mol2vec_265|mol2vec_266|mol2vec_267|mol2vec_268|mol2vec_269|mol2vec_270|mol2vec_271|mol2vec_272|mol2vec_273|mol2vec_274|mol2vec_275|mol2vec_276|mol2vec_277|mol2vec_278|mol2vec_279|mol2vec_280|mol2vec_281|mol2vec_282|mol2vec_283|mol2vec_284|mol2vec_285|mol2vec_286|mol2vec_287|mol2vec_288|mol2vec_289|mol2vec_290|mol2vec_291|mol2vec_292|mol2vec_293|mol2vec_294|mol2vec_295|mol2vec_296|mol2vec_297|mol2vec_298|mol2vec_299
AdaBoost,Mol2Vec,300,0.6621,0.3487,0.4908,0.8563,0.3487,0.3746,0.336,0.6612,0.3493,0.4827,0.8566,0.3493,0.3749,0.335,CorrelationFilter,mol2vec_0|mol2vec_1|mol2vec_2|mol2vec_3|mol2vec_4|mol2vec_5|mol2vec_6|mol2vec_7|mol2vec_8|mol2vec_9|mol2vec_10|mol2vec_11|mol2vec_12|mol2vec_13|mol2vec_14|mol2vec_15|mol2vec_16|mol2vec_17|mol2vec_18|mol2vec_19|mol2vec_20|mol2vec_21|mol2vec_22|mol2vec_23|mol2vec_24|mol2vec_25|mol2vec_26|mol2vec_27|mol2vec_28|mol2vec_29|mol2vec_30|mol2vec_31|mol2vec_32|mol2vec_33|mol2vec_34|mol2vec_35|mol2vec_36|mol2vec_37|mol2vec_38|mol2vec_39|mol2vec_40|mol2vec_41|mol2vec_42|mol2vec_43|mol2vec_44|mol2vec_45|mol2vec_46|mol2vec_47|mol2vec_48|mol2vec_49|mol2vec_50|mol2vec_51|mol2vec_52|mol2vec_53|mol2vec_54|mol2vec_55|mol2vec_56|mol2vec_57|mol2vec_58|mol2vec_59|mol2vec_60|mol2vec_61|mol2vec_62|mol2vec_63|mol2vec_64|mol2vec_65|mol2vec_66|mol2vec_67|mol2vec_68|mol2vec_69|mol2vec_70|mol2vec_71|mol2vec_72|mol2vec_73|mol2vec_74|mol2vec_75|mol2vec_76|mol2vec_77|mol2vec_78|mol2vec_79|mol2vec_80|mol2vec_81|mol2vec_82|mol2vec_83|mol2vec_84|mol2vec_85|mol2vec_86|mol2vec_87|mol2vec_88|mol2vec_89|mol2vec_90|mol2vec_91|mol2vec_92|mol2vec_93|mol2vec_94|mol2vec_95|mol2vec_96|mol2vec_97|mol2vec_98|mol2vec_99|mol2vec_100|mol2vec_101|mol2vec_102|mol2vec_103|mol2vec_104|mol2vec_105|mol2vec_106|mol2vec_107|mol2vec_108|mol2vec_109|mol2vec_110|mol2vec_111|mol2vec_112|mol2vec_113|mol2vec_114|mol2vec_115|mol2vec_116|mol2vec_117|mol2vec_118|mol2vec_119|mol2vec_120|mol2vec_121|mol2vec_122|mol2vec_123|mol2vec_124|mol2vec_125|mol2vec_126|mol2vec_127|mol2vec_128|mol2vec_129|mol2vec_130|mol2vec_131|mol2vec_132|mol2vec_133|mol2vec_134|mol2vec_135|mol2vec_136|mol2vec_137|mol2vec_138|mol2vec_139|mol2vec_140|mol2vec_141|mol2vec_142|mol2vec_143|mol2vec_144|mol2vec_145|mol2vec_146|mol2vec_147|mol2vec_148|mol2vec_149|mol2vec_150|mol2vec_151|mol2vec_152|mol2vec_153|mol2vec_154|mol2vec_155|mol2vec_156|mol2vec_157|mol2vec_158|mol2vec_159|mol2vec_160|mol2vec_161|mol2vec_162|mol2vec_163|mol2vec_164|mol2vec_165|mol2vec_166|mol2vec_167|mol2vec_168|mol2vec_169|mol2vec_170|mol2vec_171|mol2vec_172|mol2vec_173|mol2vec_174|mol2vec_175|mol2vec_176|mol2vec_177|mol2vec_178|mol2vec_179|mol2vec_180|mol2vec_181|mol2vec_182|mol2vec_183|mol2vec_184|mol2vec_185|mol2vec_186|mol2vec_187|mol2vec_188|mol2vec_189|mol2vec_190|mol2vec_191|mol2vec_192|mol2vec_193|mol2vec_194|mol2vec_195|mol2vec_196|mol2vec_197|mol2vec_198|mol2vec_199|mol2vec_200|mol2vec_201|mol2vec_202|mol2vec_203|mol2vec_204|mol2vec_205|mol2vec_206|mol2vec_207|mol2vec_208|mol2vec_209|mol2vec_210|mol2vec_211|mol2vec_212|mol2vec_213|mol2vec_214|mol2vec_215|mol2vec_216|mol2vec_217|mol2vec_218|mol2vec_219|mol2vec_220|mol2vec_221|mol2vec_222|mol2vec_223|mol2vec_224|mol2vec_225|mol2vec_226|mol2vec_227|mol2vec_228|mol2vec_229|mol2vec_230|mol2vec_231|mol2vec_232|mol2vec_233|mol2vec_234|mol2vec_235|mol2vec_236|mol2vec_237|mol2vec_238|mol2vec_239|mol2vec_240|mol2vec_241|mol2vec_242|mol2vec_243|mol2vec_244|mol2vec_245|mol2vec_246|mol2vec_247|mol2vec_248|mol2vec_249|mol2vec_250|mol2vec_251|mol2vec_252|mol2vec_253|mol2vec_254|mol2vec_255|mol2vec_256|mol2vec_257|mol2vec_258|mol2vec_259|mol2vec_260|mol2vec_261|mol2vec_262|mol2vec_263|mol2vec_264|mol2vec_265|mol2vec_266|mol2vec_267|mol2vec_268|mol2vec_269|mol2vec_270|mol2vec_271|mol2vec_272|mol2vec_273|mol2vec_274|mol2vec_275|mol2vec_276|mol2vec_277|mol2vec_278|mol2vec_279|mol2vec_280|mol2vec_281|mol2vec_282|mol2vec_283|mol2vec_284|mol2vec_285|mol2vec_286|mol2vec_287|mol2vec_288|mol2vec_289|mol2vec_290|mol2vec_291|mol2vec_292|mol2vec_293|mol2vec_294|mol2vec_295|mol2vec_296|mol2vec_297|mol2vec_298|mol2vec_299
XGBoost,Mol2Vec,300,0.993,0.9907,0.9915,0.9974,0.9907,0.9911,0.988,0.8732,0.8085,0.8419,0.9552,0.8085,0.8242,0.78,CorrelationFilter,mol2vec_0|mol2vec_1|mol2vec_2|mol2vec_3|mol2vec_4|mol2vec_5|mol2vec_6|mol2vec_7|mol2vec_8|mol2vec_9|mol2vec_10|mol2vec_11|mol2vec_12|mol2vec_13|mol2vec_14|mol2vec_15|mol2vec_16|mol2vec_17|mol2vec_18|mol2vec_19|mol2vec_20|mol2vec_21|mol2vec_22|mol2vec_23|mol2vec_24|mol2vec_25|mol2vec_26|mol2vec_27|mol2vec_28|mol2vec_29|mol2vec_30|mol2vec_31|mol2vec_32|mol2vec_33|mol2vec_34|mol2vec_35|mol2vec_36|mol2vec_37|mol2vec_38|mol2vec_39|mol2vec_40|mol2vec_41|mol2vec_42|mol2vec_43|mol2vec_44|mol2vec_45|mol2vec_46|mol2vec_47|mol2vec_48|mol2vec_49|mol2vec_50|mol2vec_51|mol2vec_52|mol2vec_53|mol2vec_54|mol2vec_55|mol2vec_56|mol2vec_57|mol2vec_58|mol2vec_59|mol2vec_60|mol2vec_61|mol2vec_62|mol2vec_63|mol2vec_64|mol2vec_65|mol2vec_66|mol2vec_67|mol2vec_68|mol2vec_69|mol2vec_70|mol2vec_71|mol2vec_72|mol2vec_73|mol2vec_74|mol2vec_75|mol2vec_76|mol2vec_77|mol2vec_78|mol2vec_79|mol2vec_80|mol2vec_81|mol2vec_82|mol2vec_83|mol2vec_84|mol2vec_85|mol2vec_86|mol2vec_87|mol2vec_88|mol2vec_89|mol2vec_90|mol2vec_91|mol2vec_92|mol2vec_93|mol2vec_94|mol2vec_95|mol2vec_96|mol2vec_97|mol2vec_98|mol2vec_99|mol2vec_100|mol2vec_101|mol2vec_102|mol2vec_103|mol2vec_104|mol2vec_105|mol2vec_106|mol2vec_107|mol2vec_108|mol2vec_109|mol2vec_110|mol2vec_111|mol2vec_112|mol2vec_113|mol2vec_114|mol2vec_115|mol2vec_116|mol2vec_117|mol2vec_118|mol2vec_119|mol2vec_120|mol2vec_121|mol2vec_122|mol2vec_123|mol2vec_124|mol2vec_125|mol2vec_126|mol2vec_127|mol2vec_128|mol2vec_129|mol2vec_130|mol2vec_131|mol2vec_132|mol2vec_133|mol2vec_134|mol2vec_135|mol2vec_136|mol2vec_137|mol2vec_138|mol2vec_139|mol2vec_140|mol2vec_141|mol2vec_142|mol2vec_143|mol2vec_144|mol2vec_145|mol2vec_146|mol2vec_147|mol2vec_148|mol2vec_149|mol2vec_150|mol2vec_151|mol2vec_152|mol2vec_153|mol2vec_154|mol2vec_155|mol2vec_156|mol2vec_157|mol2vec_158|mol2vec_159|mol2vec_160|mol2vec_161|mol2vec_162|mol2vec_163|mol2vec_164|mol2vec_165|mol2vec_166|mol2vec_167|mol2vec_168|mol2vec_169|mol2vec_170|mol2vec_171|mol2vec_172|mol2vec_173|mol2vec_174|mol2vec_175|mol2vec_176|mol2vec_177|mol2vec_178|mol2vec_179|mol2vec_180|mol2vec_181|mol2vec_182|mol2vec_183|mol2vec_184|mol2vec_185|mol2vec_186|mol2vec_187|mol2vec_188|mol2vec_189|mol2vec_190|mol2vec_191|mol2vec_192|mol2vec_193|mol2vec_194|mol2vec_195|mol2vec_196|mol2vec_197|mol2vec_198|mol2vec_199|mol2vec_200|mol2vec_201|mol2vec_202|mol2vec_203|mol2vec_204|mol2vec_205|mol2vec_206|mol2vec_207|mol2vec_208|mol2vec_209|mol2vec_210|mol2vec_211|mol2vec_212|mol2vec_213|mol2vec_214|mol2vec_215|mol2vec_216|mol2vec_217|mol2vec_218|mol2vec_219|mol2vec_220|mol2vec_221|mol2vec_222|mol2vec_223|mol2vec_224|mol2vec_225|mol2vec_226|mol2vec_227|mol2vec_228|mol2vec_229|mol2vec_230|mol2vec_231|mol2vec_232|mol2vec_233|mol2vec_234|mol2vec_235|mol2vec_236|mol2vec_237|mol2vec_238|mol2vec_239|mol2vec_240|mol2vec_241|mol2vec_242|mol2vec_243|mol2vec_244|mol2vec_245|mol2vec_246|mol2vec_247|mol2vec_248|mol2vec_249|mol2vec_250|mol2vec_251|mol2vec_252|mol2vec_253|mol2vec_254|mol2vec_255|mol2vec_256|mol2vec_257|mol2vec_258|mol2vec_259|mol2vec_260|mol2vec_261|mol2vec_262|mol2vec_263|mol2vec_264|mol2vec_265|mol2vec_266|mol2vec_267|mol2vec_268|mol2vec_269|mol2vec_270|mol2vec_271|mol2vec_272|mol2vec_273|mol2vec_274|mol2vec_275|mol2vec_276|mol2vec_277|mol2vec_278|mol2vec_279|mol2vec_280|mol2vec_281|mol2vec_282|mol2vec_283|mol2vec_284|mol2vec_285|mol2vec_286|mol2vec_287|mol2vec_288|mol2vec_289|mol2vec_290|mol2vec_291|mol2vec_292|mol2vec_293|mol2vec_294|mol2vec_295|mol2vec_296|mol2vec_297|mol2vec_298|mol2vec_299
SVM,Mol2Vec,300,0.885,0.8309,0.8714,0.9561,0.8309,0.8486,0.7996,0.8505,0.7802,0.8246,0.9443,0.7802,0.7994,0.7382,CorrelationFilter,mol2vec_0|mol2vec_1|mol2vec_2|mol2vec_3|mol2vec_4|mol2vec_5|mol2vec_6|mol2vec_7|mol2vec_8|mol2vec_9|mol2vec_10|mol2vec_11|mol2vec_12|mol2vec_13|mol2vec_14|mol2vec_15|mol2vec_16|mol2vec_17|mol2vec_18|mol2vec_19|mol2vec_20|mol2vec_21|mol2vec_22|mol2vec_23|mol2vec_24|mol2vec_25|mol2vec_26|mol2vec_27|mol2vec_28|mol2vec_29|mol2vec_30|mol2vec_31|mol2vec_32|mol2vec_33|mol2vec_34|mol2vec_35|mol2vec_36|mol2vec_37|mol2vec_38|mol2vec_39|mol2vec_40|mol2vec_41|mol2vec_42|mol2vec_43|mol2vec_44|mol2vec_45|mol2vec_46|mol2vec_47|mol2vec_48|mol2vec_49|mol2vec_50|mol2vec_51|mol2vec_52|mol2vec_53|mol2vec_54|mol2vec_55|mol2vec_56|mol2vec_57|mol2vec_58|mol2vec_59|mol2vec_60|mol2vec_61|mol2vec_62|mol2vec_63|mol2vec_64|mol2vec_65|mol2vec_66|mol2vec_67|mol2vec_68|mol2vec_69|mol2vec_70|mol2vec_71|mol2vec_72|mol2vec_73|mol2vec_74|mol2vec_75|mol2vec_76|mol2vec_77|mol2vec_78|mol2vec_79|mol2vec_80|mol2vec_81|mol2vec_82|mol2vec_83|mol2vec_84|mol2vec_85|mol2vec_86|mol2vec_87|mol2vec_88|mol2vec_89|mol2vec_90|mol2vec_91|mol2vec_92|mol2vec_93|mol2vec_94|mol2vec_95|mol2vec_96|mol2vec_97|mol2vec_98|mol2vec_99|mol2vec_100|mol2vec_101|mol2vec_102|mol2vec_103|mol2vec_104|mol2vec_105|mol2vec_106|mol2vec_107|mol2vec_108|mol2vec_109|mol2vec_110|mol2vec_111|mol2vec_112|mol2vec_113|mol2vec_114|mol2vec_115|mol2vec_116|mol2vec_117|mol2vec_118|mol2vec_119|mol2vec_120|mol2vec_121|mol2vec_122|mol2vec_123|mol2vec_124|mol2vec_125|mol2vec_126|mol2vec_127|mol2vec_128|mol2vec_129|mol2vec_130|mol2vec_131|mol2vec_132|mol2vec_133|mol2vec_134|mol2vec_135|mol2vec_136|mol2vec_137|mol2vec_138|mol2vec_139|mol2vec_140|mol2vec_141|mol2vec_142|mol2vec_143|mol2vec_144|mol2vec_145|mol2vec_146|mol2vec_147|mol2vec_148|mol2vec_149|mol2vec_150|mol2vec_151|mol2vec_152|mol2vec_153|mol2vec_154|mol2vec_155|mol2vec_156|mol2vec_157|mol2vec_158|mol2vec_159|mol2vec_160|mol2vec_161|mol2vec_162|mol2vec_163|mol2vec_164|mol2vec_165|mol2vec_166|mol2vec_167|mol2vec_168|mol2vec_169|mol2vec_170|mol2vec_171|mol2vec_172|mol2vec_173|mol2vec_174|mol2vec_175|mol2vec_176|mol2vec_177|mol2vec_178|mol2vec_179|mol2vec_180|mol2vec_181|mol2vec_182|mol2vec_183|mol2vec_184|mol2vec_185|mol2vec_186|mol2vec_187|mol2vec_188|mol2vec_189|mol2vec_190|mol2vec_191|mol2vec_192|mol2vec_193|mol2vec_194|mol2vec_195|mol2vec_196|mol2vec_197|mol2vec_198|mol2vec_199|mol2vec_200|mol2vec_201|mol2vec_202|mol2vec_203|mol2vec_204|mol2vec_205|mol2vec_206|mol2vec_207|mol2vec_208|mol2vec_209|mol2vec_210|mol2vec_211|mol2vec_212|mol2vec_213|mol2vec_214|mol2vec_215|mol2vec_216|mol2vec_217|mol2vec_218|mol2vec_219|mol2vec_220|mol2vec_221|mol2vec_222|mol2vec_223|mol2vec_224|mol2vec_225|mol2vec_226|mol2vec_227|mol2vec_228|mol2vec_229|mol2vec_230|mol2vec_231|mol2vec_232|mol2vec_233|mol2vec_234|mol2vec_235|mol2vec_236|mol2vec_237|mol2vec_238|mol2vec_239|mol2vec_240|mol2vec_241|mol2vec_242|mol2vec_243|mol2vec_244|mol2vec_245|mol2vec_246|mol2vec_247|mol2vec_248|mol2vec_249|mol2vec_250|mol2vec_251|mol2vec_252|mol2vec_253|mol2vec_254|mol2vec_255|mol2vec_256|mol2vec_257|mol2vec_258|mol2vec_259|mol2vec_260|mol2vec_261|mol2vec_262|mol2vec_263|mol2vec_264|mol2vec_265|mol2vec_266|mol2vec_267|mol2vec_268|mol2vec_269|mol2vec_270|mol2vec_271|mol2vec_272|mol2vec_273|mol2vec_274|mol2vec_275|mol2vec_276|mol2vec_277|mol2vec_278|mol2vec_279|mol2vec_280|mol2vec_281|mol2vec_282|mol2vec_283|mol2vec_284|mol2vec_285|mol2vec_286|mol2vec_287|mol2vec_288|mol2vec_289|mol2vec_290|mol2vec_291|mol2vec_292|mol2vec_293|mol2vec_294|mol2vec_295|mol2vec_296|mol2vec_297|mol2vec_298|mol2vec_299
BiGRU,Mol2Vec,300,0.9107,0.9262,0.8786,0.9757,0.9262,0.8999,0.855,0.8578,0.849,0.8082,0.9603,0.849,0.8262,0.7678,CorrelationFilter,mol2vec_0|mol2vec_1|mol2vec_2|mol2vec_3|mol2vec_4|mol2vec_5|mol2vec_6|mol2vec_7|mol2vec_8|mol2vec_9|mol2vec_10|mol2vec_11|mol2vec_12|mol2vec_13|mol2vec_14|mol2vec_15|mol2vec_16|mol2vec_17|mol2vec_18|mol2vec_19|mol2vec_20|mol2vec_21|mol2vec_22|mol2vec_23|mol2vec_24|mol2vec_25|mol2vec_26|mol2vec_27|mol2vec_28|mol2vec_29|mol2vec_30|mol2vec_31|mol2vec_32|mol2vec_33|mol2vec_34|mol2vec_35|mol2vec_36|mol2vec_37|mol2vec_38|mol2vec_39|mol2vec_40|mol2vec_41|mol2vec_42|mol2vec_43|mol2vec_44|mol2vec_45|mol2vec_46|mol2vec_47|mol2vec_48|mol2vec_49|mol2vec_50|mol2vec_51|mol2vec_52|mol2vec_53|mol2vec_54|mol2vec_55|mol2vec_56|mol2vec_57|mol2vec_58|mol2vec_59|mol2vec_60|mol2vec_61|mol2vec_62|mol2vec_63|mol2vec_64|mol2vec_65|mol2vec_66|mol2vec_67|mol2vec_68|mol2vec_69|mol2vec_70|mol2vec_71|mol2vec_72|mol2vec_73|mol2vec_74|mol2vec_75|mol2vec_76|mol2vec_77|mol2vec_78|mol2vec_79|mol2vec_80|mol2vec_81|mol2vec_82|mol2vec_83|mol2vec_84|mol2vec_85|mol2vec_86|mol2vec_87|mol2vec_88|mol2vec_89|mol2vec_90|mol2vec_91|mol2vec_92|mol2vec_93|mol2vec_94|mol2vec_95|mol2vec_96|mol2vec_97|mol2vec_98|mol2vec_99|mol2vec_100|mol2vec_101|mol2vec_102|mol2vec_103|mol2vec_104|mol2vec_105|mol2vec_106|mol2vec_107|mol2vec_108|mol2vec_109|mol2vec_110|mol2vec_111|mol2vec_112|mol2vec_113|mol2vec_114|mol2vec_115|mol2vec_116|mol2vec_117|mol2vec_118|mol2vec_119|mol2vec_120|mol2vec_121|mol2vec_122|mol2vec_123|mol2vec_124|mol2vec_125|mol2vec_126|mol2vec_127|mol2vec_128|mol2vec_129|mol2vec_130|mol2vec_131|mol2vec_132|mol2vec_133|mol2vec_134|mol2vec_135|mol2vec_136|mol2vec_137|mol2vec_138|mol2vec_139|mol2vec_140|mol2vec_141|mol2vec_142|mol2vec_143|mol2vec_144|mol2vec_145|mol2vec_146|mol2vec_147|mol2vec_148|mol2vec_149|mol2vec_150|mol2vec_151|mol2vec_152|mol2vec_153|mol2vec_154|mol2vec_155|mol2vec_156|mol2vec_157|mol2vec_158|mol2vec_159|mol2vec_160|mol2vec_161|mol2vec_162|mol2vec_163|mol2vec_164|mol2vec_165|mol2vec_166|mol2vec_167|mol2vec_168|mol2vec_169|mol2vec_170|mol2vec_171|mol2vec_172|mol2vec_173|mol2vec_174|mol2vec_175|mol2vec_176|mol2vec_177|mol2vec_178|mol2vec_179|mol2vec_180|mol2vec_181|mol2vec_182|mol2vec_183|mol2vec_184|mol2vec_185|mol2vec_186|mol2vec_187|mol2vec_188|mol2vec_189|mol2vec_190|mol2vec_191|mol2vec_192|mol2vec_193|mol2vec_194|mol2vec_195|mol2vec_196|mol2vec_197|mol2vec_198|mol2vec_199|mol2vec_200|mol2vec_201|mol2vec_202|mol2vec_203|mol2vec_204|mol2vec_205|mol2vec_206|mol2vec_207|mol2vec_208|mol2vec_209|mol2vec_210|mol2vec_211|mol2vec_212|mol2vec_213|mol2vec_214|mol2vec_215|mol2vec_216|mol2vec_217|mol2vec_218|mol2vec_219|mol2vec_220|mol2vec_221|mol2vec_222|mol2vec_223|mol2vec_224|mol2vec_225|mol2vec_226|mol2vec_227|mol2vec_228|mol2vec_229|mol2vec_230|mol2vec_231|mol2vec_232|mol2vec_233|mol2vec_234|mol2vec_235|mol2vec_236|mol2vec_237|mol2vec_238|mol2vec_239|mol2vec_240|mol2vec_241|mol2vec_242|mol2vec_243|mol2vec_244|mol2vec_245|mol2vec_246|mol2vec_247|mol2vec_248|mol2vec_249|mol2vec_250|mol2vec_251|mol2vec_252|mol2vec_253|mol2vec_254|mol2vec_255|mol2vec_256|mol2vec_257|mol2vec_258|mol2vec_259|mol2vec_260|mol2vec_261|mol2vec_262|mol2vec_263|mol2vec_264|mol2vec_265|mol2vec_266|mol2vec_267|mol2vec_268|mol2vec_269|mol2vec_270|mol2vec_271|mol2vec_272|mol2vec_273|mol2vec_274|mol2vec_275|mol2vec_276|mol2vec_277|mol2vec_278|mol2vec_279|mol2vec_280|mol2vec_281|mol2vec_282|mol2vec_283|mol2vec_284|mol2vec_285|mol2vec_286|mol2vec_287|mol2vec_288|mol2vec_289|mol2vec_290|mol2vec_291|mol2vec_292|mol2vec_293|mol2vec_294|mol2vec_295|mol2vec_296|mol2vec_297|mol2vec_298|mol2vec_299
BiLSTM,Mol2Vec,300,0.9299,0.9377,0.9055,0.9805,0.9377,0.9194,0.8845,0.86,0.8388,0.8146,0.9594,0.8388,0.8238,0.7691,CorrelationFilter,mol2vec_0|mol2vec_1|mol2vec_2|mol2vec_3|mol2vec_4|mol2vec_5|mol2vec_6|mol2vec_7|mol2vec_8|mol2vec_9|mol2vec_10|mol2vec_11|mol2vec_12|mol2vec_13|mol2vec_14|mol2vec_15|mol2vec_16|mol2vec_17|mol2vec_18|mol2vec_19|mol2vec_20|mol2vec_21|mol2vec_22|mol2vec_23|mol2vec_24|mol2vec_25|mol2vec_26|mol2vec_27|mol2vec_28|mol2vec_29|mol2vec_30|mol2vec_31|mol2vec_32|mol2vec_33|mol2vec_34|mol2vec_35|mol2vec_36|mol2vec_37|mol2vec_38|mol2vec_39|mol2vec_40|mol2vec_41|mol2vec_42|mol2vec_43|mol2vec_44|mol2vec_45|mol2vec_46|mol2vec_47|mol2vec_48|mol2vec_49|mol2vec_50|mol2vec_51|mol2vec_52|mol2vec_53|mol2vec_54|mol2vec_55|mol2vec_56|mol2vec_57|mol2vec_58|mol2vec_59|mol2vec_60|mol2vec_61|mol2vec_62|mol2vec_63|mol2vec_64|mol2vec_65|mol2vec_66|mol2vec_67|mol2vec_68|mol2vec_69|mol2vec_70|mol2vec_71|mol2vec_72|mol2vec_73|mol2vec_74|mol2vec_75|mol2vec_76|mol2vec_77|mol2vec_78|mol2vec_79|mol2vec_80|mol2vec_81|mol2vec_82|mol2vec_83|mol2vec_84|mol2vec_85|mol2vec_86|mol2vec_87|mol2vec_88|mol2vec_89|mol2vec_90|mol2vec_91|mol2vec_92|mol2vec_93|mol2vec_94|mol2vec_95|mol2vec_96|mol2vec_97|mol2vec_98|mol2vec_99|mol2vec_100|mol2vec_101|mol2vec_102|mol2vec_103|mol2vec_104|mol2vec_105|mol2vec_106|mol2vec_107|mol2vec_108|mol2vec_109|mol2vec_110|mol2vec_111|mol2vec_112|mol2vec_113|mol2vec_114|mol2vec_115|mol2vec_116|mol2vec_117|mol2vec_118|mol2vec_119|mol2vec_120|mol2vec_121|mol2vec_122|mol2vec_123|mol2vec_124|mol2vec_125|mol2vec_126|mol2vec_127|mol2vec_128|mol2vec_129|mol2vec_130|mol2vec_131|mol2vec_132|mol2vec_133|mol2vec_134|mol2vec_135|mol2vec_136|mol2vec_137|mol2vec_138|mol2vec_139|mol2vec_140|mol2vec_141|mol2vec_142|mol2vec_143|mol2vec_144|mol2vec_145|mol2vec_146|mol2vec_147|mol2vec_148|mol2vec_149|mol2vec_150|mol2vec_151|mol2vec_152|mol2vec_153|mol2vec_154|mol2vec_155|mol2vec_156|mol2vec_157|mol2vec_158|mol2vec_159|mol2vec_160|mol2vec_161|mol2vec_162|mol2vec_163|mol2vec_164|mol2vec_165|mol2vec_166|mol2vec_167|mol2vec_168|mol2vec_169|mol2vec_170|mol2vec_171|mol2vec_172|mol2vec_173|mol2vec_174|mol2vec_175|mol2vec_176|mol2vec_177|mol2vec_178|mol2vec_179|mol2vec_180|mol2vec_181|mol2vec_182|mol2vec_183|mol2vec_184|mol2vec_185|mol2vec_186|mol2vec_187|mol2vec_188|mol2vec_189|mol2vec_190|mol2vec_191|mol2vec_192|mol2vec_193|mol2vec_194|mol2vec_195|mol2vec_196|mol2vec_197|mol2vec_198|mol2vec_199|mol2vec_200|mol2vec_201|mol2vec_202|mol2vec_203|mol2vec_204|mol2vec_205|mol2vec_206|mol2vec_207|mol2vec_208|mol2vec_209|mol2vec_210|mol2vec_211|mol2vec_212|mol2vec_213|mol2vec_214|mol2vec_215|mol2vec_216|mol2vec_217|mol2vec_218|mol2vec_219|mol2vec_220|mol2vec_221|mol2vec_222|mol2vec_223|mol2vec_224|mol2vec_225|mol2vec_226|mol2vec_227|mol2vec_228|mol2vec_229|mol2vec_230|mol2vec_231|mol2vec_232|mol2vec_233|mol2vec_234|mol2vec_235|mol2vec_236|mol2vec_237|mol2vec_238|mol2vec_239|mol2vec_240|mol2vec_241|mol2vec_242|mol2vec_243|mol2vec_244|mol2vec_245|mol2vec_246|mol2vec_247|mol2vec_248|mol2vec_249|mol2vec_250|mol2vec_251|mol2vec_252|mol2vec_253|mol2vec_254|mol2vec_255|mol2vec_256|mol2vec_257|mol2vec_258|mol2vec_259|mol2vec_260|mol2vec_261|mol2vec_262|mol2vec_263|mol2vec_264|mol2vec_265|mol2vec_266|mol2vec_267|mol2vec_268|mol2vec_269|mol2vec_270|mol2vec_271|mol2vec_272|mol2vec_273|mol2vec_274|mol2vec_275|mol2vec_276|mol2vec_277|mol2vec_278|mol2vec_279|mol2vec_280|mol2vec_281|mol2vec_282|mol2vec_283|mol2vec_284|mol2vec_285|mol2vec_286|mol2vec_287|mol2vec_288|mol2vec_289|mol2vec_290|mol2vec_291|mol2vec_292|mol2vec_293|mol2vec_294|mol2vec_295|mol2vec_296|mol2vec_297|mol2vec_298|mol2vec_299
Logistic Regression,ChemBERTa,768,0.8897,0.8723,0.884,0.9601,0.8723,0.8776,0.8094,0.8115,0.7531,0.7718,0.935,0.7531,0.7613,0.6733,CorrelationFilter,chemberta_0|chemberta_1|chemberta_2|chemberta_3|chemberta_4|chemberta_5|chemberta_6|chemberta_7|chemberta_8|chemberta_9|chemberta_10|chemberta_11|chemberta_12|chemberta_13|chemberta_14|chemberta_15|chemberta_16|chemberta_17|chemberta_18|chemberta_19|chemberta_20|chemberta_21|chemberta_22|chemberta_23|chemberta_24|chemberta_25|chemberta_26|chemberta_27|chemberta_28|chemberta_29|chemberta_30|chemberta_31|chemberta_32|chemberta_33|chemberta_34|chemberta_35|chemberta_36|chemberta_37|chemberta_38|chemberta_39|chemberta_40|chemberta_41|chemberta_42|chemberta_43|chemberta_44|chemberta_45|chemberta_46|chemberta_47|chemberta_48|chemberta_49|chemberta_50|chemberta_51|chemberta_52|chemberta_53|chemberta_54|chemberta_55|chemberta_56|chemberta_57|chemberta_58|chemberta_59|chemberta_60|chemberta_61|chemberta_62|chemberta_63|chemberta_64|chemberta_65|chemberta_66|chemberta_67|chemberta_68|chemberta_69|chemberta_70|chemberta_71|chemberta_72|chemberta_73|chemberta_74|chemberta_75|chemberta_76|chemberta_77|chemberta_78|chemberta_79|chemberta_80|chemberta_81|chemberta_82|chemberta_83|chemberta_84|chemberta_85|chemberta_86|chemberta_87|chemberta_88|chemberta_89|chemberta_90|chemberta_91|chemberta_92|chemberta_93|chemberta_94|chemberta_95|chemberta_96|chemberta_97|chemberta_98|chemberta_99|chemberta_100|chemberta_101|chemberta_102|chemberta_103|chemberta_104|chemberta_105|chemberta_106|chemberta_107|chemberta_108|chemberta_109|chemberta_110|chemberta_111|chemberta_112|chemberta_113|chemberta_114|chemberta_115|chemberta_116|chemberta_117|chemberta_118|chemberta_119|chemberta_120|chemberta_121|chemberta_122|chemberta_123|chemberta_124|chemberta_125|chemberta_126|chemberta_127|chemberta_128|chemberta_129|chemberta_130|chemberta_131|chemberta_132|chemberta_133|chemberta_134|chemberta_135|chemberta_136|chemberta_137|chemberta_138|chemberta_139|chemberta_140|chemberta_141|chemberta_142|chemberta_143|chemberta_144|chemberta_145|chemberta_146|chemberta_147|chemberta_148|chemberta_149|chemberta_150|chemberta_151|chemberta_152|chemberta_153|chemberta_154|chemberta_155|chemberta_156|chemberta_157|chemberta_158|chemberta_159|chemberta_160|chemberta_161|chemberta_162|chemberta_163|chemberta_164|chemberta_165|chemberta_166|chemberta_167|chemberta_168|chemberta_169|chemberta_170|chemberta_171|chemberta_172|chemberta_173|chemberta_174|chemberta_175|chemberta_176|chemberta_177|chemberta_178|chemberta_179|chemberta_180|chemberta_181|chemberta_182|chemberta_183|chemberta_184|chemberta_185|chemberta_186|chemberta_187|chemberta_188|chemberta_189|chemberta_190|chemberta_191|chemberta_192|chemberta_193|chemberta_194|chemberta_195|chemberta_196|chemberta_197|chemberta_198|chemberta_199|chemberta_200|chemberta_201|chemberta_202|chemberta_203|chemberta_204|chemberta_205|chemberta_206|chemberta_207|chemberta_208|chemberta_209|chemberta_210|chemberta_211|chemberta_212|chemberta_213|chemberta_214|chemberta_215|chemberta_216|chemberta_217|chemberta_218|chemberta_219|chemberta_220|chemberta_221|chemberta_222|chemberta_223|chemberta_224|chemberta_225|chemberta_226|chemberta_227|chemberta_228|chemberta_229|chemberta_230|chemberta_231|chemberta_232|chemberta_233|chemberta_234|chemberta_235|chemberta_236|chemberta_237|chemberta_238|chemberta_239|chemberta_240|chemberta_241|chemberta_242|chemberta_243|chemberta_244|chemberta_245|chemberta_246|chemberta_247|chemberta_248|chemberta_249|chemberta_250|chemberta_251|chemberta_252|chemberta_253|chemberta_254|chemberta_255|chemberta_256|chemberta_257|chemberta_258|chemberta_259|chemberta_260|chemberta_261|chemberta_262|chemberta_263|chemberta_264|chemberta_265|chemberta_266|chemberta_267|chemberta_268|chemberta_269|chemberta_270|chemberta_271|chemberta_272|chemberta_273|chemberta_274|chemberta_275|chemberta_276|chemberta_277|chemberta_278|chemberta_279|chemberta_280|chemberta_281|chemberta_282|chemberta_283|chemberta_284|chemberta_285|chemberta_286|chemberta_287|chemberta_288|chemberta_289|chemberta_290|chemberta_291|chemberta_292|chemberta_293|chemberta_294|chemberta_295|chemberta_296|chemberta_297|chemberta_298|chemberta_299|chemberta_300|chemberta_301|chemberta_302|chemberta_303|chemberta_304|chemberta_305|chemberta_306|chemberta_307|chemberta_308|chemberta_309|chemberta_310|chemberta_311|chemberta_312|chemberta_313|chemberta_314|chemberta_315|chemberta_316|chemberta_317|chemberta_318|chemberta_319|chemberta_320|chemberta_321|chemberta_322|chemberta_323|chemberta_324|chemberta_325|chemberta_326|chemberta_327|chemberta_328|chemberta_329|chemberta_330|chemberta_331|chemberta_332|chemberta_333|chemberta_334|chemberta_335|chemberta_336|chemberta_337|chemberta_338|chemberta_339|chemberta_340|chemberta_341|chemberta_342|chemberta_343|chemberta_344|chemberta_345|chemberta_346|chemberta_347|chemberta_348|chemberta_349|chemberta_350|chemberta_351|chemberta_352|chemberta_353|chemberta_354|chemberta_355|chemberta_356|chemberta_357|chemberta_358|chemberta_359|chemberta_360|chemberta_361|chemberta_362|chemberta_363|chemberta_364|chemberta_365|chemberta_366|chemberta_367|chemberta_368|chemberta_369|chemberta_370|chemberta_371|chemberta_372|chemberta_373|chemberta_374|chemberta_375|chemberta_376|chemberta_377|chemberta_378|chemberta_379|chemberta_380|chemberta_381|chemberta_382|chemberta_383|chemberta_384|chemberta_385|chemberta_386|chemberta_387|chemberta_388|chemberta_389|chemberta_390|chemberta_391|chemberta_392|chemberta_393|chemberta_394|chemberta_395|chemberta_396|chemberta_397|chemberta_398|chemberta_399|chemberta_400|chemberta_401|chemberta_402|chemberta_403|chemberta_404|chemberta_405|chemberta_406|chemberta_407|chemberta_408|chemberta_409|chemberta_410|chemberta_411|chemberta_412|chemberta_413|chemberta_414|chemberta_415|chemberta_416|chemberta_417|chemberta_418|chemberta_419|chemberta_420|chemberta_421|chemberta_422|chemberta_423|chemberta_424|chemberta_425|chemberta_426|chemberta_427|chemberta_428|chemberta_429|chemberta_430|chemberta_431|chemberta_432|chemberta_433|chemberta_434|chemberta_435|chemberta_436|chemberta_437|chemberta_438|chemberta_439|chemberta_440|chemberta_441|chemberta_442|chemberta_443|chemberta_444|chemberta_445|chemberta_446|chemberta_447|chemberta_448|chemberta_449|chemberta_450|chemberta_451|chemberta_452|chemberta_453|chemberta_454|chemberta_455|chemberta_456|chemberta_457|chemberta_458|chemberta_459|chemberta_460|chemberta_461|chemberta_462|chemberta_463|chemberta_464|chemberta_465|chemberta_466|chemberta_467|chemberta_468|chemberta_469|chemberta_470|chemberta_471|chemberta_472|chemberta_473|chemberta_474|chemberta_475|chemberta_476|chemberta_477|chemberta_478|chemberta_479|chemberta_480|chemberta_481|chemberta_482|chemberta_483|chemberta_484|chemberta_485|chemberta_486|chemberta_487|chemberta_488|chemberta_489|chemberta_490|chemberta_491|chemberta_492|chemberta_493|chemberta_494|chemberta_495|chemberta_496|chemberta_497|chemberta_498|chemberta_499|chemberta_500|chemberta_501|chemberta_502|chemberta_503|chemberta_504|chemberta_505|chemberta_506|chemberta_507|chemberta_508|chemberta_509|chemberta_510|chemberta_511|chemberta_512|chemberta_513|chemberta_514|chemberta_515|chemberta_516|chemberta_517|chemberta_518|chemberta_519|chemberta_520|chemberta_521|chemberta_522|chemberta_523|chemberta_524|chemberta_525|chemberta_526|chemberta_527|chemberta_528|chemberta_529|chemberta_530|chemberta_531|chemberta_532|chemberta_533|chemberta_534|chemberta_535|chemberta_536|chemberta_537|chemberta_538|chemberta_539|chemberta_540|chemberta_541|chemberta_542|chemberta_543|chemberta_544|chemberta_545|chemberta_546|chemberta_547|chemberta_548|chemberta_549|chemberta_550|chemberta_551|chemberta_552|chemberta_553|chemberta_554|chemberta_555|chemberta_556|chemberta_557|chemberta_558|chemberta_559|chemberta_560|chemberta_561|chemberta_562|chemberta_563|chemberta_564|chemberta_565|chemberta_566|chemberta_567|chemberta_568|chemberta_569|chemberta_570|chemberta_571|chemberta_572|chemberta_573|chemberta_574|chemberta_575|chemberta_576|chemberta_577|chemberta_578|chemberta_579|chemberta_580|chemberta_581|chemberta_582|chemberta_583|chemberta_584|chemberta_585|chemberta_586|chemberta_587|chemberta_588|chemberta_589|chemberta_590|chemberta_591|chemberta_592|chemberta_593|chemberta_594|chemberta_595|chemberta_596|chemberta_597|chemberta_598|chemberta_599|chemberta_600|chemberta_601|chemberta_602|chemberta_603|chemberta_604|chemberta_605|chemberta_606|chemberta_607|chemberta_608|chemberta_609|chemberta_610|chemberta_611|chemberta_612|chemberta_613|chemberta_614|chemberta_615|chemberta_616|chemberta_617|chemberta_618|chemberta_619|chemberta_620|chemberta_621|chemberta_622|chemberta_623|chemberta_624|chemberta_625|chemberta_626|chemberta_627|chemberta_628|chemberta_629|chemberta_630|chemberta_631|chemberta_632|chemberta_633|chemberta_634|chemberta_635|chemberta_636|chemberta_637|chemberta_638|chemberta_639|chemberta_640|chemberta_641|chemberta_642|chemberta_643|chemberta_644|chemberta_645|chemberta_646|chemberta_647|chemberta_648|chemberta_649|chemberta_650|chemberta_651|chemberta_652|chemberta_653|chemberta_654|chemberta_655|chemberta_656|chemberta_657|chemberta_658|chemberta_659|chemberta_660|chemberta_661|chemberta_662|chemberta_663|chemberta_664|chemberta_665|chemberta_666|chemberta_667|chemberta_668|chemberta_669|chemberta_670|chemberta_671|chemberta_672|chemberta_673|chemberta_674|chemberta_675|chemberta_676|chemberta_677|chemberta_678|chemberta_679|chemberta_680|chemberta_681|chemberta_682|chemberta_683|chemberta_684|chemberta_685|chemberta_686|chemberta_687|chemberta_688|chemberta_689|chemberta_690|chemberta_691|chemberta_692|chemberta_693|chemberta_694|chemberta_695|chemberta_696|chemberta_697|chemberta_698|chemberta_699|chemberta_700|chemberta_701|chemberta_702|chemberta_703|chemberta_704|chemberta_705|chemberta_706|chemberta_707|chemberta_708|chemberta_709|chemberta_710|chemberta_711|chemberta_712|chemberta_713|chemberta_714|chemberta_715|chemberta_716|chemberta_717|chemberta_718|chemberta_719|chemberta_720|chemberta_721|chemberta_722|chemberta_723|chemberta_724|chemberta_725|chemberta_726|chemberta_727|chemberta_728|chemberta_729|chemberta_730|chemberta_731|chemberta_732|chemberta_733|chemberta_734|chemberta_735|chemberta_736|chemberta_737|chemberta_738|chemberta_739|chemberta_740|chemberta_741|chemberta_742|chemberta_743|chemberta_744|chemberta_745|chemberta_746|chemberta_747|chemberta_748|chemberta_749|chemberta_750|chemberta_751|chemberta_752|chemberta_753|chemberta_754|chemberta_755|chemberta_756|chemberta_757|chemberta_758|chemberta_759|chemberta_760|chemberta_761|chemberta_762|chemberta_763|chemberta_764|chemberta_765|chemberta_766|chemberta_767
Decision Tree,ChemBERTa,768,1.0,1.0,1.0,1.0,1.0,1.0,1.0,0.7139,0.5822,0.5955,0.9072,0.5822,0.5883,0.5074,CorrelationFilter,chemberta_0|chemberta_1|chemberta_2|chemberta_3|chemberta_4|chemberta_5|chemberta_6|chemberta_7|chemberta_8|chemberta_9|chemberta_10|chemberta_11|chemberta_12|chemberta_13|chemberta_14|chemberta_15|chemberta_16|chemberta_17|chemberta_18|chemberta_19|chemberta_20|chemberta_21|chemberta_22|chemberta_23|chemberta_24|chemberta_25|chemberta_26|chemberta_27|chemberta_28|chemberta_29|chemberta_30|chemberta_31|chemberta_32|chemberta_33|chemberta_34|chemberta_35|chemberta_36|chemberta_37|chemberta_38|chemberta_39|chemberta_40|chemberta_41|chemberta_42|chemberta_43|chemberta_44|chemberta_45|chemberta_46|chemberta_47|chemberta_48|chemberta_49|chemberta_50|chemberta_51|chemberta_52|chemberta_53|chemberta_54|chemberta_55|chemberta_56|chemberta_57|chemberta_58|chemberta_59|chemberta_60|chemberta_61|chemberta_62|chemberta_63|chemberta_64|chemberta_65|chemberta_66|chemberta_67|chemberta_68|chemberta_69|chemberta_70|chemberta_71|chemberta_72|chemberta_73|chemberta_74|chemberta_75|chemberta_76|chemberta_77|chemberta_78|chemberta_79|chemberta_80|chemberta_81|chemberta_82|chemberta_83|chemberta_84|chemberta_85|chemberta_86|chemberta_87|chemberta_88|chemberta_89|chemberta_90|chemberta_91|chemberta_92|chemberta_93|chemberta_94|chemberta_95|chemberta_96|chemberta_97|chemberta_98|chemberta_99|chemberta_100|chemberta_101|chemberta_102|chemberta_103|chemberta_104|chemberta_105|chemberta_106|chemberta_107|chemberta_108|chemberta_109|chemberta_110|chemberta_111|chemberta_112|chemberta_113|chemberta_114|chemberta_115|chemberta_116|chemberta_117|chemberta_118|chemberta_119|chemberta_120|chemberta_121|chemberta_122|chemberta_123|chemberta_124|chemberta_125|chemberta_126|chemberta_127|chemberta_128|chemberta_129|chemberta_130|chemberta_131|chemberta_132|chemberta_133|chemberta_134|chemberta_135|chemberta_136|chemberta_137|chemberta_138|chemberta_139|chemberta_140|chemberta_141|chemberta_142|chemberta_143|chemberta_144|chemberta_145|chemberta_146|chemberta_147|chemberta_148|chemberta_149|chemberta_150|chemberta_151|chemberta_152|chemberta_153|chemberta_154|chemberta_155|chemberta_156|chemberta_157|chemberta_158|chemberta_159|chemberta_160|chemberta_161|chemberta_162|chemberta_163|chemberta_164|chemberta_165|chemberta_166|chemberta_167|chemberta_168|chemberta_169|chemberta_170|chemberta_171|chemberta_172|chemberta_173|chemberta_174|chemberta_175|chemberta_176|chemberta_177|chemberta_178|chemberta_179|chemberta_180|chemberta_181|chemberta_182|chemberta_183|chemberta_184|chemberta_185|chemberta_186|chemberta_187|chemberta_188|chemberta_189|chemberta_190|chemberta_191|chemberta_192|chemberta_193|chemberta_194|chemberta_195|chemberta_196|chemberta_197|chemberta_198|chemberta_199|chemberta_200|chemberta_201|chemberta_202|chemberta_203|chemberta_204|chemberta_205|chemberta_206|chemberta_207|chemberta_208|chemberta_209|chemberta_210|chemberta_211|chemberta_212|chemberta_213|chemberta_214|chemberta_215|chemberta_216|chemberta_217|chemberta_218|chemberta_219|chemberta_220|chemberta_221|chemberta_222|chemberta_223|chemberta_224|chemberta_225|chemberta_226|chemberta_227|chemberta_228|chemberta_229|chemberta_230|chemberta_231|chemberta_232|chemberta_233|chemberta_234|chemberta_235|chemberta_236|chemberta_237|chemberta_238|chemberta_239|chemberta_240|chemberta_241|chemberta_242|chemberta_243|chemberta_244|chemberta_245|chemberta_246|chemberta_247|chemberta_248|chemberta_249|chemberta_250|chemberta_251|chemberta_252|chemberta_253|chemberta_254|chemberta_255|chemberta_256|chemberta_257|chemberta_258|chemberta_259|chemberta_260|chemberta_261|chemberta_262|chemberta_263|chemberta_264|chemberta_265|chemberta_266|chemberta_267|chemberta_268|chemberta_269|chemberta_270|chemberta_271|chemberta_272|chemberta_273|chemberta_274|chemberta_275|chemberta_276|chemberta_277|chemberta_278|chemberta_279|chemberta_280|chemberta_281|chemberta_282|chemberta_283|chemberta_284|chemberta_285|chemberta_286|chemberta_287|chemberta_288|chemberta_289|chemberta_290|chemberta_291|chemberta_292|chemberta_293|chemberta_294|chemberta_295|chemberta_296|chemberta_297|chemberta_298|chemberta_299|chemberta_300|chemberta_301|chemberta_302|chemberta_303|chemberta_304|chemberta_305|chemberta_306|chemberta_307|chemberta_308|chemberta_309|chemberta_310|chemberta_311|chemberta_312|chemberta_313|chemberta_314|chemberta_315|chemberta_316|chemberta_317|chemberta_318|chemberta_319|chemberta_320|chemberta_321|chemberta_322|chemberta_323|chemberta_324|chemberta_325|chemberta_326|chemberta_327|chemberta_328|chemberta_329|chemberta_330|chemberta_331|chemberta_332|chemberta_333|chemberta_334|chemberta_335|chemberta_336|chemberta_337|chemberta_338|chemberta_339|chemberta_340|chemberta_341|chemberta_342|chemberta_343|chemberta_344|chemberta_345|chemberta_346|chemberta_347|chemberta_348|chemberta_349|chemberta_350|chemberta_351|chemberta_352|chemberta_353|chemberta_354|chemberta_355|chemberta_356|chemberta_357|chemberta_358|chemberta_359|chemberta_360|chemberta_361|chemberta_362|chemberta_363|chemberta_364|chemberta_365|chemberta_366|chemberta_367|chemberta_368|chemberta_369|chemberta_370|chemberta_371|chemberta_372|chemberta_373|chemberta_374|chemberta_375|chemberta_376|chemberta_377|chemberta_378|chemberta_379|chemberta_380|chemberta_381|chemberta_382|chemberta_383|chemberta_384|chemberta_385|chemberta_386|chemberta_387|chemberta_388|chemberta_389|chemberta_390|chemberta_391|chemberta_392|chemberta_393|chemberta_394|chemberta_395|chemberta_396|chemberta_397|chemberta_398|chemberta_399|chemberta_400|chemberta_401|chemberta_402|chemberta_403|chemberta_404|chemberta_405|chemberta_406|chemberta_407|chemberta_408|chemberta_409|chemberta_410|chemberta_411|chemberta_412|chemberta_413|chemberta_414|chemberta_415|chemberta_416|chemberta_417|chemberta_418|chemberta_419|chemberta_420|chemberta_421|chemberta_422|chemberta_423|chemberta_424|chemberta_425|chemberta_426|chemberta_427|chemberta_428|chemberta_429|chemberta_430|chemberta_431|chemberta_432|chemberta_433|chemberta_434|chemberta_435|chemberta_436|chemberta_437|chemberta_438|chemberta_439|chemberta_440|chemberta_441|chemberta_442|chemberta_443|chemberta_444|chemberta_445|chemberta_446|chemberta_447|chemberta_448|chemberta_449|chemberta_450|chemberta_451|chemberta_452|chemberta_453|chemberta_454|chemberta_455|chemberta_456|chemberta_457|chemberta_458|chemberta_459|chemberta_460|chemberta_461|chemberta_462|chemberta_463|chemberta_464|chemberta_465|chemberta_466|chemberta_467|chemberta_468|chemberta_469|chemberta_470|chemberta_471|chemberta_472|chemberta_473|chemberta_474|chemberta_475|chemberta_476|chemberta_477|chemberta_478|chemberta_479|chemberta_480|chemberta_481|chemberta_482|chemberta_483|chemberta_484|chemberta_485|chemberta_486|chemberta_487|chemberta_488|chemberta_489|chemberta_490|chemberta_491|chemberta_492|chemberta_493|chemberta_494|chemberta_495|chemberta_496|chemberta_497|chemberta_498|chemberta_499|chemberta_500|chemberta_501|chemberta_502|chemberta_503|chemberta_504|chemberta_505|chemberta_506|chemberta_507|chemberta_508|chemberta_509|chemberta_510|chemberta_511|chemberta_512|chemberta_513|chemberta_514|chemberta_515|chemberta_516|chemberta_517|chemberta_518|chemberta_519|chemberta_520|chemberta_521|chemberta_522|chemberta_523|chemberta_524|chemberta_525|chemberta_526|chemberta_527|chemberta_528|chemberta_529|chemberta_530|chemberta_531|chemberta_532|chemberta_533|chemberta_534|chemberta_535|chemberta_536|chemberta_537|chemberta_538|chemberta_539|chemberta_540|chemberta_541|chemberta_542|chemberta_543|chemberta_544|chemberta_545|chemberta_546|chemberta_547|chemberta_548|chemberta_549|chemberta_550|chemberta_551|chemberta_552|chemberta_553|chemberta_554|chemberta_555|chemberta_556|chemberta_557|chemberta_558|chemberta_559|chemberta_560|chemberta_561|chemberta_562|chemberta_563|chemberta_564|chemberta_565|chemberta_566|chemberta_567|chemberta_568|chemberta_569|chemberta_570|chemberta_571|chemberta_572|chemberta_573|chemberta_574|chemberta_575|chemberta_576|chemberta_577|chemberta_578|chemberta_579|chemberta_580|chemberta_581|chemberta_582|chemberta_583|chemberta_584|chemberta_585|chemberta_586|chemberta_587|chemberta_588|chemberta_589|chemberta_590|chemberta_591|chemberta_592|chemberta_593|chemberta_594|chemberta_595|chemberta_596|chemberta_597|chemberta_598|chemberta_599|chemberta_600|chemberta_601|chemberta_602|chemberta_603|chemberta_604|chemberta_605|chemberta_606|chemberta_607|chemberta_608|chemberta_609|chemberta_610|chemberta_611|chemberta_612|chemberta_613|chemberta_614|chemberta_615|chemberta_616|chemberta_617|chemberta_618|chemberta_619|chemberta_620|chemberta_621|chemberta_622|chemberta_623|chemberta_624|chemberta_625|chemberta_626|chemberta_627|chemberta_628|chemberta_629|chemberta_630|chemberta_631|chemberta_632|chemberta_633|chemberta_634|chemberta_635|chemberta_636|chemberta_637|chemberta_638|chemberta_639|chemberta_640|chemberta_641|chemberta_642|chemberta_643|chemberta_644|chemberta_645|chemberta_646|chemberta_647|chemberta_648|chemberta_649|chemberta_650|chemberta_651|chemberta_652|chemberta_653|chemberta_654|chemberta_655|chemberta_656|chemberta_657|chemberta_658|chemberta_659|chemberta_660|chemberta_661|chemberta_662|chemberta_663|chemberta_664|chemberta_665|chemberta_666|chemberta_667|chemberta_668|chemberta_669|chemberta_670|chemberta_671|chemberta_672|chemberta_673|chemberta_674|chemberta_675|chemberta_676|chemberta_677|chemberta_678|chemberta_679|chemberta_680|chemberta_681|chemberta_682|chemberta_683|chemberta_684|chemberta_685|chemberta_686|chemberta_687|chemberta_688|chemberta_689|chemberta_690|chemberta_691|chemberta_692|chemberta_693|chemberta_694|chemberta_695|chemberta_696|chemberta_697|chemberta_698|chemberta_699|chemberta_700|chemberta_701|chemberta_702|chemberta_703|chemberta_704|chemberta_705|chemberta_706|chemberta_707|chemberta_708|chemberta_709|chemberta_710|chemberta_711|chemberta_712|chemberta_713|chemberta_714|chemberta_715|chemberta_716|chemberta_717|chemberta_718|chemberta_719|chemberta_720|chemberta_721|chemberta_722|chemberta_723|chemberta_724|chemberta_725|chemberta_726|chemberta_727|chemberta_728|chemberta_729|chemberta_730|chemberta_731|chemberta_732|chemberta_733|chemberta_734|chemberta_735|chemberta_736|chemberta_737|chemberta_738|chemberta_739|chemberta_740|chemberta_741|chemberta_742|chemberta_743|chemberta_744|chemberta_745|chemberta_746|chemberta_747|chemberta_748|chemberta_749|chemberta_750|chemberta_751|chemberta_752|chemberta_753|chemberta_754|chemberta_755|chemberta_756|chemberta_757|chemberta_758|chemberta_759|chemberta_760|chemberta_761|chemberta_762|chemberta_763|chemberta_764|chemberta_765|chemberta_766|chemberta_767
Random Forest,ChemBERTa,768,1.0,1.0,1.0,1.0,1.0,1.0,1.0,0.8191,0.7071,0.8074,0.9293,0.7071,0.7476,0.6778,CorrelationFilter,chemberta_0|chemberta_1|chemberta_2|chemberta_3|chemberta_4|chemberta_5|chemberta_6|chemberta_7|chemberta_8|chemberta_9|chemberta_10|chemberta_11|chemberta_12|chemberta_13|chemberta_14|chemberta_15|chemberta_16|chemberta_17|chemberta_18|chemberta_19|chemberta_20|chemberta_21|chemberta_22|chemberta_23|chemberta_24|chemberta_25|chemberta_26|chemberta_27|chemberta_28|chemberta_29|chemberta_30|chemberta_31|chemberta_32|chemberta_33|chemberta_34|chemberta_35|chemberta_36|chemberta_37|chemberta_38|chemberta_39|chemberta_40|chemberta_41|chemberta_42|chemberta_43|chemberta_44|chemberta_45|chemberta_46|chemberta_47|chemberta_48|chemberta_49|chemberta_50|chemberta_51|chemberta_52|chemberta_53|chemberta_54|chemberta_55|chemberta_56|chemberta_57|chemberta_58|chemberta_59|chemberta_60|chemberta_61|chemberta_62|chemberta_63|chemberta_64|chemberta_65|chemberta_66|chemberta_67|chemberta_68|chemberta_69|chemberta_70|chemberta_71|chemberta_72|chemberta_73|chemberta_74|chemberta_75|chemberta_76|chemberta_77|chemberta_78|chemberta_79|chemberta_80|chemberta_81|chemberta_82|chemberta_83|chemberta_84|chemberta_85|chemberta_86|chemberta_87|chemberta_88|chemberta_89|chemberta_90|chemberta_91|chemberta_92|chemberta_93|chemberta_94|chemberta_95|chemberta_96|chemberta_97|chemberta_98|chemberta_99|chemberta_100|chemberta_101|chemberta_102|chemberta_103|chemberta_104|chemberta_105|chemberta_106|chemberta_107|chemberta_108|chemberta_109|chemberta_110|chemberta_111|chemberta_112|chemberta_113|chemberta_114|chemberta_115|chemberta_116|chemberta_117|chemberta_118|chemberta_119|chemberta_120|chemberta_121|chemberta_122|chemberta_123|chemberta_124|chemberta_125|chemberta_126|chemberta_127|chemberta_128|chemberta_129|chemberta_130|chemberta_131|chemberta_132|chemberta_133|chemberta_134|chemberta_135|chemberta_136|chemberta_137|chemberta_138|chemberta_139|chemberta_140|chemberta_141|chemberta_142|chemberta_143|chemberta_144|chemberta_145|chemberta_146|chemberta_147|chemberta_148|chemberta_149|chemberta_150|chemberta_151|chemberta_152|chemberta_153|chemberta_154|chemberta_155|chemberta_156|chemberta_157|chemberta_158|chemberta_159|chemberta_160|chemberta_161|chemberta_162|chemberta_163|chemberta_164|chemberta_165|chemberta_166|chemberta_167|chemberta_168|chemberta_169|chemberta_170|chemberta_171|chemberta_172|chemberta_173|chemberta_174|chemberta_175|chemberta_176|chemberta_177|chemberta_178|chemberta_179|chemberta_180|chemberta_181|chemberta_182|chemberta_183|chemberta_184|chemberta_185|chemberta_186|chemberta_187|chemberta_188|chemberta_189|chemberta_190|chemberta_191|chemberta_192|chemberta_193|chemberta_194|chemberta_195|chemberta_196|chemberta_197|chemberta_198|chemberta_199|chemberta_200|chemberta_201|chemberta_202|chemberta_203|chemberta_204|chemberta_205|chemberta_206|chemberta_207|chemberta_208|chemberta_209|chemberta_210|chemberta_211|chemberta_212|chemberta_213|chemberta_214|chemberta_215|chemberta_216|chemberta_217|chemberta_218|chemberta_219|chemberta_220|chemberta_221|chemberta_222|chemberta_223|chemberta_224|chemberta_225|chemberta_226|chemberta_227|chemberta_228|chemberta_229|chemberta_230|chemberta_231|chemberta_232|chemberta_233|chemberta_234|chemberta_235|chemberta_236|chemberta_237|chemberta_238|chemberta_239|chemberta_240|chemberta_241|chemberta_242|chemberta_243|chemberta_244|chemberta_245|chemberta_246|chemberta_247|chemberta_248|chemberta_249|chemberta_250|chemberta_251|chemberta_252|chemberta_253|chemberta_254|chemberta_255|chemberta_256|chemberta_257|chemberta_258|chemberta_259|chemberta_260|chemberta_261|chemberta_262|chemberta_263|chemberta_264|chemberta_265|chemberta_266|chemberta_267|chemberta_268|chemberta_269|chemberta_270|chemberta_271|chemberta_272|chemberta_273|chemberta_274|chemberta_275|chemberta_276|chemberta_277|chemberta_278|chemberta_279|chemberta_280|chemberta_281|chemberta_282|chemberta_283|chemberta_284|chemberta_285|chemberta_286|chemberta_287|chemberta_288|chemberta_289|chemberta_290|chemberta_291|chemberta_292|chemberta_293|chemberta_294|chemberta_295|chemberta_296|chemberta_297|chemberta_298|chemberta_299|chemberta_300|chemberta_301|chemberta_302|chemberta_303|chemberta_304|chemberta_305|chemberta_306|chemberta_307|chemberta_308|chemberta_309|chemberta_310|chemberta_311|chemberta_312|chemberta_313|chemberta_314|chemberta_315|chemberta_316|chemberta_317|chemberta_318|chemberta_319|chemberta_320|chemberta_321|chemberta_322|chemberta_323|chemberta_324|chemberta_325|chemberta_326|chemberta_327|chemberta_328|chemberta_329|chemberta_330|chemberta_331|chemberta_332|chemberta_333|chemberta_334|chemberta_335|chemberta_336|chemberta_337|chemberta_338|chemberta_339|chemberta_340|chemberta_341|chemberta_342|chemberta_343|chemberta_344|chemberta_345|chemberta_346|chemberta_347|chemberta_348|chemberta_349|chemberta_350|chemberta_351|chemberta_352|chemberta_353|chemberta_354|chemberta_355|chemberta_356|chemberta_357|chemberta_358|chemberta_359|chemberta_360|chemberta_361|chemberta_362|chemberta_363|chemberta_364|chemberta_365|chemberta_366|chemberta_367|chemberta_368|chemberta_369|chemberta_370|chemberta_371|chemberta_372|chemberta_373|chemberta_374|chemberta_375|chemberta_376|chemberta_377|chemberta_378|chemberta_379|chemberta_380|chemberta_381|chemberta_382|chemberta_383|chemberta_384|chemberta_385|chemberta_386|chemberta_387|chemberta_388|chemberta_389|chemberta_390|chemberta_391|chemberta_392|chemberta_393|chemberta_394|chemberta_395|chemberta_396|chemberta_397|chemberta_398|chemberta_399|chemberta_400|chemberta_401|chemberta_402|chemberta_403|chemberta_404|chemberta_405|chemberta_406|chemberta_407|chemberta_408|chemberta_409|chemberta_410|chemberta_411|chemberta_412|chemberta_413|chemberta_414|chemberta_415|chemberta_416|chemberta_417|chemberta_418|chemberta_419|chemberta_420|chemberta_421|chemberta_422|chemberta_423|chemberta_424|chemberta_425|chemberta_426|chemberta_427|chemberta_428|chemberta_429|chemberta_430|chemberta_431|chemberta_432|chemberta_433|chemberta_434|chemberta_435|chemberta_436|chemberta_437|chemberta_438|chemberta_439|chemberta_440|chemberta_441|chemberta_442|chemberta_443|chemberta_444|chemberta_445|chemberta_446|chemberta_447|chemberta_448|chemberta_449|chemberta_450|chemberta_451|chemberta_452|chemberta_453|chemberta_454|chemberta_455|chemberta_456|chemberta_457|chemberta_458|chemberta_459|chemberta_460|chemberta_461|chemberta_462|chemberta_463|chemberta_464|chemberta_465|chemberta_466|chemberta_467|chemberta_468|chemberta_469|chemberta_470|chemberta_471|chemberta_472|chemberta_473|chemberta_474|chemberta_475|chemberta_476|chemberta_477|chemberta_478|chemberta_479|chemberta_480|chemberta_481|chemberta_482|chemberta_483|chemberta_484|chemberta_485|chemberta_486|chemberta_487|chemberta_488|chemberta_489|chemberta_490|chemberta_491|chemberta_492|chemberta_493|chemberta_494|chemberta_495|chemberta_496|chemberta_497|chemberta_498|chemberta_499|chemberta_500|chemberta_501|chemberta_502|chemberta_503|chemberta_504|chemberta_505|chemberta_506|chemberta_507|chemberta_508|chemberta_509|chemberta_510|chemberta_511|chemberta_512|chemberta_513|chemberta_514|chemberta_515|chemberta_516|chemberta_517|chemberta_518|chemberta_519|chemberta_520|chemberta_521|chemberta_522|chemberta_523|chemberta_524|chemberta_525|chemberta_526|chemberta_527|chemberta_528|chemberta_529|chemberta_530|chemberta_531|chemberta_532|chemberta_533|chemberta_534|chemberta_535|chemberta_536|chemberta_537|chemberta_538|chemberta_539|chemberta_540|chemberta_541|chemberta_542|chemberta_543|chemberta_544|chemberta_545|chemberta_546|chemberta_547|chemberta_548|chemberta_549|chemberta_550|chemberta_551|chemberta_552|chemberta_553|chemberta_554|chemberta_555|chemberta_556|chemberta_557|chemberta_558|chemberta_559|chemberta_560|chemberta_561|chemberta_562|chemberta_563|chemberta_564|chemberta_565|chemberta_566|chemberta_567|chemberta_568|chemberta_569|chemberta_570|chemberta_571|chemberta_572|chemberta_573|chemberta_574|chemberta_575|chemberta_576|chemberta_577|chemberta_578|chemberta_579|chemberta_580|chemberta_581|chemberta_582|chemberta_583|chemberta_584|chemberta_585|chemberta_586|chemberta_587|chemberta_588|chemberta_589|chemberta_590|chemberta_591|chemberta_592|chemberta_593|chemberta_594|chemberta_595|chemberta_596|chemberta_597|chemberta_598|chemberta_599|chemberta_600|chemberta_601|chemberta_602|chemberta_603|chemberta_604|chemberta_605|chemberta_606|chemberta_607|chemberta_608|chemberta_609|chemberta_610|chemberta_611|chemberta_612|chemberta_613|chemberta_614|chemberta_615|chemberta_616|chemberta_617|chemberta_618|chemberta_619|chemberta_620|chemberta_621|chemberta_622|chemberta_623|chemberta_624|chemberta_625|chemberta_626|chemberta_627|chemberta_628|chemberta_629|chemberta_630|chemberta_631|chemberta_632|chemberta_633|chemberta_634|chemberta_635|chemberta_636|chemberta_637|chemberta_638|chemberta_639|chemberta_640|chemberta_641|chemberta_642|chemberta_643|chemberta_644|chemberta_645|chemberta_646|chemberta_647|chemberta_648|chemberta_649|chemberta_650|chemberta_651|chemberta_652|chemberta_653|chemberta_654|chemberta_655|chemberta_656|chemberta_657|chemberta_658|chemberta_659|chemberta_660|chemberta_661|chemberta_662|chemberta_663|chemberta_664|chemberta_665|chemberta_666|chemberta_667|chemberta_668|chemberta_669|chemberta_670|chemberta_671|chemberta_672|chemberta_673|chemberta_674|chemberta_675|chemberta_676|chemberta_677|chemberta_678|chemberta_679|chemberta_680|chemberta_681|chemberta_682|chemberta_683|chemberta_684|chemberta_685|chemberta_686|chemberta_687|chemberta_688|chemberta_689|chemberta_690|chemberta_691|chemberta_692|chemberta_693|chemberta_694|chemberta_695|chemberta_696|chemberta_697|chemberta_698|chemberta_699|chemberta_700|chemberta_701|chemberta_702|chemberta_703|chemberta_704|chemberta_705|chemberta_706|chemberta_707|chemberta_708|chemberta_709|chemberta_710|chemberta_711|chemberta_712|chemberta_713|chemberta_714|chemberta_715|chemberta_716|chemberta_717|chemberta_718|chemberta_719|chemberta_720|chemberta_721|chemberta_722|chemberta_723|chemberta_724|chemberta_725|chemberta_726|chemberta_727|chemberta_728|chemberta_729|chemberta_730|chemberta_731|chemberta_732|chemberta_733|chemberta_734|chemberta_735|chemberta_736|chemberta_737|chemberta_738|chemberta_739|chemberta_740|chemberta_741|chemberta_742|chemberta_743|chemberta_744|chemberta_745|chemberta_746|chemberta_747|chemberta_748|chemberta_749|chemberta_750|chemberta_751|chemberta_752|chemberta_753|chemberta_754|chemberta_755|chemberta_756|chemberta_757|chemberta_758|chemberta_759|chemberta_760|chemberta_761|chemberta_762|chemberta_763|chemberta_764|chemberta_765|chemberta_766|chemberta_767
Extra Trees,ChemBERTa,768,1.0,1.0,1.0,1.0,1.0,1.0,1.0,0.8199,0.7121,0.8118,0.9288,0.7121,0.7526,0.6791,CorrelationFilter,chemberta_0|chemberta_1|chemberta_2|chemberta_3|chemberta_4|chemberta_5|chemberta_6|chemberta_7|chemberta_8|chemberta_9|chemberta_10|chemberta_11|chemberta_12|chemberta_13|chemberta_14|chemberta_15|chemberta_16|chemberta_17|chemberta_18|chemberta_19|chemberta_20|chemberta_21|chemberta_22|chemberta_23|chemberta_24|chemberta_25|chemberta_26|chemberta_27|chemberta_28|chemberta_29|chemberta_30|chemberta_31|chemberta_32|chemberta_33|chemberta_34|chemberta_35|chemberta_36|chemberta_37|chemberta_38|chemberta_39|chemberta_40|chemberta_41|chemberta_42|chemberta_43|chemberta_44|chemberta_45|chemberta_46|chemberta_47|chemberta_48|chemberta_49|chemberta_50|chemberta_51|chemberta_52|chemberta_53|chemberta_54|chemberta_55|chemberta_56|chemberta_57|chemberta_58|chemberta_59|chemberta_60|chemberta_61|chemberta_62|chemberta_63|chemberta_64|chemberta_65|chemberta_66|chemberta_67|chemberta_68|chemberta_69|chemberta_70|chemberta_71|chemberta_72|chemberta_73|chemberta_74|chemberta_75|chemberta_76|chemberta_77|chemberta_78|chemberta_79|chemberta_80|chemberta_81|chemberta_82|chemberta_83|chemberta_84|chemberta_85|chemberta_86|chemberta_87|chemberta_88|chemberta_89|chemberta_90|chemberta_91|chemberta_92|chemberta_93|chemberta_94|chemberta_95|chemberta_96|chemberta_97|chemberta_98|chemberta_99|chemberta_100|chemberta_101|chemberta_102|chemberta_103|chemberta_104|chemberta_105|chemberta_106|chemberta_107|chemberta_108|chemberta_109|chemberta_110|chemberta_111|chemberta_112|chemberta_113|chemberta_114|chemberta_115|chemberta_116|chemberta_117|chemberta_118|chemberta_119|chemberta_120|chemberta_121|chemberta_122|chemberta_123|chemberta_124|chemberta_125|chemberta_126|chemberta_127|chemberta_128|chemberta_129|chemberta_130|chemberta_131|chemberta_132|chemberta_133|chemberta_134|chemberta_135|chemberta_136|chemberta_137|chemberta_138|chemberta_139|chemberta_140|chemberta_141|chemberta_142|chemberta_143|chemberta_144|chemberta_145|chemberta_146|chemberta_147|chemberta_148|chemberta_149|chemberta_150|chemberta_151|chemberta_152|chemberta_153|chemberta_154|chemberta_155|chemberta_156|chemberta_157|chemberta_158|chemberta_159|chemberta_160|chemberta_161|chemberta_162|chemberta_163|chemberta_164|chemberta_165|chemberta_166|chemberta_167|chemberta_168|chemberta_169|chemberta_170|chemberta_171|chemberta_172|chemberta_173|chemberta_174|chemberta_175|chemberta_176|chemberta_177|chemberta_178|chemberta_179|chemberta_180|chemberta_181|chemberta_182|chemberta_183|chemberta_184|chemberta_185|chemberta_186|chemberta_187|chemberta_188|chemberta_189|chemberta_190|chemberta_191|chemberta_192|chemberta_193|chemberta_194|chemberta_195|chemberta_196|chemberta_197|chemberta_198|chemberta_199|chemberta_200|chemberta_201|chemberta_202|chemberta_203|chemberta_204|chemberta_205|chemberta_206|chemberta_207|chemberta_208|chemberta_209|chemberta_210|chemberta_211|chemberta_212|chemberta_213|chemberta_214|chemberta_215|chemberta_216|chemberta_217|chemberta_218|chemberta_219|chemberta_220|chemberta_221|chemberta_222|chemberta_223|chemberta_224|chemberta_225|chemberta_226|chemberta_227|chemberta_228|chemberta_229|chemberta_230|chemberta_231|chemberta_232|chemberta_233|chemberta_234|chemberta_235|chemberta_236|chemberta_237|chemberta_238|chemberta_239|chemberta_240|chemberta_241|chemberta_242|chemberta_243|chemberta_244|chemberta_245|chemberta_246|chemberta_247|chemberta_248|chemberta_249|chemberta_250|chemberta_251|chemberta_252|chemberta_253|chemberta_254|chemberta_255|chemberta_256|chemberta_257|chemberta_258|chemberta_259|chemberta_260|chemberta_261|chemberta_262|chemberta_263|chemberta_264|chemberta_265|chemberta_266|chemberta_267|chemberta_268|chemberta_269|chemberta_270|chemberta_271|chemberta_272|chemberta_273|chemberta_274|chemberta_275|chemberta_276|chemberta_277|chemberta_278|chemberta_279|chemberta_280|chemberta_281|chemberta_282|chemberta_283|chemberta_284|chemberta_285|chemberta_286|chemberta_287|chemberta_288|chemberta_289|chemberta_290|chemberta_291|chemberta_292|chemberta_293|chemberta_294|chemberta_295|chemberta_296|chemberta_297|chemberta_298|chemberta_299|chemberta_300|chemberta_301|chemberta_302|chemberta_303|chemberta_304|chemberta_305|chemberta_306|chemberta_307|chemberta_308|chemberta_309|chemberta_310|chemberta_311|chemberta_312|chemberta_313|chemberta_314|chemberta_315|chemberta_316|chemberta_317|chemberta_318|chemberta_319|chemberta_320|chemberta_321|chemberta_322|chemberta_323|chemberta_324|chemberta_325|chemberta_326|chemberta_327|chemberta_328|chemberta_329|chemberta_330|chemberta_331|chemberta_332|chemberta_333|chemberta_334|chemberta_335|chemberta_336|chemberta_337|chemberta_338|chemberta_339|chemberta_340|chemberta_341|chemberta_342|chemberta_343|chemberta_344|chemberta_345|chemberta_346|chemberta_347|chemberta_348|chemberta_349|chemberta_350|chemberta_351|chemberta_352|chemberta_353|chemberta_354|chemberta_355|chemberta_356|chemberta_357|chemberta_358|chemberta_359|chemberta_360|chemberta_361|chemberta_362|chemberta_363|chemberta_364|chemberta_365|chemberta_366|chemberta_367|chemberta_368|chemberta_369|chemberta_370|chemberta_371|chemberta_372|chemberta_373|chemberta_374|chemberta_375|chemberta_376|chemberta_377|chemberta_378|chemberta_379|chemberta_380|chemberta_381|chemberta_382|chemberta_383|chemberta_384|chemberta_385|chemberta_386|chemberta_387|chemberta_388|chemberta_389|chemberta_390|chemberta_391|chemberta_392|chemberta_393|chemberta_394|chemberta_395|chemberta_396|chemberta_397|chemberta_398|chemberta_399|chemberta_400|chemberta_401|chemberta_402|chemberta_403|chemberta_404|chemberta_405|chemberta_406|chemberta_407|chemberta_408|chemberta_409|chemberta_410|chemberta_411|chemberta_412|chemberta_413|chemberta_414|chemberta_415|chemberta_416|chemberta_417|chemberta_418|chemberta_419|chemberta_420|chemberta_421|chemberta_422|chemberta_423|chemberta_424|chemberta_425|chemberta_426|chemberta_427|chemberta_428|chemberta_429|chemberta_430|chemberta_431|chemberta_432|chemberta_433|chemberta_434|chemberta_435|chemberta_436|chemberta_437|chemberta_438|chemberta_439|chemberta_440|chemberta_441|chemberta_442|chemberta_443|chemberta_444|chemberta_445|chemberta_446|chemberta_447|chemberta_448|chemberta_449|chemberta_450|chemberta_451|chemberta_452|chemberta_453|chemberta_454|chemberta_455|chemberta_456|chemberta_457|chemberta_458|chemberta_459|chemberta_460|chemberta_461|chemberta_462|chemberta_463|chemberta_464|chemberta_465|chemberta_466|chemberta_467|chemberta_468|chemberta_469|chemberta_470|chemberta_471|chemberta_472|chemberta_473|chemberta_474|chemberta_475|chemberta_476|chemberta_477|chemberta_478|chemberta_479|chemberta_480|chemberta_481|chemberta_482|chemberta_483|chemberta_484|chemberta_485|chemberta_486|chemberta_487|chemberta_488|chemberta_489|chemberta_490|chemberta_491|chemberta_492|chemberta_493|chemberta_494|chemberta_495|chemberta_496|chemberta_497|chemberta_498|chemberta_499|chemberta_500|chemberta_501|chemberta_502|chemberta_503|chemberta_504|chemberta_505|chemberta_506|chemberta_507|chemberta_508|chemberta_509|chemberta_510|chemberta_511|chemberta_512|chemberta_513|chemberta_514|chemberta_515|chemberta_516|chemberta_517|chemberta_518|chemberta_519|chemberta_520|chemberta_521|chemberta_522|chemberta_523|chemberta_524|chemberta_525|chemberta_526|chemberta_527|chemberta_528|chemberta_529|chemberta_530|chemberta_531|chemberta_532|chemberta_533|chemberta_534|chemberta_535|chemberta_536|chemberta_537|chemberta_538|chemberta_539|chemberta_540|chemberta_541|chemberta_542|chemberta_543|chemberta_544|chemberta_545|chemberta_546|chemberta_547|chemberta_548|chemberta_549|chemberta_550|chemberta_551|chemberta_552|chemberta_553|chemberta_554|chemberta_555|chemberta_556|chemberta_557|chemberta_558|chemberta_559|chemberta_560|chemberta_561|chemberta_562|chemberta_563|chemberta_564|chemberta_565|chemberta_566|chemberta_567|chemberta_568|chemberta_569|chemberta_570|chemberta_571|chemberta_572|chemberta_573|chemberta_574|chemberta_575|chemberta_576|chemberta_577|chemberta_578|chemberta_579|chemberta_580|chemberta_581|chemberta_582|chemberta_583|chemberta_584|chemberta_585|chemberta_586|chemberta_587|chemberta_588|chemberta_589|chemberta_590|chemberta_591|chemberta_592|chemberta_593|chemberta_594|chemberta_595|chemberta_596|chemberta_597|chemberta_598|chemberta_599|chemberta_600|chemberta_601|chemberta_602|chemberta_603|chemberta_604|chemberta_605|chemberta_606|chemberta_607|chemberta_608|chemberta_609|chemberta_610|chemberta_611|chemberta_612|chemberta_613|chemberta_614|chemberta_615|chemberta_616|chemberta_617|chemberta_618|chemberta_619|chemberta_620|chemberta_621|chemberta_622|chemberta_623|chemberta_624|chemberta_625|chemberta_626|chemberta_627|chemberta_628|chemberta_629|chemberta_630|chemberta_631|chemberta_632|chemberta_633|chemberta_634|chemberta_635|chemberta_636|chemberta_637|chemberta_638|chemberta_639|chemberta_640|chemberta_641|chemberta_642|chemberta_643|chemberta_644|chemberta_645|chemberta_646|chemberta_647|chemberta_648|chemberta_649|chemberta_650|chemberta_651|chemberta_652|chemberta_653|chemberta_654|chemberta_655|chemberta_656|chemberta_657|chemberta_658|chemberta_659|chemberta_660|chemberta_661|chemberta_662|chemberta_663|chemberta_664|chemberta_665|chemberta_666|chemberta_667|chemberta_668|chemberta_669|chemberta_670|chemberta_671|chemberta_672|chemberta_673|chemberta_674|chemberta_675|chemberta_676|chemberta_677|chemberta_678|chemberta_679|chemberta_680|chemberta_681|chemberta_682|chemberta_683|chemberta_684|chemberta_685|chemberta_686|chemberta_687|chemberta_688|chemberta_689|chemberta_690|chemberta_691|chemberta_692|chemberta_693|chemberta_694|chemberta_695|chemberta_696|chemberta_697|chemberta_698|chemberta_699|chemberta_700|chemberta_701|chemberta_702|chemberta_703|chemberta_704|chemberta_705|chemberta_706|chemberta_707|chemberta_708|chemberta_709|chemberta_710|chemberta_711|chemberta_712|chemberta_713|chemberta_714|chemberta_715|chemberta_716|chemberta_717|chemberta_718|chemberta_719|chemberta_720|chemberta_721|chemberta_722|chemberta_723|chemberta_724|chemberta_725|chemberta_726|chemberta_727|chemberta_728|chemberta_729|chemberta_730|chemberta_731|chemberta_732|chemberta_733|chemberta_734|chemberta_735|chemberta_736|chemberta_737|chemberta_738|chemberta_739|chemberta_740|chemberta_741|chemberta_742|chemberta_743|chemberta_744|chemberta_745|chemberta_746|chemberta_747|chemberta_748|chemberta_749|chemberta_750|chemberta_751|chemberta_752|chemberta_753|chemberta_754|chemberta_755|chemberta_756|chemberta_757|chemberta_758|chemberta_759|chemberta_760|chemberta_761|chemberta_762|chemberta_763|chemberta_764|chemberta_765|chemberta_766|chemberta_767
Gradient Boosting,ChemBERTa,768,0.9866,0.9808,0.9913,0.9941,0.9808,0.9859,0.9771,0.8219,0.7185,0.791,0.9348,0.7185,0.7492,0.6858,CorrelationFilter,chemberta_0|chemberta_1|chemberta_2|chemberta_3|chemberta_4|chemberta_5|chemberta_6|chemberta_7|chemberta_8|chemberta_9|chemberta_10|chemberta_11|chemberta_12|chemberta_13|chemberta_14|chemberta_15|chemberta_16|chemberta_17|chemberta_18|chemberta_19|chemberta_20|chemberta_21|chemberta_22|chemberta_23|chemberta_24|chemberta_25|chemberta_26|chemberta_27|chemberta_28|chemberta_29|chemberta_30|chemberta_31|chemberta_32|chemberta_33|chemberta_34|chemberta_35|chemberta_36|chemberta_37|chemberta_38|chemberta_39|chemberta_40|chemberta_41|chemberta_42|chemberta_43|chemberta_44|chemberta_45|chemberta_46|chemberta_47|chemberta_48|chemberta_49|chemberta_50|chemberta_51|chemberta_52|chemberta_53|chemberta_54|chemberta_55|chemberta_56|chemberta_57|chemberta_58|chemberta_59|chemberta_60|chemberta_61|chemberta_62|chemberta_63|chemberta_64|chemberta_65|chemberta_66|chemberta_67|chemberta_68|chemberta_69|chemberta_70|chemberta_71|chemberta_72|chemberta_73|chemberta_74|chemberta_75|chemberta_76|chemberta_77|chemberta_78|chemberta_79|chemberta_80|chemberta_81|chemberta_82|chemberta_83|chemberta_84|chemberta_85|chemberta_86|chemberta_87|chemberta_88|chemberta_89|chemberta_90|chemberta_91|chemberta_92|chemberta_93|chemberta_94|chemberta_95|chemberta_96|chemberta_97|chemberta_98|chemberta_99|chemberta_100|chemberta_101|chemberta_102|chemberta_103|chemberta_104|chemberta_105|chemberta_106|chemberta_107|chemberta_108|chemberta_109|chemberta_110|chemberta_111|chemberta_112|chemberta_113|chemberta_114|chemberta_115|chemberta_116|chemberta_117|chemberta_118|chemberta_119|chemberta_120|chemberta_121|chemberta_122|chemberta_123|chemberta_124|chemberta_125|chemberta_126|chemberta_127|chemberta_128|chemberta_129|chemberta_130|chemberta_131|chemberta_132|chemberta_133|chemberta_134|chemberta_135|chemberta_136|chemberta_137|chemberta_138|chemberta_139|chemberta_140|chemberta_141|chemberta_142|chemberta_143|chemberta_144|chemberta_145|chemberta_146|chemberta_147|chemberta_148|chemberta_149|chemberta_150|chemberta_151|chemberta_152|chemberta_153|chemberta_154|chemberta_155|chemberta_156|chemberta_157|chemberta_158|chemberta_159|chemberta_160|chemberta_161|chemberta_162|chemberta_163|chemberta_164|chemberta_165|chemberta_166|chemberta_167|chemberta_168|chemberta_169|chemberta_170|chemberta_171|chemberta_172|chemberta_173|chemberta_174|chemberta_175|chemberta_176|chemberta_177|chemberta_178|chemberta_179|chemberta_180|chemberta_181|chemberta_182|chemberta_183|chemberta_184|chemberta_185|chemberta_186|chemberta_187|chemberta_188|chemberta_189|chemberta_190|chemberta_191|chemberta_192|chemberta_193|chemberta_194|chemberta_195|chemberta_196|chemberta_197|chemberta_198|chemberta_199|chemberta_200|chemberta_201|chemberta_202|chemberta_203|chemberta_204|chemberta_205|chemberta_206|chemberta_207|chemberta_208|chemberta_209|chemberta_210|chemberta_211|chemberta_212|chemberta_213|chemberta_214|chemberta_215|chemberta_216|chemberta_217|chemberta_218|chemberta_219|chemberta_220|chemberta_221|chemberta_222|chemberta_223|chemberta_224|chemberta_225|chemberta_226|chemberta_227|chemberta_228|chemberta_229|chemberta_230|chemberta_231|chemberta_232|chemberta_233|chemberta_234|chemberta_235|chemberta_236|chemberta_237|chemberta_238|chemberta_239|chemberta_240|chemberta_241|chemberta_242|chemberta_243|chemberta_244|chemberta_245|chemberta_246|chemberta_247|chemberta_248|chemberta_249|chemberta_250|chemberta_251|chemberta_252|chemberta_253|chemberta_254|chemberta_255|chemberta_256|chemberta_257|chemberta_258|chemberta_259|chemberta_260|chemberta_261|chemberta_262|chemberta_263|chemberta_264|chemberta_265|chemberta_266|chemberta_267|chemberta_268|chemberta_269|chemberta_270|chemberta_271|chemberta_272|chemberta_273|chemberta_274|chemberta_275|chemberta_276|chemberta_277|chemberta_278|chemberta_279|chemberta_280|chemberta_281|chemberta_282|chemberta_283|chemberta_284|chemberta_285|chemberta_286|chemberta_287|chemberta_288|chemberta_289|chemberta_290|chemberta_291|chemberta_292|chemberta_293|chemberta_294|chemberta_295|chemberta_296|chemberta_297|chemberta_298|chemberta_299|chemberta_300|chemberta_301|chemberta_302|chemberta_303|chemberta_304|chemberta_305|chemberta_306|chemberta_307|chemberta_308|chemberta_309|chemberta_310|chemberta_311|chemberta_312|chemberta_313|chemberta_314|chemberta_315|chemberta_316|chemberta_317|chemberta_318|chemberta_319|chemberta_320|chemberta_321|chemberta_322|chemberta_323|chemberta_324|chemberta_325|chemberta_326|chemberta_327|chemberta_328|chemberta_329|chemberta_330|chemberta_331|chemberta_332|chemberta_333|chemberta_334|chemberta_335|chemberta_336|chemberta_337|chemberta_338|chemberta_339|chemberta_340|chemberta_341|chemberta_342|chemberta_343|chemberta_344|chemberta_345|chemberta_346|chemberta_347|chemberta_348|chemberta_349|chemberta_350|chemberta_351|chemberta_352|chemberta_353|chemberta_354|chemberta_355|chemberta_356|chemberta_357|chemberta_358|chemberta_359|chemberta_360|chemberta_361|chemberta_362|chemberta_363|chemberta_364|chemberta_365|chemberta_366|chemberta_367|chemberta_368|chemberta_369|chemberta_370|chemberta_371|chemberta_372|chemberta_373|chemberta_374|chemberta_375|chemberta_376|chemberta_377|chemberta_378|chemberta_379|chemberta_380|chemberta_381|chemberta_382|chemberta_383|chemberta_384|chemberta_385|chemberta_386|chemberta_387|chemberta_388|chemberta_389|chemberta_390|chemberta_391|chemberta_392|chemberta_393|chemberta_394|chemberta_395|chemberta_396|chemberta_397|chemberta_398|chemberta_399|chemberta_400|chemberta_401|chemberta_402|chemberta_403|chemberta_404|chemberta_405|chemberta_406|chemberta_407|chemberta_408|chemberta_409|chemberta_410|chemberta_411|chemberta_412|chemberta_413|chemberta_414|chemberta_415|chemberta_416|chemberta_417|chemberta_418|chemberta_419|chemberta_420|chemberta_421|chemberta_422|chemberta_423|chemberta_424|chemberta_425|chemberta_426|chemberta_427|chemberta_428|chemberta_429|chemberta_430|chemberta_431|chemberta_432|chemberta_433|chemberta_434|chemberta_435|chemberta_436|chemberta_437|chemberta_438|chemberta_439|chemberta_440|chemberta_441|chemberta_442|chemberta_443|chemberta_444|chemberta_445|chemberta_446|chemberta_447|chemberta_448|chemberta_449|chemberta_450|chemberta_451|chemberta_452|chemberta_453|chemberta_454|chemberta_455|chemberta_456|chemberta_457|chemberta_458|chemberta_459|chemberta_460|chemberta_461|chemberta_462|chemberta_463|chemberta_464|chemberta_465|chemberta_466|chemberta_467|chemberta_468|chemberta_469|chemberta_470|chemberta_471|chemberta_472|chemberta_473|chemberta_474|chemberta_475|chemberta_476|chemberta_477|chemberta_478|chemberta_479|chemberta_480|chemberta_481|chemberta_482|chemberta_483|chemberta_484|chemberta_485|chemberta_486|chemberta_487|chemberta_488|chemberta_489|chemberta_490|chemberta_491|chemberta_492|chemberta_493|chemberta_494|chemberta_495|chemberta_496|chemberta_497|chemberta_498|chemberta_499|chemberta_500|chemberta_501|chemberta_502|chemberta_503|chemberta_504|chemberta_505|chemberta_506|chemberta_507|chemberta_508|chemberta_509|chemberta_510|chemberta_511|chemberta_512|chemberta_513|chemberta_514|chemberta_515|chemberta_516|chemberta_517|chemberta_518|chemberta_519|chemberta_520|chemberta_521|chemberta_522|chemberta_523|chemberta_524|chemberta_525|chemberta_526|chemberta_527|chemberta_528|chemberta_529|chemberta_530|chemberta_531|chemberta_532|chemberta_533|chemberta_534|chemberta_535|chemberta_536|chemberta_537|chemberta_538|chemberta_539|chemberta_540|chemberta_541|chemberta_542|chemberta_543|chemberta_544|chemberta_545|chemberta_546|chemberta_547|chemberta_548|chemberta_549|chemberta_550|chemberta_551|chemberta_552|chemberta_553|chemberta_554|chemberta_555|chemberta_556|chemberta_557|chemberta_558|chemberta_559|chemberta_560|chemberta_561|chemberta_562|chemberta_563|chemberta_564|chemberta_565|chemberta_566|chemberta_567|chemberta_568|chemberta_569|chemberta_570|chemberta_571|chemberta_572|chemberta_573|chemberta_574|chemberta_575|chemberta_576|chemberta_577|chemberta_578|chemberta_579|chemberta_580|chemberta_581|chemberta_582|chemberta_583|chemberta_584|chemberta_585|chemberta_586|chemberta_587|chemberta_588|chemberta_589|chemberta_590|chemberta_591|chemberta_592|chemberta_593|chemberta_594|chemberta_595|chemberta_596|chemberta_597|chemberta_598|chemberta_599|chemberta_600|chemberta_601|chemberta_602|chemberta_603|chemberta_604|chemberta_605|chemberta_606|chemberta_607|chemberta_608|chemberta_609|chemberta_610|chemberta_611|chemberta_612|chemberta_613|chemberta_614|chemberta_615|chemberta_616|chemberta_617|chemberta_618|chemberta_619|chemberta_620|chemberta_621|chemberta_622|chemberta_623|chemberta_624|chemberta_625|chemberta_626|chemberta_627|chemberta_628|chemberta_629|chemberta_630|chemberta_631|chemberta_632|chemberta_633|chemberta_634|chemberta_635|chemberta_636|chemberta_637|chemberta_638|chemberta_639|chemberta_640|chemberta_641|chemberta_642|chemberta_643|chemberta_644|chemberta_645|chemberta_646|chemberta_647|chemberta_648|chemberta_649|chemberta_650|chemberta_651|chemberta_652|chemberta_653|chemberta_654|chemberta_655|chemberta_656|chemberta_657|chemberta_658|chemberta_659|chemberta_660|chemberta_661|chemberta_662|chemberta_663|chemberta_664|chemberta_665|chemberta_666|chemberta_667|chemberta_668|chemberta_669|chemberta_670|chemberta_671|chemberta_672|chemberta_673|chemberta_674|chemberta_675|chemberta_676|chemberta_677|chemberta_678|chemberta_679|chemberta_680|chemberta_681|chemberta_682|chemberta_683|chemberta_684|chemberta_685|chemberta_686|chemberta_687|chemberta_688|chemberta_689|chemberta_690|chemberta_691|chemberta_692|chemberta_693|chemberta_694|chemberta_695|chemberta_696|chemberta_697|chemberta_698|chemberta_699|chemberta_700|chemberta_701|chemberta_702|chemberta_703|chemberta_704|chemberta_705|chemberta_706|chemberta_707|chemberta_708|chemberta_709|chemberta_710|chemberta_711|chemberta_712|chemberta_713|chemberta_714|chemberta_715|chemberta_716|chemberta_717|chemberta_718|chemberta_719|chemberta_720|chemberta_721|chemberta_722|chemberta_723|chemberta_724|chemberta_725|chemberta_726|chemberta_727|chemberta_728|chemberta_729|chemberta_730|chemberta_731|chemberta_732|chemberta_733|chemberta_734|chemberta_735|chemberta_736|chemberta_737|chemberta_738|chemberta_739|chemberta_740|chemberta_741|chemberta_742|chemberta_743|chemberta_744|chemberta_745|chemberta_746|chemberta_747|chemberta_748|chemberta_749|chemberta_750|chemberta_751|chemberta_752|chemberta_753|chemberta_754|chemberta_755|chemberta_756|chemberta_757|chemberta_758|chemberta_759|chemberta_760|chemberta_761|chemberta_762|chemberta_763|chemberta_764|chemberta_765|chemberta_766|chemberta_767
AdaBoost,ChemBERTa,768,0.6461,0.3214,0.4742,0.8412,0.3214,0.3326,0.2855,0.6438,0.3152,0.4552,0.8408,0.3152,0.323,0.2793,CorrelationFilter,chemberta_0|chemberta_1|chemberta_2|chemberta_3|chemberta_4|chemberta_5|chemberta_6|chemberta_7|chemberta_8|chemberta_9|chemberta_10|chemberta_11|chemberta_12|chemberta_13|chemberta_14|chemberta_15|chemberta_16|chemberta_17|chemberta_18|chemberta_19|chemberta_20|chemberta_21|chemberta_22|chemberta_23|chemberta_24|chemberta_25|chemberta_26|chemberta_27|chemberta_28|chemberta_29|chemberta_30|chemberta_31|chemberta_32|chemberta_33|chemberta_34|chemberta_35|chemberta_36|chemberta_37|chemberta_38|chemberta_39|chemberta_40|chemberta_41|chemberta_42|chemberta_43|chemberta_44|chemberta_45|chemberta_46|chemberta_47|chemberta_48|chemberta_49|chemberta_50|chemberta_51|chemberta_52|chemberta_53|chemberta_54|chemberta_55|chemberta_56|chemberta_57|chemberta_58|chemberta_59|chemberta_60|chemberta_61|chemberta_62|chemberta_63|chemberta_64|chemberta_65|chemberta_66|chemberta_67|chemberta_68|chemberta_69|chemberta_70|chemberta_71|chemberta_72|chemberta_73|chemberta_74|chemberta_75|chemberta_76|chemberta_77|chemberta_78|chemberta_79|chemberta_80|chemberta_81|chemberta_82|chemberta_83|chemberta_84|chemberta_85|chemberta_86|chemberta_87|chemberta_88|chemberta_89|chemberta_90|chemberta_91|chemberta_92|chemberta_93|chemberta_94|chemberta_95|chemberta_96|chemberta_97|chemberta_98|chemberta_99|chemberta_100|chemberta_101|chemberta_102|chemberta_103|chemberta_104|chemberta_105|chemberta_106|chemberta_107|chemberta_108|chemberta_109|chemberta_110|chemberta_111|chemberta_112|chemberta_113|chemberta_114|chemberta_115|chemberta_116|chemberta_117|chemberta_118|chemberta_119|chemberta_120|chemberta_121|chemberta_122|chemberta_123|chemberta_124|chemberta_125|chemberta_126|chemberta_127|chemberta_128|chemberta_129|chemberta_130|chemberta_131|chemberta_132|chemberta_133|chemberta_134|chemberta_135|chemberta_136|chemberta_137|chemberta_138|chemberta_139|chemberta_140|chemberta_141|chemberta_142|chemberta_143|chemberta_144|chemberta_145|chemberta_146|chemberta_147|chemberta_148|chemberta_149|chemberta_150|chemberta_151|chemberta_152|chemberta_153|chemberta_154|chemberta_155|chemberta_156|chemberta_157|chemberta_158|chemberta_159|chemberta_160|chemberta_161|chemberta_162|chemberta_163|chemberta_164|chemberta_165|chemberta_166|chemberta_167|chemberta_168|chemberta_169|chemberta_170|chemberta_171|chemberta_172|chemberta_173|chemberta_174|chemberta_175|chemberta_176|chemberta_177|chemberta_178|chemberta_179|chemberta_180|chemberta_181|chemberta_182|chemberta_183|chemberta_184|chemberta_185|chemberta_186|chemberta_187|chemberta_188|chemberta_189|chemberta_190|chemberta_191|chemberta_192|chemberta_193|chemberta_194|chemberta_195|chemberta_196|chemberta_197|chemberta_198|chemberta_199|chemberta_200|chemberta_201|chemberta_202|chemberta_203|chemberta_204|chemberta_205|chemberta_206|chemberta_207|chemberta_208|chemberta_209|chemberta_210|chemberta_211|chemberta_212|chemberta_213|chemberta_214|chemberta_215|chemberta_216|chemberta_217|chemberta_218|chemberta_219|chemberta_220|chemberta_221|chemberta_222|chemberta_223|chemberta_224|chemberta_225|chemberta_226|chemberta_227|chemberta_228|chemberta_229|chemberta_230|chemberta_231|chemberta_232|chemberta_233|chemberta_234|chemberta_235|chemberta_236|chemberta_237|chemberta_238|chemberta_239|chemberta_240|chemberta_241|chemberta_242|chemberta_243|chemberta_244|chemberta_245|chemberta_246|chemberta_247|chemberta_248|chemberta_249|chemberta_250|chemberta_251|chemberta_252|chemberta_253|chemberta_254|chemberta_255|chemberta_256|chemberta_257|chemberta_258|chemberta_259|chemberta_260|chemberta_261|chemberta_262|chemberta_263|chemberta_264|chemberta_265|chemberta_266|chemberta_267|chemberta_268|chemberta_269|chemberta_270|chemberta_271|chemberta_272|chemberta_273|chemberta_274|chemberta_275|chemberta_276|chemberta_277|chemberta_278|chemberta_279|chemberta_280|chemberta_281|chemberta_282|chemberta_283|chemberta_284|chemberta_285|chemberta_286|chemberta_287|chemberta_288|chemberta_289|chemberta_290|chemberta_291|chemberta_292|chemberta_293|chemberta_294|chemberta_295|chemberta_296|chemberta_297|chemberta_298|chemberta_299|chemberta_300|chemberta_301|chemberta_302|chemberta_303|chemberta_304|chemberta_305|chemberta_306|chemberta_307|chemberta_308|chemberta_309|chemberta_310|chemberta_311|chemberta_312|chemberta_313|chemberta_314|chemberta_315|chemberta_316|chemberta_317|chemberta_318|chemberta_319|chemberta_320|chemberta_321|chemberta_322|chemberta_323|chemberta_324|chemberta_325|chemberta_326|chemberta_327|chemberta_328|chemberta_329|chemberta_330|chemberta_331|chemberta_332|chemberta_333|chemberta_334|chemberta_335|chemberta_336|chemberta_337|chemberta_338|chemberta_339|chemberta_340|chemberta_341|chemberta_342|chemberta_343|chemberta_344|chemberta_345|chemberta_346|chemberta_347|chemberta_348|chemberta_349|chemberta_350|chemberta_351|chemberta_352|chemberta_353|chemberta_354|chemberta_355|chemberta_356|chemberta_357|chemberta_358|chemberta_359|chemberta_360|chemberta_361|chemberta_362|chemberta_363|chemberta_364|chemberta_365|chemberta_366|chemberta_367|chemberta_368|chemberta_369|chemberta_370|chemberta_371|chemberta_372|chemberta_373|chemberta_374|chemberta_375|chemberta_376|chemberta_377|chemberta_378|chemberta_379|chemberta_380|chemberta_381|chemberta_382|chemberta_383|chemberta_384|chemberta_385|chemberta_386|chemberta_387|chemberta_388|chemberta_389|chemberta_390|chemberta_391|chemberta_392|chemberta_393|chemberta_394|chemberta_395|chemberta_396|chemberta_397|chemberta_398|chemberta_399|chemberta_400|chemberta_401|chemberta_402|chemberta_403|chemberta_404|chemberta_405|chemberta_406|chemberta_407|chemberta_408|chemberta_409|chemberta_410|chemberta_411|chemberta_412|chemberta_413|chemberta_414|chemberta_415|chemberta_416|chemberta_417|chemberta_418|chemberta_419|chemberta_420|chemberta_421|chemberta_422|chemberta_423|chemberta_424|chemberta_425|chemberta_426|chemberta_427|chemberta_428|chemberta_429|chemberta_430|chemberta_431|chemberta_432|chemberta_433|chemberta_434|chemberta_435|chemberta_436|chemberta_437|chemberta_438|chemberta_439|chemberta_440|chemberta_441|chemberta_442|chemberta_443|chemberta_444|chemberta_445|chemberta_446|chemberta_447|chemberta_448|chemberta_449|chemberta_450|chemberta_451|chemberta_452|chemberta_453|chemberta_454|chemberta_455|chemberta_456|chemberta_457|chemberta_458|chemberta_459|chemberta_460|chemberta_461|chemberta_462|chemberta_463|chemberta_464|chemberta_465|chemberta_466|chemberta_467|chemberta_468|chemberta_469|chemberta_470|chemberta_471|chemberta_472|chemberta_473|chemberta_474|chemberta_475|chemberta_476|chemberta_477|chemberta_478|chemberta_479|chemberta_480|chemberta_481|chemberta_482|chemberta_483|chemberta_484|chemberta_485|chemberta_486|chemberta_487|chemberta_488|chemberta_489|chemberta_490|chemberta_491|chemberta_492|chemberta_493|chemberta_494|chemberta_495|chemberta_496|chemberta_497|chemberta_498|chemberta_499|chemberta_500|chemberta_501|chemberta_502|chemberta_503|chemberta_504|chemberta_505|chemberta_506|chemberta_507|chemberta_508|chemberta_509|chemberta_510|chemberta_511|chemberta_512|chemberta_513|chemberta_514|chemberta_515|chemberta_516|chemberta_517|chemberta_518|chemberta_519|chemberta_520|chemberta_521|chemberta_522|chemberta_523|chemberta_524|chemberta_525|chemberta_526|chemberta_527|chemberta_528|chemberta_529|chemberta_530|chemberta_531|chemberta_532|chemberta_533|chemberta_534|chemberta_535|chemberta_536|chemberta_537|chemberta_538|chemberta_539|chemberta_540|chemberta_541|chemberta_542|chemberta_543|chemberta_544|chemberta_545|chemberta_546|chemberta_547|chemberta_548|chemberta_549|chemberta_550|chemberta_551|chemberta_552|chemberta_553|chemberta_554|chemberta_555|chemberta_556|chemberta_557|chemberta_558|chemberta_559|chemberta_560|chemberta_561|chemberta_562|chemberta_563|chemberta_564|chemberta_565|chemberta_566|chemberta_567|chemberta_568|chemberta_569|chemberta_570|chemberta_571|chemberta_572|chemberta_573|chemberta_574|chemberta_575|chemberta_576|chemberta_577|chemberta_578|chemberta_579|chemberta_580|chemberta_581|chemberta_582|chemberta_583|chemberta_584|chemberta_585|chemberta_586|chemberta_587|chemberta_588|chemberta_589|chemberta_590|chemberta_591|chemberta_592|chemberta_593|chemberta_594|chemberta_595|chemberta_596|chemberta_597|chemberta_598|chemberta_599|chemberta_600|chemberta_601|chemberta_602|chemberta_603|chemberta_604|chemberta_605|chemberta_606|chemberta_607|chemberta_608|chemberta_609|chemberta_610|chemberta_611|chemberta_612|chemberta_613|chemberta_614|chemberta_615|chemberta_616|chemberta_617|chemberta_618|chemberta_619|chemberta_620|chemberta_621|chemberta_622|chemberta_623|chemberta_624|chemberta_625|chemberta_626|chemberta_627|chemberta_628|chemberta_629|chemberta_630|chemberta_631|chemberta_632|chemberta_633|chemberta_634|chemberta_635|chemberta_636|chemberta_637|chemberta_638|chemberta_639|chemberta_640|chemberta_641|chemberta_642|chemberta_643|chemberta_644|chemberta_645|chemberta_646|chemberta_647|chemberta_648|chemberta_649|chemberta_650|chemberta_651|chemberta_652|chemberta_653|chemberta_654|chemberta_655|chemberta_656|chemberta_657|chemberta_658|chemberta_659|chemberta_660|chemberta_661|chemberta_662|chemberta_663|chemberta_664|chemberta_665|chemberta_666|chemberta_667|chemberta_668|chemberta_669|chemberta_670|chemberta_671|chemberta_672|chemberta_673|chemberta_674|chemberta_675|chemberta_676|chemberta_677|chemberta_678|chemberta_679|chemberta_680|chemberta_681|chemberta_682|chemberta_683|chemberta_684|chemberta_685|chemberta_686|chemberta_687|chemberta_688|chemberta_689|chemberta_690|chemberta_691|chemberta_692|chemberta_693|chemberta_694|chemberta_695|chemberta_696|chemberta_697|chemberta_698|chemberta_699|chemberta_700|chemberta_701|chemberta_702|chemberta_703|chemberta_704|chemberta_705|chemberta_706|chemberta_707|chemberta_708|chemberta_709|chemberta_710|chemberta_711|chemberta_712|chemberta_713|chemberta_714|chemberta_715|chemberta_716|chemberta_717|chemberta_718|chemberta_719|chemberta_720|chemberta_721|chemberta_722|chemberta_723|chemberta_724|chemberta_725|chemberta_726|chemberta_727|chemberta_728|chemberta_729|chemberta_730|chemberta_731|chemberta_732|chemberta_733|chemberta_734|chemberta_735|chemberta_736|chemberta_737|chemberta_738|chemberta_739|chemberta_740|chemberta_741|chemberta_742|chemberta_743|chemberta_744|chemberta_745|chemberta_746|chemberta_747|chemberta_748|chemberta_749|chemberta_750|chemberta_751|chemberta_752|chemberta_753|chemberta_754|chemberta_755|chemberta_756|chemberta_757|chemberta_758|chemberta_759|chemberta_760|chemberta_761|chemberta_762|chemberta_763|chemberta_764|chemberta_765|chemberta_766|chemberta_767
XGBoost,ChemBERTa,768,1.0,1.0,1.0,1.0,1.0,1.0,1.0,0.8367,0.759,0.8162,0.9392,0.759,0.7845,0.7128,CorrelationFilter,chemberta_0|chemberta_1|chemberta_2|chemberta_3|chemberta_4|chemberta_5|chemberta_6|chemberta_7|chemberta_8|chemberta_9|chemberta_10|chemberta_11|chemberta_12|chemberta_13|chemberta_14|chemberta_15|chemberta_16|chemberta_17|chemberta_18|chemberta_19|chemberta_20|chemberta_21|chemberta_22|chemberta_23|chemberta_24|chemberta_25|chemberta_26|chemberta_27|chemberta_28|chemberta_29|chemberta_30|chemberta_31|chemberta_32|chemberta_33|chemberta_34|chemberta_35|chemberta_36|chemberta_37|chemberta_38|chemberta_39|chemberta_40|chemberta_41|chemberta_42|chemberta_43|chemberta_44|chemberta_45|chemberta_46|chemberta_47|chemberta_48|chemberta_49|chemberta_50|chemberta_51|chemberta_52|chemberta_53|chemberta_54|chemberta_55|chemberta_56|chemberta_57|chemberta_58|chemberta_59|chemberta_60|chemberta_61|chemberta_62|chemberta_63|chemberta_64|chemberta_65|chemberta_66|chemberta_67|chemberta_68|chemberta_69|chemberta_70|chemberta_71|chemberta_72|chemberta_73|chemberta_74|chemberta_75|chemberta_76|chemberta_77|chemberta_78|chemberta_79|chemberta_80|chemberta_81|chemberta_82|chemberta_83|chemberta_84|chemberta_85|chemberta_86|chemberta_87|chemberta_88|chemberta_89|chemberta_90|chemberta_91|chemberta_92|chemberta_93|chemberta_94|chemberta_95|chemberta_96|chemberta_97|chemberta_98|chemberta_99|chemberta_100|chemberta_101|chemberta_102|chemberta_103|chemberta_104|chemberta_105|chemberta_106|chemberta_107|chemberta_108|chemberta_109|chemberta_110|chemberta_111|chemberta_112|chemberta_113|chemberta_114|chemberta_115|chemberta_116|chemberta_117|chemberta_118|chemberta_119|chemberta_120|chemberta_121|chemberta_122|chemberta_123|chemberta_124|chemberta_125|chemberta_126|chemberta_127|chemberta_128|chemberta_129|chemberta_130|chemberta_131|chemberta_132|chemberta_133|chemberta_134|chemberta_135|chemberta_136|chemberta_137|chemberta_138|chemberta_139|chemberta_140|chemberta_141|chemberta_142|chemberta_143|chemberta_144|chemberta_145|chemberta_146|chemberta_147|chemberta_148|chemberta_149|chemberta_150|chemberta_151|chemberta_152|chemberta_153|chemberta_154|chemberta_155|chemberta_156|chemberta_157|chemberta_158|chemberta_159|chemberta_160|chemberta_161|chemberta_162|chemberta_163|chemberta_164|chemberta_165|chemberta_166|chemberta_167|chemberta_168|chemberta_169|chemberta_170|chemberta_171|chemberta_172|chemberta_173|chemberta_174|chemberta_175|chemberta_176|chemberta_177|chemberta_178|chemberta_179|chemberta_180|chemberta_181|chemberta_182|chemberta_183|chemberta_184|chemberta_185|chemberta_186|chemberta_187|chemberta_188|chemberta_189|chemberta_190|chemberta_191|chemberta_192|chemberta_193|chemberta_194|chemberta_195|chemberta_196|chemberta_197|chemberta_198|chemberta_199|chemberta_200|chemberta_201|chemberta_202|chemberta_203|chemberta_204|chemberta_205|chemberta_206|chemberta_207|chemberta_208|chemberta_209|chemberta_210|chemberta_211|chemberta_212|chemberta_213|chemberta_214|chemberta_215|chemberta_216|chemberta_217|chemberta_218|chemberta_219|chemberta_220|chemberta_221|chemberta_222|chemberta_223|chemberta_224|chemberta_225|chemberta_226|chemberta_227|chemberta_228|chemberta_229|chemberta_230|chemberta_231|chemberta_232|chemberta_233|chemberta_234|chemberta_235|chemberta_236|chemberta_237|chemberta_238|chemberta_239|chemberta_240|chemberta_241|chemberta_242|chemberta_243|chemberta_244|chemberta_245|chemberta_246|chemberta_247|chemberta_248|chemberta_249|chemberta_250|chemberta_251|chemberta_252|chemberta_253|chemberta_254|chemberta_255|chemberta_256|chemberta_257|chemberta_258|chemberta_259|chemberta_260|chemberta_261|chemberta_262|chemberta_263|chemberta_264|chemberta_265|chemberta_266|chemberta_267|chemberta_268|chemberta_269|chemberta_270|chemberta_271|chemberta_272|chemberta_273|chemberta_274|chemberta_275|chemberta_276|chemberta_277|chemberta_278|chemberta_279|chemberta_280|chemberta_281|chemberta_282|chemberta_283|chemberta_284|chemberta_285|chemberta_286|chemberta_287|chemberta_288|chemberta_289|chemberta_290|chemberta_291|chemberta_292|chemberta_293|chemberta_294|chemberta_295|chemberta_296|chemberta_297|chemberta_298|chemberta_299|chemberta_300|chemberta_301|chemberta_302|chemberta_303|chemberta_304|chemberta_305|chemberta_306|chemberta_307|chemberta_308|chemberta_309|chemberta_310|chemberta_311|chemberta_312|chemberta_313|chemberta_314|chemberta_315|chemberta_316|chemberta_317|chemberta_318|chemberta_319|chemberta_320|chemberta_321|chemberta_322|chemberta_323|chemberta_324|chemberta_325|chemberta_326|chemberta_327|chemberta_328|chemberta_329|chemberta_330|chemberta_331|chemberta_332|chemberta_333|chemberta_334|chemberta_335|chemberta_336|chemberta_337|chemberta_338|chemberta_339|chemberta_340|chemberta_341|chemberta_342|chemberta_343|chemberta_344|chemberta_345|chemberta_346|chemberta_347|chemberta_348|chemberta_349|chemberta_350|chemberta_351|chemberta_352|chemberta_353|chemberta_354|chemberta_355|chemberta_356|chemberta_357|chemberta_358|chemberta_359|chemberta_360|chemberta_361|chemberta_362|chemberta_363|chemberta_364|chemberta_365|chemberta_366|chemberta_367|chemberta_368|chemberta_369|chemberta_370|chemberta_371|chemberta_372|chemberta_373|chemberta_374|chemberta_375|chemberta_376|chemberta_377|chemberta_378|chemberta_379|chemberta_380|chemberta_381|chemberta_382|chemberta_383|chemberta_384|chemberta_385|chemberta_386|chemberta_387|chemberta_388|chemberta_389|chemberta_390|chemberta_391|chemberta_392|chemberta_393|chemberta_394|chemberta_395|chemberta_396|chemberta_397|chemberta_398|chemberta_399|chemberta_400|chemberta_401|chemberta_402|chemberta_403|chemberta_404|chemberta_405|chemberta_406|chemberta_407|chemberta_408|chemberta_409|chemberta_410|chemberta_411|chemberta_412|chemberta_413|chemberta_414|chemberta_415|chemberta_416|chemberta_417|chemberta_418|chemberta_419|chemberta_420|chemberta_421|chemberta_422|chemberta_423|chemberta_424|chemberta_425|chemberta_426|chemberta_427|chemberta_428|chemberta_429|chemberta_430|chemberta_431|chemberta_432|chemberta_433|chemberta_434|chemberta_435|chemberta_436|chemberta_437|chemberta_438|chemberta_439|chemberta_440|chemberta_441|chemberta_442|chemberta_443|chemberta_444|chemberta_445|chemberta_446|chemberta_447|chemberta_448|chemberta_449|chemberta_450|chemberta_451|chemberta_452|chemberta_453|chemberta_454|chemberta_455|chemberta_456|chemberta_457|chemberta_458|chemberta_459|chemberta_460|chemberta_461|chemberta_462|chemberta_463|chemberta_464|chemberta_465|chemberta_466|chemberta_467|chemberta_468|chemberta_469|chemberta_470|chemberta_471|chemberta_472|chemberta_473|chemberta_474|chemberta_475|chemberta_476|chemberta_477|chemberta_478|chemberta_479|chemberta_480|chemberta_481|chemberta_482|chemberta_483|chemberta_484|chemberta_485|chemberta_486|chemberta_487|chemberta_488|chemberta_489|chemberta_490|chemberta_491|chemberta_492|chemberta_493|chemberta_494|chemberta_495|chemberta_496|chemberta_497|chemberta_498|chemberta_499|chemberta_500|chemberta_501|chemberta_502|chemberta_503|chemberta_504|chemberta_505|chemberta_506|chemberta_507|chemberta_508|chemberta_509|chemberta_510|chemberta_511|chemberta_512|chemberta_513|chemberta_514|chemberta_515|chemberta_516|chemberta_517|chemberta_518|chemberta_519|chemberta_520|chemberta_521|chemberta_522|chemberta_523|chemberta_524|chemberta_525|chemberta_526|chemberta_527|chemberta_528|chemberta_529|chemberta_530|chemberta_531|chemberta_532|chemberta_533|chemberta_534|chemberta_535|chemberta_536|chemberta_537|chemberta_538|chemberta_539|chemberta_540|chemberta_541|chemberta_542|chemberta_543|chemberta_544|chemberta_545|chemberta_546|chemberta_547|chemberta_548|chemberta_549|chemberta_550|chemberta_551|chemberta_552|chemberta_553|chemberta_554|chemberta_555|chemberta_556|chemberta_557|chemberta_558|chemberta_559|chemberta_560|chemberta_561|chemberta_562|chemberta_563|chemberta_564|chemberta_565|chemberta_566|chemberta_567|chemberta_568|chemberta_569|chemberta_570|chemberta_571|chemberta_572|chemberta_573|chemberta_574|chemberta_575|chemberta_576|chemberta_577|chemberta_578|chemberta_579|chemberta_580|chemberta_581|chemberta_582|chemberta_583|chemberta_584|chemberta_585|chemberta_586|chemberta_587|chemberta_588|chemberta_589|chemberta_590|chemberta_591|chemberta_592|chemberta_593|chemberta_594|chemberta_595|chemberta_596|chemberta_597|chemberta_598|chemberta_599|chemberta_600|chemberta_601|chemberta_602|chemberta_603|chemberta_604|chemberta_605|chemberta_606|chemberta_607|chemberta_608|chemberta_609|chemberta_610|chemberta_611|chemberta_612|chemberta_613|chemberta_614|chemberta_615|chemberta_616|chemberta_617|chemberta_618|chemberta_619|chemberta_620|chemberta_621|chemberta_622|chemberta_623|chemberta_624|chemberta_625|chemberta_626|chemberta_627|chemberta_628|chemberta_629|chemberta_630|chemberta_631|chemberta_632|chemberta_633|chemberta_634|chemberta_635|chemberta_636|chemberta_637|chemberta_638|chemberta_639|chemberta_640|chemberta_641|chemberta_642|chemberta_643|chemberta_644|chemberta_645|chemberta_646|chemberta_647|chemberta_648|chemberta_649|chemberta_650|chemberta_651|chemberta_652|chemberta_653|chemberta_654|chemberta_655|chemberta_656|chemberta_657|chemberta_658|chemberta_659|chemberta_660|chemberta_661|chemberta_662|chemberta_663|chemberta_664|chemberta_665|chemberta_666|chemberta_667|chemberta_668|chemberta_669|chemberta_670|chemberta_671|chemberta_672|chemberta_673|chemberta_674|chemberta_675|chemberta_676|chemberta_677|chemberta_678|chemberta_679|chemberta_680|chemberta_681|chemberta_682|chemberta_683|chemberta_684|chemberta_685|chemberta_686|chemberta_687|chemberta_688|chemberta_689|chemberta_690|chemberta_691|chemberta_692|chemberta_693|chemberta_694|chemberta_695|chemberta_696|chemberta_697|chemberta_698|chemberta_699|chemberta_700|chemberta_701|chemberta_702|chemberta_703|chemberta_704|chemberta_705|chemberta_706|chemberta_707|chemberta_708|chemberta_709|chemberta_710|chemberta_711|chemberta_712|chemberta_713|chemberta_714|chemberta_715|chemberta_716|chemberta_717|chemberta_718|chemberta_719|chemberta_720|chemberta_721|chemberta_722|chemberta_723|chemberta_724|chemberta_725|chemberta_726|chemberta_727|chemberta_728|chemberta_729|chemberta_730|chemberta_731|chemberta_732|chemberta_733|chemberta_734|chemberta_735|chemberta_736|chemberta_737|chemberta_738|chemberta_739|chemberta_740|chemberta_741|chemberta_742|chemberta_743|chemberta_744|chemberta_745|chemberta_746|chemberta_747|chemberta_748|chemberta_749|chemberta_750|chemberta_751|chemberta_752|chemberta_753|chemberta_754|chemberta_755|chemberta_756|chemberta_757|chemberta_758|chemberta_759|chemberta_760|chemberta_761|chemberta_762|chemberta_763|chemberta_764|chemberta_765|chemberta_766|chemberta_767
SVM,ChemBERTa,768,0.9116,0.8827,0.8992,0.9682,0.8827,0.89,0.8475,0.8505,0.7886,0.8285,0.9466,0.7886,0.8046,0.7398,CorrelationFilter,chemberta_0|chemberta_1|chemberta_2|chemberta_3|chemberta_4|chemberta_5|chemberta_6|chemberta_7|chemberta_8|chemberta_9|chemberta_10|chemberta_11|chemberta_12|chemberta_13|chemberta_14|chemberta_15|chemberta_16|chemberta_17|chemberta_18|chemberta_19|chemberta_20|chemberta_21|chemberta_22|chemberta_23|chemberta_24|chemberta_25|chemberta_26|chemberta_27|chemberta_28|chemberta_29|chemberta_30|chemberta_31|chemberta_32|chemberta_33|chemberta_34|chemberta_35|chemberta_36|chemberta_37|chemberta_38|chemberta_39|chemberta_40|chemberta_41|chemberta_42|chemberta_43|chemberta_44|chemberta_45|chemberta_46|chemberta_47|chemberta_48|chemberta_49|chemberta_50|chemberta_51|chemberta_52|chemberta_53|chemberta_54|chemberta_55|chemberta_56|chemberta_57|chemberta_58|chemberta_59|chemberta_60|chemberta_61|chemberta_62|chemberta_63|chemberta_64|chemberta_65|chemberta_66|chemberta_67|chemberta_68|chemberta_69|chemberta_70|chemberta_71|chemberta_72|chemberta_73|chemberta_74|chemberta_75|chemberta_76|chemberta_77|chemberta_78|chemberta_79|chemberta_80|chemberta_81|chemberta_82|chemberta_83|chemberta_84|chemberta_85|chemberta_86|chemberta_87|chemberta_88|chemberta_89|chemberta_90|chemberta_91|chemberta_92|chemberta_93|chemberta_94|chemberta_95|chemberta_96|chemberta_97|chemberta_98|chemberta_99|chemberta_100|chemberta_101|chemberta_102|chemberta_103|chemberta_104|chemberta_105|chemberta_106|chemberta_107|chemberta_108|chemberta_109|chemberta_110|chemberta_111|chemberta_112|chemberta_113|chemberta_114|chemberta_115|chemberta_116|chemberta_117|chemberta_118|chemberta_119|chemberta_120|chemberta_121|chemberta_122|chemberta_123|chemberta_124|chemberta_125|chemberta_126|chemberta_127|chemberta_128|chemberta_129|chemberta_130|chemberta_131|chemberta_132|chemberta_133|chemberta_134|chemberta_135|chemberta_136|chemberta_137|chemberta_138|chemberta_139|chemberta_140|chemberta_141|chemberta_142|chemberta_143|chemberta_144|chemberta_145|chemberta_146|chemberta_147|chemberta_148|chemberta_149|chemberta_150|chemberta_151|chemberta_152|chemberta_153|chemberta_154|chemberta_155|chemberta_156|chemberta_157|chemberta_158|chemberta_159|chemberta_160|chemberta_161|chemberta_162|chemberta_163|chemberta_164|chemberta_165|chemberta_166|chemberta_167|chemberta_168|chemberta_169|chemberta_170|chemberta_171|chemberta_172|chemberta_173|chemberta_174|chemberta_175|chemberta_176|chemberta_177|chemberta_178|chemberta_179|chemberta_180|chemberta_181|chemberta_182|chemberta_183|chemberta_184|chemberta_185|chemberta_186|chemberta_187|chemberta_188|chemberta_189|chemberta_190|chemberta_191|chemberta_192|chemberta_193|chemberta_194|chemberta_195|chemberta_196|chemberta_197|chemberta_198|chemberta_199|chemberta_200|chemberta_201|chemberta_202|chemberta_203|chemberta_204|chemberta_205|chemberta_206|chemberta_207|chemberta_208|chemberta_209|chemberta_210|chemberta_211|chemberta_212|chemberta_213|chemberta_214|chemberta_215|chemberta_216|chemberta_217|chemberta_218|chemberta_219|chemberta_220|chemberta_221|chemberta_222|chemberta_223|chemberta_224|chemberta_225|chemberta_226|chemberta_227|chemberta_228|chemberta_229|chemberta_230|chemberta_231|chemberta_232|chemberta_233|chemberta_234|chemberta_235|chemberta_236|chemberta_237|chemberta_238|chemberta_239|chemberta_240|chemberta_241|chemberta_242|chemberta_243|chemberta_244|chemberta_245|chemberta_246|chemberta_247|chemberta_248|chemberta_249|chemberta_250|chemberta_251|chemberta_252|chemberta_253|chemberta_254|chemberta_255|chemberta_256|chemberta_257|chemberta_258|chemberta_259|chemberta_260|chemberta_261|chemberta_262|chemberta_263|chemberta_264|chemberta_265|chemberta_266|chemberta_267|chemberta_268|chemberta_269|chemberta_270|chemberta_271|chemberta_272|chemberta_273|chemberta_274|chemberta_275|chemberta_276|chemberta_277|chemberta_278|chemberta_279|chemberta_280|chemberta_281|chemberta_282|chemberta_283|chemberta_284|chemberta_285|chemberta_286|chemberta_287|chemberta_288|chemberta_289|chemberta_290|chemberta_291|chemberta_292|chemberta_293|chemberta_294|chemberta_295|chemberta_296|chemberta_297|chemberta_298|chemberta_299|chemberta_300|chemberta_301|chemberta_302|chemberta_303|chemberta_304|chemberta_305|chemberta_306|chemberta_307|chemberta_308|chemberta_309|chemberta_310|chemberta_311|chemberta_312|chemberta_313|chemberta_314|chemberta_315|chemberta_316|chemberta_317|chemberta_318|chemberta_319|chemberta_320|chemberta_321|chemberta_322|chemberta_323|chemberta_324|chemberta_325|chemberta_326|chemberta_327|chemberta_328|chemberta_329|chemberta_330|chemberta_331|chemberta_332|chemberta_333|chemberta_334|chemberta_335|chemberta_336|chemberta_337|chemberta_338|chemberta_339|chemberta_340|chemberta_341|chemberta_342|chemberta_343|chemberta_344|chemberta_345|chemberta_346|chemberta_347|chemberta_348|chemberta_349|chemberta_350|chemberta_351|chemberta_352|chemberta_353|chemberta_354|chemberta_355|chemberta_356|chemberta_357|chemberta_358|chemberta_359|chemberta_360|chemberta_361|chemberta_362|chemberta_363|chemberta_364|chemberta_365|chemberta_366|chemberta_367|chemberta_368|chemberta_369|chemberta_370|chemberta_371|chemberta_372|chemberta_373|chemberta_374|chemberta_375|chemberta_376|chemberta_377|chemberta_378|chemberta_379|chemberta_380|chemberta_381|chemberta_382|chemberta_383|chemberta_384|chemberta_385|chemberta_386|chemberta_387|chemberta_388|chemberta_389|chemberta_390|chemberta_391|chemberta_392|chemberta_393|chemberta_394|chemberta_395|chemberta_396|chemberta_397|chemberta_398|chemberta_399|chemberta_400|chemberta_401|chemberta_402|chemberta_403|chemberta_404|chemberta_405|chemberta_406|chemberta_407|chemberta_408|chemberta_409|chemberta_410|chemberta_411|chemberta_412|chemberta_413|chemberta_414|chemberta_415|chemberta_416|chemberta_417|chemberta_418|chemberta_419|chemberta_420|chemberta_421|chemberta_422|chemberta_423|chemberta_424|chemberta_425|chemberta_426|chemberta_427|chemberta_428|chemberta_429|chemberta_430|chemberta_431|chemberta_432|chemberta_433|chemberta_434|chemberta_435|chemberta_436|chemberta_437|chemberta_438|chemberta_439|chemberta_440|chemberta_441|chemberta_442|chemberta_443|chemberta_444|chemberta_445|chemberta_446|chemberta_447|chemberta_448|chemberta_449|chemberta_450|chemberta_451|chemberta_452|chemberta_453|chemberta_454|chemberta_455|chemberta_456|chemberta_457|chemberta_458|chemberta_459|chemberta_460|chemberta_461|chemberta_462|chemberta_463|chemberta_464|chemberta_465|chemberta_466|chemberta_467|chemberta_468|chemberta_469|chemberta_470|chemberta_471|chemberta_472|chemberta_473|chemberta_474|chemberta_475|chemberta_476|chemberta_477|chemberta_478|chemberta_479|chemberta_480|chemberta_481|chemberta_482|chemberta_483|chemberta_484|chemberta_485|chemberta_486|chemberta_487|chemberta_488|chemberta_489|chemberta_490|chemberta_491|chemberta_492|chemberta_493|chemberta_494|chemberta_495|chemberta_496|chemberta_497|chemberta_498|chemberta_499|chemberta_500|chemberta_501|chemberta_502|chemberta_503|chemberta_504|chemberta_505|chemberta_506|chemberta_507|chemberta_508|chemberta_509|chemberta_510|chemberta_511|chemberta_512|chemberta_513|chemberta_514|chemberta_515|chemberta_516|chemberta_517|chemberta_518|chemberta_519|chemberta_520|chemberta_521|chemberta_522|chemberta_523|chemberta_524|chemberta_525|chemberta_526|chemberta_527|chemberta_528|chemberta_529|chemberta_530|chemberta_531|chemberta_532|chemberta_533|chemberta_534|chemberta_535|chemberta_536|chemberta_537|chemberta_538|chemberta_539|chemberta_540|chemberta_541|chemberta_542|chemberta_543|chemberta_544|chemberta_545|chemberta_546|chemberta_547|chemberta_548|chemberta_549|chemberta_550|chemberta_551|chemberta_552|chemberta_553|chemberta_554|chemberta_555|chemberta_556|chemberta_557|chemberta_558|chemberta_559|chemberta_560|chemberta_561|chemberta_562|chemberta_563|chemberta_564|chemberta_565|chemberta_566|chemberta_567|chemberta_568|chemberta_569|chemberta_570|chemberta_571|chemberta_572|chemberta_573|chemberta_574|chemberta_575|chemberta_576|chemberta_577|chemberta_578|chemberta_579|chemberta_580|chemberta_581|chemberta_582|chemberta_583|chemberta_584|chemberta_585|chemberta_586|chemberta_587|chemberta_588|chemberta_589|chemberta_590|chemberta_591|chemberta_592|chemberta_593|chemberta_594|chemberta_595|chemberta_596|chemberta_597|chemberta_598|chemberta_599|chemberta_600|chemberta_601|chemberta_602|chemberta_603|chemberta_604|chemberta_605|chemberta_606|chemberta_607|chemberta_608|chemberta_609|chemberta_610|chemberta_611|chemberta_612|chemberta_613|chemberta_614|chemberta_615|chemberta_616|chemberta_617|chemberta_618|chemberta_619|chemberta_620|chemberta_621|chemberta_622|chemberta_623|chemberta_624|chemberta_625|chemberta_626|chemberta_627|chemberta_628|chemberta_629|chemberta_630|chemberta_631|chemberta_632|chemberta_633|chemberta_634|chemberta_635|chemberta_636|chemberta_637|chemberta_638|chemberta_639|chemberta_640|chemberta_641|chemberta_642|chemberta_643|chemberta_644|chemberta_645|chemberta_646|chemberta_647|chemberta_648|chemberta_649|chemberta_650|chemberta_651|chemberta_652|chemberta_653|chemberta_654|chemberta_655|chemberta_656|chemberta_657|chemberta_658|chemberta_659|chemberta_660|chemberta_661|chemberta_662|chemberta_663|chemberta_664|chemberta_665|chemberta_666|chemberta_667|chemberta_668|chemberta_669|chemberta_670|chemberta_671|chemberta_672|chemberta_673|chemberta_674|chemberta_675|chemberta_676|chemberta_677|chemberta_678|chemberta_679|chemberta_680|chemberta_681|chemberta_682|chemberta_683|chemberta_684|chemberta_685|chemberta_686|chemberta_687|chemberta_688|chemberta_689|chemberta_690|chemberta_691|chemberta_692|chemberta_693|chemberta_694|chemberta_695|chemberta_696|chemberta_697|chemberta_698|chemberta_699|chemberta_700|chemberta_701|chemberta_702|chemberta_703|chemberta_704|chemberta_705|chemberta_706|chemberta_707|chemberta_708|chemberta_709|chemberta_710|chemberta_711|chemberta_712|chemberta_713|chemberta_714|chemberta_715|chemberta_716|chemberta_717|chemberta_718|chemberta_719|chemberta_720|chemberta_721|chemberta_722|chemberta_723|chemberta_724|chemberta_725|chemberta_726|chemberta_727|chemberta_728|chemberta_729|chemberta_730|chemberta_731|chemberta_732|chemberta_733|chemberta_734|chemberta_735|chemberta_736|chemberta_737|chemberta_738|chemberta_739|chemberta_740|chemberta_741|chemberta_742|chemberta_743|chemberta_744|chemberta_745|chemberta_746|chemberta_747|chemberta_748|chemberta_749|chemberta_750|chemberta_751|chemberta_752|chemberta_753|chemberta_754|chemberta_755|chemberta_756|chemberta_757|chemberta_758|chemberta_759|chemberta_760|chemberta_761|chemberta_762|chemberta_763|chemberta_764|chemberta_765|chemberta_766|chemberta_767
BiGRU,ChemBERTa,768,0.9032,0.9123,0.8727,0.9735,0.9123,0.8884,0.8424,0.8421,0.8158,0.7997,0.9548,0.8158,0.8024,0.7404,CorrelationFilter,chemberta_0|chemberta_1|chemberta_2|chemberta_3|chemberta_4|chemberta_5|chemberta_6|chemberta_7|chemberta_8|chemberta_9|chemberta_10|chemberta_11|chemberta_12|chemberta_13|chemberta_14|chemberta_15|chemberta_16|chemberta_17|chemberta_18|chemberta_19|chemberta_20|chemberta_21|chemberta_22|chemberta_23|chemberta_24|chemberta_25|chemberta_26|chemberta_27|chemberta_28|chemberta_29|chemberta_30|chemberta_31|chemberta_32|chemberta_33|chemberta_34|chemberta_35|chemberta_36|chemberta_37|chemberta_38|chemberta_39|chemberta_40|chemberta_41|chemberta_42|chemberta_43|chemberta_44|chemberta_45|chemberta_46|chemberta_47|chemberta_48|chemberta_49|chemberta_50|chemberta_51|chemberta_52|chemberta_53|chemberta_54|chemberta_55|chemberta_56|chemberta_57|chemberta_58|chemberta_59|chemberta_60|chemberta_61|chemberta_62|chemberta_63|chemberta_64|chemberta_65|chemberta_66|chemberta_67|chemberta_68|chemberta_69|chemberta_70|chemberta_71|chemberta_72|chemberta_73|chemberta_74|chemberta_75|chemberta_76|chemberta_77|chemberta_78|chemberta_79|chemberta_80|chemberta_81|chemberta_82|chemberta_83|chemberta_84|chemberta_85|chemberta_86|chemberta_87|chemberta_88|chemberta_89|chemberta_90|chemberta_91|chemberta_92|chemberta_93|chemberta_94|chemberta_95|chemberta_96|chemberta_97|chemberta_98|chemberta_99|chemberta_100|chemberta_101|chemberta_102|chemberta_103|chemberta_104|chemberta_105|chemberta_106|chemberta_107|chemberta_108|chemberta_109|chemberta_110|chemberta_111|chemberta_112|chemberta_113|chemberta_114|chemberta_115|chemberta_116|chemberta_117|chemberta_118|chemberta_119|chemberta_120|chemberta_121|chemberta_122|chemberta_123|chemberta_124|chemberta_125|chemberta_126|chemberta_127|chemberta_128|chemberta_129|chemberta_130|chemberta_131|chemberta_132|chemberta_133|chemberta_134|chemberta_135|chemberta_136|chemberta_137|chemberta_138|chemberta_139|chemberta_140|chemberta_141|chemberta_142|chemberta_143|chemberta_144|chemberta_145|chemberta_146|chemberta_147|chemberta_148|chemberta_149|chemberta_150|chemberta_151|chemberta_152|chemberta_153|chemberta_154|chemberta_155|chemberta_156|chemberta_157|chemberta_158|chemberta_159|chemberta_160|chemberta_161|chemberta_162|chemberta_163|chemberta_164|chemberta_165|chemberta_166|chemberta_167|chemberta_168|chemberta_169|chemberta_170|chemberta_171|chemberta_172|chemberta_173|chemberta_174|chemberta_175|chemberta_176|chemberta_177|chemberta_178|chemberta_179|chemberta_180|chemberta_181|chemberta_182|chemberta_183|chemberta_184|chemberta_185|chemberta_186|chemberta_187|chemberta_188|chemberta_189|chemberta_190|chemberta_191|chemberta_192|chemberta_193|chemberta_194|chemberta_195|chemberta_196|chemberta_197|chemberta_198|chemberta_199|chemberta_200|chemberta_201|chemberta_202|chemberta_203|chemberta_204|chemberta_205|chemberta_206|chemberta_207|chemberta_208|chemberta_209|chemberta_210|chemberta_211|chemberta_212|chemberta_213|chemberta_214|chemberta_215|chemberta_216|chemberta_217|chemberta_218|chemberta_219|chemberta_220|chemberta_221|chemberta_222|chemberta_223|chemberta_224|chemberta_225|chemberta_226|chemberta_227|chemberta_228|chemberta_229|chemberta_230|chemberta_231|chemberta_232|chemberta_233|chemberta_234|chemberta_235|chemberta_236|chemberta_237|chemberta_238|chemberta_239|chemberta_240|chemberta_241|chemberta_242|chemberta_243|chemberta_244|chemberta_245|chemberta_246|chemberta_247|chemberta_248|chemberta_249|chemberta_250|chemberta_251|chemberta_252|chemberta_253|chemberta_254|chemberta_255|chemberta_256|chemberta_257|chemberta_258|chemberta_259|chemberta_260|chemberta_261|chemberta_262|chemberta_263|chemberta_264|chemberta_265|chemberta_266|chemberta_267|chemberta_268|chemberta_269|chemberta_270|chemberta_271|chemberta_272|chemberta_273|chemberta_274|chemberta_275|chemberta_276|chemberta_277|chemberta_278|chemberta_279|chemberta_280|chemberta_281|chemberta_282|chemberta_283|chemberta_284|chemberta_285|chemberta_286|chemberta_287|chemberta_288|chemberta_289|chemberta_290|chemberta_291|chemberta_292|chemberta_293|chemberta_294|chemberta_295|chemberta_296|chemberta_297|chemberta_298|chemberta_299|chemberta_300|chemberta_301|chemberta_302|chemberta_303|chemberta_304|chemberta_305|chemberta_306|chemberta_307|chemberta_308|chemberta_309|chemberta_310|chemberta_311|chemberta_312|chemberta_313|chemberta_314|chemberta_315|chemberta_316|chemberta_317|chemberta_318|chemberta_319|chemberta_320|chemberta_321|chemberta_322|chemberta_323|chemberta_324|chemberta_325|chemberta_326|chemberta_327|chemberta_328|chemberta_329|chemberta_330|chemberta_331|chemberta_332|chemberta_333|chemberta_334|chemberta_335|chemberta_336|chemberta_337|chemberta_338|chemberta_339|chemberta_340|chemberta_341|chemberta_342|chemberta_343|chemberta_344|chemberta_345|chemberta_346|chemberta_347|chemberta_348|chemberta_349|chemberta_350|chemberta_351|chemberta_352|chemberta_353|chemberta_354|chemberta_355|chemberta_356|chemberta_357|chemberta_358|chemberta_359|chemberta_360|chemberta_361|chemberta_362|chemberta_363|chemberta_364|chemberta_365|chemberta_366|chemberta_367|chemberta_368|chemberta_369|chemberta_370|chemberta_371|chemberta_372|chemberta_373|chemberta_374|chemberta_375|chemberta_376|chemberta_377|chemberta_378|chemberta_379|chemberta_380|chemberta_381|chemberta_382|chemberta_383|chemberta_384|chemberta_385|chemberta_386|chemberta_387|chemberta_388|chemberta_389|chemberta_390|chemberta_391|chemberta_392|chemberta_393|chemberta_394|chemberta_395|chemberta_396|chemberta_397|chemberta_398|chemberta_399|chemberta_400|chemberta_401|chemberta_402|chemberta_403|chemberta_404|chemberta_405|chemberta_406|chemberta_407|chemberta_408|chemberta_409|chemberta_410|chemberta_411|chemberta_412|chemberta_413|chemberta_414|chemberta_415|chemberta_416|chemberta_417|chemberta_418|chemberta_419|chemberta_420|chemberta_421|chemberta_422|chemberta_423|chemberta_424|chemberta_425|chemberta_426|chemberta_427|chemberta_428|chemberta_429|chemberta_430|chemberta_431|chemberta_432|chemberta_433|chemberta_434|chemberta_435|chemberta_436|chemberta_437|chemberta_438|chemberta_439|chemberta_440|chemberta_441|chemberta_442|chemberta_443|chemberta_444|chemberta_445|chemberta_446|chemberta_447|chemberta_448|chemberta_449|chemberta_450|chemberta_451|chemberta_452|chemberta_453|chemberta_454|chemberta_455|chemberta_456|chemberta_457|chemberta_458|chemberta_459|chemberta_460|chemberta_461|chemberta_462|chemberta_463|chemberta_464|chemberta_465|chemberta_466|chemberta_467|chemberta_468|chemberta_469|chemberta_470|chemberta_471|chemberta_472|chemberta_473|chemberta_474|chemberta_475|chemberta_476|chemberta_477|chemberta_478|chemberta_479|chemberta_480|chemberta_481|chemberta_482|chemberta_483|chemberta_484|chemberta_485|chemberta_486|chemberta_487|chemberta_488|chemberta_489|chemberta_490|chemberta_491|chemberta_492|chemberta_493|chemberta_494|chemberta_495|chemberta_496|chemberta_497|chemberta_498|chemberta_499|chemberta_500|chemberta_501|chemberta_502|chemberta_503|chemberta_504|chemberta_505|chemberta_506|chemberta_507|chemberta_508|chemberta_509|chemberta_510|chemberta_511|chemberta_512|chemberta_513|chemberta_514|chemberta_515|chemberta_516|chemberta_517|chemberta_518|chemberta_519|chemberta_520|chemberta_521|chemberta_522|chemberta_523|chemberta_524|chemberta_525|chemberta_526|chemberta_527|chemberta_528|chemberta_529|chemberta_530|chemberta_531|chemberta_532|chemberta_533|chemberta_534|chemberta_535|chemberta_536|chemberta_537|chemberta_538|chemberta_539|chemberta_540|chemberta_541|chemberta_542|chemberta_543|chemberta_544|chemberta_545|chemberta_546|chemberta_547|chemberta_548|chemberta_549|chemberta_550|chemberta_551|chemberta_552|chemberta_553|chemberta_554|chemberta_555|chemberta_556|chemberta_557|chemberta_558|chemberta_559|chemberta_560|chemberta_561|chemberta_562|chemberta_563|chemberta_564|chemberta_565|chemberta_566|chemberta_567|chemberta_568|chemberta_569|chemberta_570|chemberta_571|chemberta_572|chemberta_573|chemberta_574|chemberta_575|chemberta_576|chemberta_577|chemberta_578|chemberta_579|chemberta_580|chemberta_581|chemberta_582|chemberta_583|chemberta_584|chemberta_585|chemberta_586|chemberta_587|chemberta_588|chemberta_589|chemberta_590|chemberta_591|chemberta_592|chemberta_593|chemberta_594|chemberta_595|chemberta_596|chemberta_597|chemberta_598|chemberta_599|chemberta_600|chemberta_601|chemberta_602|chemberta_603|chemberta_604|chemberta_605|chemberta_606|chemberta_607|chemberta_608|chemberta_609|chemberta_610|chemberta_611|chemberta_612|chemberta_613|chemberta_614|chemberta_615|chemberta_616|chemberta_617|chemberta_618|chemberta_619|chemberta_620|chemberta_621|chemberta_622|chemberta_623|chemberta_624|chemberta_625|chemberta_626|chemberta_627|chemberta_628|chemberta_629|chemberta_630|chemberta_631|chemberta_632|chemberta_633|chemberta_634|chemberta_635|chemberta_636|chemberta_637|chemberta_638|chemberta_639|chemberta_640|chemberta_641|chemberta_642|chemberta_643|chemberta_644|chemberta_645|chemberta_646|chemberta_647|chemberta_648|chemberta_649|chemberta_650|chemberta_651|chemberta_652|chemberta_653|chemberta_654|chemberta_655|chemberta_656|chemberta_657|chemberta_658|chemberta_659|chemberta_660|chemberta_661|chemberta_662|chemberta_663|chemberta_664|chemberta_665|chemberta_666|chemberta_667|chemberta_668|chemberta_669|chemberta_670|chemberta_671|chemberta_672|chemberta_673|chemberta_674|chemberta_675|chemberta_676|chemberta_677|chemberta_678|chemberta_679|chemberta_680|chemberta_681|chemberta_682|chemberta_683|chemberta_684|chemberta_685|chemberta_686|chemberta_687|chemberta_688|chemberta_689|chemberta_690|chemberta_691|chemberta_692|chemberta_693|chemberta_694|chemberta_695|chemberta_696|chemberta_697|chemberta_698|chemberta_699|chemberta_700|chemberta_701|chemberta_702|chemberta_703|chemberta_704|chemberta_705|chemberta_706|chemberta_707|chemberta_708|chemberta_709|chemberta_710|chemberta_711|chemberta_712|chemberta_713|chemberta_714|chemberta_715|chemberta_716|chemberta_717|chemberta_718|chemberta_719|chemberta_720|chemberta_721|chemberta_722|chemberta_723|chemberta_724|chemberta_725|chemberta_726|chemberta_727|chemberta_728|chemberta_729|chemberta_730|chemberta_731|chemberta_732|chemberta_733|chemberta_734|chemberta_735|chemberta_736|chemberta_737|chemberta_738|chemberta_739|chemberta_740|chemberta_741|chemberta_742|chemberta_743|chemberta_744|chemberta_745|chemberta_746|chemberta_747|chemberta_748|chemberta_749|chemberta_750|chemberta_751|chemberta_752|chemberta_753|chemberta_754|chemberta_755|chemberta_756|chemberta_757|chemberta_758|chemberta_759|chemberta_760|chemberta_761|chemberta_762|chemberta_763|chemberta_764|chemberta_765|chemberta_766|chemberta_767
BiLSTM,ChemBERTa,768,0.9207,0.9283,0.8938,0.9776,0.9283,0.9087,0.8692,0.8508,0.8198,0.8032,0.956,0.8198,0.8085,0.7512,CorrelationFilter,chemberta_0|chemberta_1|chemberta_2|chemberta_3|chemberta_4|chemberta_5|chemberta_6|chemberta_7|chemberta_8|chemberta_9|chemberta_10|chemberta_11|chemberta_12|chemberta_13|chemberta_14|chemberta_15|chemberta_16|chemberta_17|chemberta_18|chemberta_19|chemberta_20|chemberta_21|chemberta_22|chemberta_23|chemberta_24|chemberta_25|chemberta_26|chemberta_27|chemberta_28|chemberta_29|chemberta_30|chemberta_31|chemberta_32|chemberta_33|chemberta_34|chemberta_35|chemberta_36|chemberta_37|chemberta_38|chemberta_39|chemberta_40|chemberta_41|chemberta_42|chemberta_43|chemberta_44|chemberta_45|chemberta_46|chemberta_47|chemberta_48|chemberta_49|chemberta_50|chemberta_51|chemberta_52|chemberta_53|chemberta_54|chemberta_55|chemberta_56|chemberta_57|chemberta_58|chemberta_59|chemberta_60|chemberta_61|chemberta_62|chemberta_63|chemberta_64|chemberta_65|chemberta_66|chemberta_67|chemberta_68|chemberta_69|chemberta_70|chemberta_71|chemberta_72|chemberta_73|chemberta_74|chemberta_75|chemberta_76|chemberta_77|chemberta_78|chemberta_79|chemberta_80|chemberta_81|chemberta_82|chemberta_83|chemberta_84|chemberta_85|chemberta_86|chemberta_87|chemberta_88|chemberta_89|chemberta_90|chemberta_91|chemberta_92|chemberta_93|chemberta_94|chemberta_95|chemberta_96|chemberta_97|chemberta_98|chemberta_99|chemberta_100|chemberta_101|chemberta_102|chemberta_103|chemberta_104|chemberta_105|chemberta_106|chemberta_107|chemberta_108|chemberta_109|chemberta_110|chemberta_111|chemberta_112|chemberta_113|chemberta_114|chemberta_115|chemberta_116|chemberta_117|chemberta_118|chemberta_119|chemberta_120|chemberta_121|chemberta_122|chemberta_123|chemberta_124|chemberta_125|chemberta_126|chemberta_127|chemberta_128|chemberta_129|chemberta_130|chemberta_131|chemberta_132|chemberta_133|chemberta_134|chemberta_135|chemberta_136|chemberta_137|chemberta_138|chemberta_139|chemberta_140|chemberta_141|chemberta_142|chemberta_143|chemberta_144|chemberta_145|chemberta_146|chemberta_147|chemberta_148|chemberta_149|chemberta_150|chemberta_151|chemberta_152|chemberta_153|chemberta_154|chemberta_155|chemberta_156|chemberta_157|chemberta_158|chemberta_159|chemberta_160|chemberta_161|chemberta_162|chemberta_163|chemberta_164|chemberta_165|chemberta_166|chemberta_167|chemberta_168|chemberta_169|chemberta_170|chemberta_171|chemberta_172|chemberta_173|chemberta_174|chemberta_175|chemberta_176|chemberta_177|chemberta_178|chemberta_179|chemberta_180|chemberta_181|chemberta_182|chemberta_183|chemberta_184|chemberta_185|chemberta_186|chemberta_187|chemberta_188|chemberta_189|chemberta_190|chemberta_191|chemberta_192|chemberta_193|chemberta_194|chemberta_195|chemberta_196|chemberta_197|chemberta_198|chemberta_199|chemberta_200|chemberta_201|chemberta_202|chemberta_203|chemberta_204|chemberta_205|chemberta_206|chemberta_207|chemberta_208|chemberta_209|chemberta_210|chemberta_211|chemberta_212|chemberta_213|chemberta_214|chemberta_215|chemberta_216|chemberta_217|chemberta_218|chemberta_219|chemberta_220|chemberta_221|chemberta_222|chemberta_223|chemberta_224|chemberta_225|chemberta_226|chemberta_227|chemberta_228|chemberta_229|chemberta_230|chemberta_231|chemberta_232|chemberta_233|chemberta_234|chemberta_235|chemberta_236|chemberta_237|chemberta_238|chemberta_239|chemberta_240|chemberta_241|chemberta_242|chemberta_243|chemberta_244|chemberta_245|chemberta_246|chemberta_247|chemberta_248|chemberta_249|chemberta_250|chemberta_251|chemberta_252|chemberta_253|chemberta_254|chemberta_255|chemberta_256|chemberta_257|chemberta_258|chemberta_259|chemberta_260|chemberta_261|chemberta_262|chemberta_263|chemberta_264|chemberta_265|chemberta_266|chemberta_267|chemberta_268|chemberta_269|chemberta_270|chemberta_271|chemberta_272|chemberta_273|chemberta_274|chemberta_275|chemberta_276|chemberta_277|chemberta_278|chemberta_279|chemberta_280|chemberta_281|chemberta_282|chemberta_283|chemberta_284|chemberta_285|chemberta_286|chemberta_287|chemberta_288|chemberta_289|chemberta_290|chemberta_291|chemberta_292|chemberta_293|chemberta_294|chemberta_295|chemberta_296|chemberta_297|chemberta_298|chemberta_299|chemberta_300|chemberta_301|chemberta_302|chemberta_303|chemberta_304|chemberta_305|chemberta_306|chemberta_307|chemberta_308|chemberta_309|chemberta_310|chemberta_311|chemberta_312|chemberta_313|chemberta_314|chemberta_315|chemberta_316|chemberta_317|chemberta_318|chemberta_319|chemberta_320|chemberta_321|chemberta_322|chemberta_323|chemberta_324|chemberta_325|chemberta_326|chemberta_327|chemberta_328|chemberta_329|chemberta_330|chemberta_331|chemberta_332|chemberta_333|chemberta_334|chemberta_335|chemberta_336|chemberta_337|chemberta_338|chemberta_339|chemberta_340|chemberta_341|chemberta_342|chemberta_343|chemberta_344|chemberta_345|chemberta_346|chemberta_347|chemberta_348|chemberta_349|chemberta_350|chemberta_351|chemberta_352|chemberta_353|chemberta_354|chemberta_355|chemberta_356|chemberta_357|chemberta_358|chemberta_359|chemberta_360|chemberta_361|chemberta_362|chemberta_363|chemberta_364|chemberta_365|chemberta_366|chemberta_367|chemberta_368|chemberta_369|chemberta_370|chemberta_371|chemberta_372|chemberta_373|chemberta_374|chemberta_375|chemberta_376|chemberta_377|chemberta_378|chemberta_379|chemberta_380|chemberta_381|chemberta_382|chemberta_383|chemberta_384|chemberta_385|chemberta_386|chemberta_387|chemberta_388|chemberta_389|chemberta_390|chemberta_391|chemberta_392|chemberta_393|chemberta_394|chemberta_395|chemberta_396|chemberta_397|chemberta_398|chemberta_399|chemberta_400|chemberta_401|chemberta_402|chemberta_403|chemberta_404|chemberta_405|chemberta_406|chemberta_407|chemberta_408|chemberta_409|chemberta_410|chemberta_411|chemberta_412|chemberta_413|chemberta_414|chemberta_415|chemberta_416|chemberta_417|chemberta_418|chemberta_419|chemberta_420|chemberta_421|chemberta_422|chemberta_423|chemberta_424|chemberta_425|chemberta_426|chemberta_427|chemberta_428|chemberta_429|chemberta_430|chemberta_431|chemberta_432|chemberta_433|chemberta_434|chemberta_435|chemberta_436|chemberta_437|chemberta_438|chemberta_439|chemberta_440|chemberta_441|chemberta_442|chemberta_443|chemberta_444|chemberta_445|chemberta_446|chemberta_447|chemberta_448|chemberta_449|chemberta_450|chemberta_451|chemberta_452|chemberta_453|chemberta_454|chemberta_455|chemberta_456|chemberta_457|chemberta_458|chemberta_459|chemberta_460|chemberta_461|chemberta_462|chemberta_463|chemberta_464|chemberta_465|chemberta_466|chemberta_467|chemberta_468|chemberta_469|chemberta_470|chemberta_471|chemberta_472|chemberta_473|chemberta_474|chemberta_475|chemberta_476|chemberta_477|chemberta_478|chemberta_479|chemberta_480|chemberta_481|chemberta_482|chemberta_483|chemberta_484|chemberta_485|chemberta_486|chemberta_487|chemberta_488|chemberta_489|chemberta_490|chemberta_491|chemberta_492|chemberta_493|chemberta_494|chemberta_495|chemberta_496|chemberta_497|chemberta_498|chemberta_499|chemberta_500|chemberta_501|chemberta_502|chemberta_503|chemberta_504|chemberta_505|chemberta_506|chemberta_507|chemberta_508|chemberta_509|chemberta_510|chemberta_511|chemberta_512|chemberta_513|chemberta_514|chemberta_515|chemberta_516|chemberta_517|chemberta_518|chemberta_519|chemberta_520|chemberta_521|chemberta_522|chemberta_523|chemberta_524|chemberta_525|chemberta_526|chemberta_527|chemberta_528|chemberta_529|chemberta_530|chemberta_531|chemberta_532|chemberta_533|chemberta_534|chemberta_535|chemberta_536|chemberta_537|chemberta_538|chemberta_539|chemberta_540|chemberta_541|chemberta_542|chemberta_543|chemberta_544|chemberta_545|chemberta_546|chemberta_547|chemberta_548|chemberta_549|chemberta_550|chemberta_551|chemberta_552|chemberta_553|chemberta_554|chemberta_555|chemberta_556|chemberta_557|chemberta_558|chemberta_559|chemberta_560|chemberta_561|chemberta_562|chemberta_563|chemberta_564|chemberta_565|chemberta_566|chemberta_567|chemberta_568|chemberta_569|chemberta_570|chemberta_571|chemberta_572|chemberta_573|chemberta_574|chemberta_575|chemberta_576|chemberta_577|chemberta_578|chemberta_579|chemberta_580|chemberta_581|chemberta_582|chemberta_583|chemberta_584|chemberta_585|chemberta_586|chemberta_587|chemberta_588|chemberta_589|chemberta_590|chemberta_591|chemberta_592|chemberta_593|chemberta_594|chemberta_595|chemberta_596|chemberta_597|chemberta_598|chemberta_599|chemberta_600|chemberta_601|chemberta_602|chemberta_603|chemberta_604|chemberta_605|chemberta_606|chemberta_607|chemberta_608|chemberta_609|chemberta_610|chemberta_611|chemberta_612|chemberta_613|chemberta_614|chemberta_615|chemberta_616|chemberta_617|chemberta_618|chemberta_619|chemberta_620|chemberta_621|chemberta_622|chemberta_623|chemberta_624|chemberta_625|chemberta_626|chemberta_627|chemberta_628|chemberta_629|chemberta_630|chemberta_631|chemberta_632|chemberta_633|chemberta_634|chemberta_635|chemberta_636|chemberta_637|chemberta_638|chemberta_639|chemberta_640|chemberta_641|chemberta_642|chemberta_643|chemberta_644|chemberta_645|chemberta_646|chemberta_647|chemberta_648|chemberta_649|chemberta_650|chemberta_651|chemberta_652|chemberta_653|chemberta_654|chemberta_655|chemberta_656|chemberta_657|chemberta_658|chemberta_659|chemberta_660|chemberta_661|chemberta_662|chemberta_663|chemberta_664|chemberta_665|chemberta_666|chemberta_667|chemberta_668|chemberta_669|chemberta_670|chemberta_671|chemberta_672|chemberta_673|chemberta_674|chemberta_675|chemberta_676|chemberta_677|chemberta_678|chemberta_679|chemberta_680|chemberta_681|chemberta_682|chemberta_683|chemberta_684|chemberta_685|chemberta_686|chemberta_687|chemberta_688|chemberta_689|chemberta_690|chemberta_691|chemberta_692|chemberta_693|chemberta_694|chemberta_695|chemberta_696|chemberta_697|chemberta_698|chemberta_699|chemberta_700|chemberta_701|chemberta_702|chemberta_703|chemberta_704|chemberta_705|chemberta_706|chemberta_707|chemberta_708|chemberta_709|chemberta_710|chemberta_711|chemberta_712|chemberta_713|chemberta_714|chemberta_715|chemberta_716|chemberta_717|chemberta_718|chemberta_719|chemberta_720|chemberta_721|chemberta_722|chemberta_723|chemberta_724|chemberta_725|chemberta_726|chemberta_727|chemberta_728|chemberta_729|chemberta_730|chemberta_731|chemberta_732|chemberta_733|chemberta_734|chemberta_735|chemberta_736|chemberta_737|chemberta_738|chemberta_739|chemberta_740|chemberta_741|chemberta_742|chemberta_743|chemberta_744|chemberta_745|chemberta_746|chemberta_747|chemberta_748|chemberta_749|chemberta_750|chemberta_751|chemberta_752|chemberta_753|chemberta_754|chemberta_755|chemberta_756|chemberta_757|chemberta_758|chemberta_759|chemberta_760|chemberta_761|chemberta_762|chemberta_763|chemberta_764|chemberta_765|chemberta_766|chemberta_767
