Model,Embedding,Selected_Features,Train_ACC,Train_BACC,Train_PRE,Train_SPEC,Train_SENS,Train_F1,Train_MCC,Test_ACC,Test_BACC,Test_PRE,Test_SPEC,Test_SENS,Test_F1,Test_MCC,Selector,Selected_Feature_Names
Logistic Regression,RDKit,56,0.793,0.7158,0.7469,0.9254,0.7158,0.7289,0.6375,0.7877,0.6932,0.7381,0.9229,0.6932,0.7117,0.6267,MutualInformation,MaxAbsEStateIndex|MinEStateIndex|qed|SPS|MolWt|MaxPartialCharge|MinPartialCharge|MaxAbsPartialCharge|BCUT2D_MWHI|BCUT2D_MWLOW|BCUT2D_CHGHI|BCUT2D_CHGLO|BCUT2D_LOGPHI|BCUT2D_LOGPLOW|BCUT2D_MRHI|BCUT2D_MRLOW|AvgIpc|BalabanJ|BertzCT|HallKierAlpha|Kappa2|Kappa3|PEOE_VSA1|PEOE_VSA10|PEOE_VSA11|PEOE_VSA6|PEOE_VSA7|PEOE_VSA8|PEOE_VSA9|SMR_VSA10|SMR_VSA3|SMR_VSA5|SMR_VSA6|SMR_VSA7|SlogP_VSA1|SlogP_VSA3|SlogP_VSA5|TPSA|EState_VSA1|EState_VSA10|EState_VSA2|EState_VSA3|EState_VSA4|EState_VSA8|EState_VSA9|VSA_EState1|VSA_EState2|VSA_EState3|VSA_EState4|VSA_EState7|VSA_EState8|FractionCSP3|NHOHCount|NumAtomStereoCenters|NumUnspecifiedAtomStereoCenters|MolLogP
Decision Tree,RDKit,56,0.9896,0.9823,0.9947,0.9952,0.9823,0.9882,0.9823,0.8345,0.7544,0.7749,0.9448,0.7544,0.7641,0.7147,MutualInformation,MaxAbsEStateIndex|MinEStateIndex|qed|SPS|MolWt|MaxPartialCharge|MinPartialCharge|MaxAbsPartialCharge|BCUT2D_MWHI|BCUT2D_MWLOW|BCUT2D_CHGHI|BCUT2D_CHGLO|BCUT2D_LOGPHI|BCUT2D_LOGPLOW|BCUT2D_MRHI|BCUT2D_MRLOW|AvgIpc|BalabanJ|BertzCT|HallKierAlpha|Kappa2|Kappa3|PEOE_VSA1|PEOE_VSA10|PEOE_VSA11|PEOE_VSA6|PEOE_VSA7|PEOE_VSA8|PEOE_VSA9|SMR_VSA10|SMR_VSA3|SMR_VSA5|SMR_VSA6|SMR_VSA7|SlogP_VSA1|SlogP_VSA3|SlogP_VSA5|TPSA|EState_VSA1|EState_VSA10|EState_VSA2|EState_VSA3|EState_VSA4|EState_VSA8|EState_VSA9|VSA_EState1|VSA_EState2|VSA_EState3|VSA_EState4|VSA_EState7|VSA_EState8|FractionCSP3|NHOHCount|NumAtomStereoCenters|NumUnspecifiedAtomStereoCenters|MolLogP
Random Forest,RDKit,56,0.9896,0.9891,0.9879,0.9964,0.9891,0.9885,0.9823,0.8861,0.8372,0.8683,0.9596,0.8372,0.8519,0.8027,MutualInformation,MaxAbsEStateIndex|MinEStateIndex|qed|SPS|MolWt|MaxPartialCharge|MinPartialCharge|MaxAbsPartialCharge|BCUT2D_MWHI|BCUT2D_MWLOW|BCUT2D_CHGHI|BCUT2D_CHGLO|BCUT2D_LOGPHI|BCUT2D_LOGPLOW|BCUT2D_MRHI|BCUT2D_MRLOW|AvgIpc|BalabanJ|BertzCT|HallKierAlpha|Kappa2|Kappa3|PEOE_VSA1|PEOE_VSA10|PEOE_VSA11|PEOE_VSA6|PEOE_VSA7|PEOE_VSA8|PEOE_VSA9|SMR_VSA10|SMR_VSA3|SMR_VSA5|SMR_VSA6|SMR_VSA7|SlogP_VSA1|SlogP_VSA3|SlogP_VSA5|TPSA|EState_VSA1|EState_VSA10|EState_VSA2|EState_VSA3|EState_VSA4|EState_VSA8|EState_VSA9|VSA_EState1|VSA_EState2|VSA_EState3|VSA_EState4|VSA_EState7|VSA_EState8|FractionCSP3|NHOHCount|NumAtomStereoCenters|NumUnspecifiedAtomStereoCenters|MolLogP
Extra Trees,RDKit,56,0.9896,0.9823,0.9947,0.9952,0.9823,0.9882,0.9823,0.8884,0.843,0.872,0.9601,0.843,0.8568,0.8066,MutualInformation,MaxAbsEStateIndex|MinEStateIndex|qed|SPS|MolWt|MaxPartialCharge|MinPartialCharge|MaxAbsPartialCharge|BCUT2D_MWHI|BCUT2D_MWLOW|BCUT2D_CHGHI|BCUT2D_CHGLO|BCUT2D_LOGPHI|BCUT2D_LOGPLOW|BCUT2D_MRHI|BCUT2D_MRLOW|AvgIpc|BalabanJ|BertzCT|HallKierAlpha|Kappa2|Kappa3|PEOE_VSA1|PEOE_VSA10|PEOE_VSA11|PEOE_VSA6|PEOE_VSA7|PEOE_VSA8|PEOE_VSA9|SMR_VSA10|SMR_VSA3|SMR_VSA5|SMR_VSA6|SMR_VSA7|SlogP_VSA1|SlogP_VSA3|SlogP_VSA5|TPSA|EState_VSA1|EState_VSA10|EState_VSA2|EState_VSA3|EState_VSA4|EState_VSA8|EState_VSA9|VSA_EState1|VSA_EState2|VSA_EState3|VSA_EState4|VSA_EState7|VSA_EState8|FractionCSP3|NHOHCount|NumAtomStereoCenters|NumUnspecifiedAtomStereoCenters|MolLogP
Gradient Boosting,RDKit,56,0.983,0.9795,0.9838,0.9935,0.9795,0.9816,0.9709,0.8836,0.8285,0.8557,0.9588,0.8285,0.8415,0.7981,MutualInformation,MaxAbsEStateIndex|MinEStateIndex|qed|SPS|MolWt|MaxPartialCharge|MinPartialCharge|MaxAbsPartialCharge|BCUT2D_MWHI|BCUT2D_MWLOW|BCUT2D_CHGHI|BCUT2D_CHGLO|BCUT2D_LOGPHI|BCUT2D_LOGPLOW|BCUT2D_MRHI|BCUT2D_MRLOW|AvgIpc|BalabanJ|BertzCT|HallKierAlpha|Kappa2|Kappa3|PEOE_VSA1|PEOE_VSA10|PEOE_VSA11|PEOE_VSA6|PEOE_VSA7|PEOE_VSA8|PEOE_VSA9|SMR_VSA10|SMR_VSA3|SMR_VSA5|SMR_VSA6|SMR_VSA7|SlogP_VSA1|SlogP_VSA3|SlogP_VSA5|TPSA|EState_VSA1|EState_VSA10|EState_VSA2|EState_VSA3|EState_VSA4|EState_VSA8|EState_VSA9|VSA_EState1|VSA_EState2|VSA_EState3|VSA_EState4|VSA_EState7|VSA_EState8|FractionCSP3|NHOHCount|NumAtomStereoCenters|NumUnspecifiedAtomStereoCenters|MolLogP
AdaBoost,RDKit,56,0.6864,0.4275,0.4729,0.8723,0.4275,0.4373,0.4085,0.6884,0.4263,0.4697,0.8738,0.4263,0.4344,0.413,MutualInformation,MaxAbsEStateIndex|MinEStateIndex|qed|SPS|MolWt|MaxPartialCharge|MinPartialCharge|MaxAbsPartialCharge|BCUT2D_MWHI|BCUT2D_MWLOW|BCUT2D_CHGHI|BCUT2D_CHGLO|BCUT2D_LOGPHI|BCUT2D_LOGPLOW|BCUT2D_MRHI|BCUT2D_MRLOW|AvgIpc|BalabanJ|BertzCT|HallKierAlpha|Kappa2|Kappa3|PEOE_VSA1|PEOE_VSA10|PEOE_VSA11|PEOE_VSA6|PEOE_VSA7|PEOE_VSA8|PEOE_VSA9|SMR_VSA10|SMR_VSA3|SMR_VSA5|SMR_VSA6|SMR_VSA7|SlogP_VSA1|SlogP_VSA3|SlogP_VSA5|TPSA|EState_VSA1|EState_VSA10|EState_VSA2|EState_VSA3|EState_VSA4|EState_VSA8|EState_VSA9|VSA_EState1|VSA_EState2|VSA_EState3|VSA_EState4|VSA_EState7|VSA_EState8|FractionCSP3|NHOHCount|NumAtomStereoCenters|NumUnspecifiedAtomStereoCenters|MolLogP
XGBoost,RDKit,56,0.9879,0.9873,0.9862,0.9958,0.9873,0.9867,0.9794,0.8864,0.8362,0.8648,0.9595,0.8362,0.8499,0.803,MutualInformation,MaxAbsEStateIndex|MinEStateIndex|qed|SPS|MolWt|MaxPartialCharge|MinPartialCharge|MaxAbsPartialCharge|BCUT2D_MWHI|BCUT2D_MWLOW|BCUT2D_CHGHI|BCUT2D_CHGLO|BCUT2D_LOGPHI|BCUT2D_LOGPLOW|BCUT2D_MRHI|BCUT2D_MRLOW|AvgIpc|BalabanJ|BertzCT|HallKierAlpha|Kappa2|Kappa3|PEOE_VSA1|PEOE_VSA10|PEOE_VSA11|PEOE_VSA6|PEOE_VSA7|PEOE_VSA8|PEOE_VSA9|SMR_VSA10|SMR_VSA3|SMR_VSA5|SMR_VSA6|SMR_VSA7|SlogP_VSA1|SlogP_VSA3|SlogP_VSA5|TPSA|EState_VSA1|EState_VSA10|EState_VSA2|EState_VSA3|EState_VSA4|EState_VSA8|EState_VSA9|VSA_EState1|VSA_EState2|VSA_EState3|VSA_EState4|VSA_EState7|VSA_EState8|FractionCSP3|NHOHCount|NumAtomStereoCenters|NumUnspecifiedAtomStereoCenters|MolLogP
SVM,RDKit,56,0.867,0.811,0.8487,0.9512,0.811,0.8277,0.7683,0.8496,0.7761,0.823,0.9451,0.7761,0.7963,0.7371,MutualInformation,MaxAbsEStateIndex|MinEStateIndex|qed|SPS|MolWt|MaxPartialCharge|MinPartialCharge|MaxAbsPartialCharge|BCUT2D_MWHI|BCUT2D_MWLOW|BCUT2D_CHGHI|BCUT2D_CHGLO|BCUT2D_LOGPHI|BCUT2D_LOGPLOW|BCUT2D_MRHI|BCUT2D_MRLOW|AvgIpc|BalabanJ|BertzCT|HallKierAlpha|Kappa2|Kappa3|PEOE_VSA1|PEOE_VSA10|PEOE_VSA11|PEOE_VSA6|PEOE_VSA7|PEOE_VSA8|PEOE_VSA9|SMR_VSA10|SMR_VSA3|SMR_VSA5|SMR_VSA6|SMR_VSA7|SlogP_VSA1|SlogP_VSA3|SlogP_VSA5|TPSA|EState_VSA1|EState_VSA10|EState_VSA2|EState_VSA3|EState_VSA4|EState_VSA8|EState_VSA9|VSA_EState1|VSA_EState2|VSA_EState3|VSA_EState4|VSA_EState7|VSA_EState8|FractionCSP3|NHOHCount|NumAtomStereoCenters|NumUnspecifiedAtomStereoCenters|MolLogP
BiGRU,RDKit,56,0.9143,0.9247,0.8844,0.9756,0.9247,0.9019,0.8588,0.8682,0.8431,0.8167,0.9601,0.8431,0.8281,0.7795,MutualInformation,MaxAbsEStateIndex|MinEStateIndex|qed|SPS|MolWt|MaxPartialCharge|MinPartialCharge|MaxAbsPartialCharge|BCUT2D_MWHI|BCUT2D_MWLOW|BCUT2D_CHGHI|BCUT2D_CHGLO|BCUT2D_LOGPHI|BCUT2D_LOGPLOW|BCUT2D_MRHI|BCUT2D_MRLOW|AvgIpc|BalabanJ|BertzCT|HallKierAlpha|Kappa2|Kappa3|PEOE_VSA1|PEOE_VSA10|PEOE_VSA11|PEOE_VSA6|PEOE_VSA7|PEOE_VSA8|PEOE_VSA9|SMR_VSA10|SMR_VSA3|SMR_VSA5|SMR_VSA6|SMR_VSA7|SlogP_VSA1|SlogP_VSA3|SlogP_VSA5|TPSA|EState_VSA1|EState_VSA10|EState_VSA2|EState_VSA3|EState_VSA4|EState_VSA8|EState_VSA9|VSA_EState1|VSA_EState2|VSA_EState3|VSA_EState4|VSA_EState7|VSA_EState8|FractionCSP3|NHOHCount|NumAtomStereoCenters|NumUnspecifiedAtomStereoCenters|MolLogP
BiLSTM,RDKit,56,0.895,0.9208,0.8647,0.9732,0.9208,0.8861,0.834,0.8578,0.8543,0.8119,0.9622,0.8543,0.8271,0.7719,MutualInformation,MaxAbsEStateIndex|MinEStateIndex|qed|SPS|MolWt|MaxPartialCharge|MinPartialCharge|MaxAbsPartialCharge|BCUT2D_MWHI|BCUT2D_MWLOW|BCUT2D_CHGHI|BCUT2D_CHGLO|BCUT2D_LOGPHI|BCUT2D_LOGPLOW|BCUT2D_MRHI|BCUT2D_MRLOW|AvgIpc|BalabanJ|BertzCT|HallKierAlpha|Kappa2|Kappa3|PEOE_VSA1|PEOE_VSA10|PEOE_VSA11|PEOE_VSA6|PEOE_VSA7|PEOE_VSA8|PEOE_VSA9|SMR_VSA10|SMR_VSA3|SMR_VSA5|SMR_VSA6|SMR_VSA7|SlogP_VSA1|SlogP_VSA3|SlogP_VSA5|TPSA|EState_VSA1|EState_VSA10|EState_VSA2|EState_VSA3|EState_VSA4|EState_VSA8|EState_VSA9|VSA_EState1|VSA_EState2|VSA_EState3|VSA_EState4|VSA_EState7|VSA_EState8|FractionCSP3|NHOHCount|NumAtomStereoCenters|NumUnspecifiedAtomStereoCenters|MolLogP
Logistic Regression,Morgan FP,794,0.8983,0.8786,0.8834,0.9642,0.8786,0.8807,0.8249,0.8224,0.7532,0.7605,0.9428,0.7532,0.7565,0.6959,MutualInformation,fp_bit_0|fp_bit_1|fp_bit_7|fp_bit_8|fp_bit_11|fp_bit_13|fp_bit_17|fp_bit_20|fp_bit_22|fp_bit_25|fp_bit_28|fp_bit_29|fp_bit_31|fp_bit_33|fp_bit_35|fp_bit_36|fp_bit_38|fp_bit_41|fp_bit_43|fp_bit_47|fp_bit_51|fp_bit_54|fp_bit_55|fp_bit_57|fp_bit_60|fp_bit_66|fp_bit_70|fp_bit_74|fp_bit_75|fp_bit_79|fp_bit_80|fp_bit_81|fp_bit_89|fp_bit_92|fp_bit_93|fp_bit_94|fp_bit_98|fp_bit_100|fp_bit_101|fp_bit_102|fp_bit_106|fp_bit_107|fp_bit_108|fp_bit_109|fp_bit_114|fp_bit_115|fp_bit_116|fp_bit_117|fp_bit_118|fp_bit_121|fp_bit_131|fp_bit_132|fp_bit_140|fp_bit_142|fp_bit_144|fp_bit_147|fp_bit_155|fp_bit_158|fp_bit_160|fp_bit_165|fp_bit_166|fp_bit_167|fp_bit_168|fp_bit_170|fp_bit_171|fp_bit_172|fp_bit_173|fp_bit_175|fp_bit_192|fp_bit_193|fp_bit_194|fp_bit_197|fp_bit_204|fp_bit_209|fp_bit_215|fp_bit_216|fp_bit_219|fp_bit_221|fp_bit_222|fp_bit_223|fp_bit_227|fp_bit_229|fp_bit_231|fp_bit_234|fp_bit_240|fp_bit_249|fp_bit_250|fp_bit_253|fp_bit_255|fp_bit_257|fp_bit_261|fp_bit_263|fp_bit_267|fp_bit_268|fp_bit_270|fp_bit_275|fp_bit_277|fp_bit_279|fp_bit_283|fp_bit_290|fp_bit_294|fp_bit_295|fp_bit_298|fp_bit_299|fp_bit_301|fp_bit_305|fp_bit_306|fp_bit_309|fp_bit_313|fp_bit_314|fp_bit_319|fp_bit_322|fp_bit_323|fp_bit_325|fp_bit_335|fp_bit_340|fp_bit_341|fp_bit_344|fp_bit_348|fp_bit_353|fp_bit_354|fp_bit_356|fp_bit_357|fp_bit_360|fp_bit_361|fp_bit_362|fp_bit_369|fp_bit_370|fp_bit_376|fp_bit_378|fp_bit_381|fp_bit_383|fp_bit_384|fp_bit_385|fp_bit_386|fp_bit_389|fp_bit_390|fp_bit_393|fp_bit_394|fp_bit_396|fp_bit_397|fp_bit_400|fp_bit_401|fp_bit_403|fp_bit_409|fp_bit_413|fp_bit_417|fp_bit_418|fp_bit_432|fp_bit_435|fp_bit_438|fp_bit_441|fp_bit_442|fp_bit_443|fp_bit_444|fp_bit_448|fp_bit_454|fp_bit_456|fp_bit_458|fp_bit_461|fp_bit_467|fp_bit_471|fp_bit_472|fp_bit_473|fp_bit_474|fp_bit_477|fp_bit_478|fp_bit_479|fp_bit_482|fp_bit_483|fp_bit_485|fp_bit_486|fp_bit_488|fp_bit_489|fp_bit_492|fp_bit_495|fp_bit_497|fp_bit_501|fp_bit_503|fp_bit_504|fp_bit_506|fp_bit_517|fp_bit_519|fp_bit_520|fp_bit_524|fp_bit_525|fp_bit_526|fp_bit_528|fp_bit_529|fp_bit_530|fp_bit_534|fp_bit_535|fp_bit_538|fp_bit_542|fp_bit_544|fp_bit_548|fp_bit_549|fp_bit_550|fp_bit_552|fp_bit_553|fp_bit_555|fp_bit_556|fp_bit_557|fp_bit_561|fp_bit_564|fp_bit_568|fp_bit_569|fp_bit_572|fp_bit_573|fp_bit_576|fp_bit_577|fp_bit_578|fp_bit_580|fp_bit_585|fp_bit_587|fp_bit_588|fp_bit_589|fp_bit_591|fp_bit_598|fp_bit_599|fp_bit_602|fp_bit_604|fp_bit_605|fp_bit_606|fp_bit_608|fp_bit_610|fp_bit_611|fp_bit_612|fp_bit_614|fp_bit_617|fp_bit_622|fp_bit_623|fp_bit_631|fp_bit_641|fp_bit_643|fp_bit_645|fp_bit_650|fp_bit_651|fp_bit_656|fp_bit_657|fp_bit_663|fp_bit_664|fp_bit_667|fp_bit_669|fp_bit_670|fp_bit_675|fp_bit_677|fp_bit_679|fp_bit_680|fp_bit_688|fp_bit_689|fp_bit_694|fp_bit_695|fp_bit_696|fp_bit_706|fp_bit_711|fp_bit_712|fp_bit_713|fp_bit_715|fp_bit_716|fp_bit_717|fp_bit_722|fp_bit_724|fp_bit_727|fp_bit_728|fp_bit_729|fp_bit_730|fp_bit_733|fp_bit_736|fp_bit_737|fp_bit_738|fp_bit_739|fp_bit_744|fp_bit_747|fp_bit_749|fp_bit_750|fp_bit_752|fp_bit_753|fp_bit_757|fp_bit_759|fp_bit_760|fp_bit_765|fp_bit_766|fp_bit_768|fp_bit_769|fp_bit_775|fp_bit_778|fp_bit_780|fp_bit_781|fp_bit_784|fp_bit_786|fp_bit_787|fp_bit_794|fp_bit_795|fp_bit_797|fp_bit_798|fp_bit_801|fp_bit_802|fp_bit_804|fp_bit_807|fp_bit_810|fp_bit_816|fp_bit_818|fp_bit_821|fp_bit_822|fp_bit_823|fp_bit_827|fp_bit_828|fp_bit_833|fp_bit_835|fp_bit_837|fp_bit_838|fp_bit_841|fp_bit_842|fp_bit_844|fp_bit_845|fp_bit_848|fp_bit_849|fp_bit_850|fp_bit_851|fp_bit_854|fp_bit_857|fp_bit_860|fp_bit_861|fp_bit_863|fp_bit_864|fp_bit_868|fp_bit_869|fp_bit_871|fp_bit_873|fp_bit_875|fp_bit_876|fp_bit_889|fp_bit_890|fp_bit_891|fp_bit_892|fp_bit_894|fp_bit_896|fp_bit_897|fp_bit_899|fp_bit_900|fp_bit_901|fp_bit_904|fp_bit_905|fp_bit_911|fp_bit_912|fp_bit_914|fp_bit_916|fp_bit_918|fp_bit_923|fp_bit_925|fp_bit_926|fp_bit_929|fp_bit_930|fp_bit_932|fp_bit_935|fp_bit_937|fp_bit_941|fp_bit_942|fp_bit_946|fp_bit_950|fp_bit_952|fp_bit_955|fp_bit_957|fp_bit_959|fp_bit_960|fp_bit_962|fp_bit_966|fp_bit_973|fp_bit_976|fp_bit_979|fp_bit_981|fp_bit_983|fp_bit_984|fp_bit_986|fp_bit_987|fp_bit_988|fp_bit_989|fp_bit_991|fp_bit_992|fp_bit_994|fp_bit_998|fp_bit_1004|fp_bit_1007|fp_bit_1014|fp_bit_1017|fp_bit_1018|fp_bit_1019|fp_bit_1026|fp_bit_1027|fp_bit_1029|fp_bit_1031|fp_bit_1033|fp_bit_1034|fp_bit_1036|fp_bit_1037|fp_bit_1046|fp_bit_1049|fp_bit_1054|fp_bit_1057|fp_bit_1058|fp_bit_1060|fp_bit_1065|fp_bit_1066|fp_bit_1070|fp_bit_1074|fp_bit_1075|fp_bit_1077|fp_bit_1081|fp_bit_1083|fp_bit_1085|fp_bit_1086|fp_bit_1088|fp_bit_1089|fp_bit_1091|fp_bit_1095|fp_bit_1096|fp_bit_1097|fp_bit_1098|fp_bit_1099|fp_bit_1102|fp_bit_1104|fp_bit_1105|fp_bit_1110|fp_bit_1114|fp_bit_1118|fp_bit_1119|fp_bit_1126|fp_bit_1130|fp_bit_1132|fp_bit_1134|fp_bit_1135|fp_bit_1136|fp_bit_1138|fp_bit_1141|fp_bit_1142|fp_bit_1143|fp_bit_1144|fp_bit_1145|fp_bit_1152|fp_bit_1153|fp_bit_1154|fp_bit_1155|fp_bit_1157|fp_bit_1160|fp_bit_1162|fp_bit_1163|fp_bit_1169|fp_bit_1171|fp_bit_1174|fp_bit_1176|fp_bit_1185|fp_bit_1195|fp_bit_1196|fp_bit_1199|fp_bit_1200|fp_bit_1201|fp_bit_1205|fp_bit_1210|fp_bit_1214|fp_bit_1215|fp_bit_1216|fp_bit_1217|fp_bit_1218|fp_bit_1219|fp_bit_1223|fp_bit_1224|fp_bit_1229|fp_bit_1233|fp_bit_1234|fp_bit_1241|fp_bit_1243|fp_bit_1249|fp_bit_1253|fp_bit_1255|fp_bit_1256|fp_bit_1257|fp_bit_1258|fp_bit_1259|fp_bit_1263|fp_bit_1264|fp_bit_1265|fp_bit_1267|fp_bit_1269|fp_bit_1270|fp_bit_1273|fp_bit_1274|fp_bit_1275|fp_bit_1282|fp_bit_1284|fp_bit_1287|fp_bit_1289|fp_bit_1290|fp_bit_1292|fp_bit_1294|fp_bit_1296|fp_bit_1297|fp_bit_1302|fp_bit_1303|fp_bit_1304|fp_bit_1307|fp_bit_1308|fp_bit_1309|fp_bit_1312|fp_bit_1313|fp_bit_1314|fp_bit_1322|fp_bit_1323|fp_bit_1324|fp_bit_1325|fp_bit_1327|fp_bit_1332|fp_bit_1333|fp_bit_1336|fp_bit_1343|fp_bit_1344|fp_bit_1346|fp_bit_1347|fp_bit_1349|fp_bit_1351|fp_bit_1355|fp_bit_1356|fp_bit_1357|fp_bit_1360|fp_bit_1366|fp_bit_1375|fp_bit_1379|fp_bit_1380|fp_bit_1381|fp_bit_1385|fp_bit_1386|fp_bit_1391|fp_bit_1392|fp_bit_1393|fp_bit_1394|fp_bit_1397|fp_bit_1398|fp_bit_1399|fp_bit_1403|fp_bit_1406|fp_bit_1407|fp_bit_1411|fp_bit_1413|fp_bit_1414|fp_bit_1420|fp_bit_1422|fp_bit_1423|fp_bit_1424|fp_bit_1430|fp_bit_1431|fp_bit_1434|fp_bit_1435|fp_bit_1436|fp_bit_1438|fp_bit_1439|fp_bit_1440|fp_bit_1444|fp_bit_1448|fp_bit_1449|fp_bit_1450|fp_bit_1452|fp_bit_1457|fp_bit_1458|fp_bit_1459|fp_bit_1460|fp_bit_1461|fp_bit_1462|fp_bit_1463|fp_bit_1464|fp_bit_1468|fp_bit_1469|fp_bit_1470|fp_bit_1472|fp_bit_1475|fp_bit_1477|fp_bit_1480|fp_bit_1482|fp_bit_1483|fp_bit_1487|fp_bit_1490|fp_bit_1492|fp_bit_1496|fp_bit_1500|fp_bit_1502|fp_bit_1505|fp_bit_1508|fp_bit_1509|fp_bit_1511|fp_bit_1515|fp_bit_1516|fp_bit_1517|fp_bit_1518|fp_bit_1522|fp_bit_1527|fp_bit_1529|fp_bit_1530|fp_bit_1531|fp_bit_1533|fp_bit_1534|fp_bit_1535|fp_bit_1543|fp_bit_1545|fp_bit_1547|fp_bit_1549|fp_bit_1552|fp_bit_1553|fp_bit_1558|fp_bit_1560|fp_bit_1562|fp_bit_1564|fp_bit_1566|fp_bit_1571|fp_bit_1572|fp_bit_1573|fp_bit_1574|fp_bit_1575|fp_bit_1577|fp_bit_1581|fp_bit_1582|fp_bit_1586|fp_bit_1588|fp_bit_1600|fp_bit_1602|fp_bit_1604|fp_bit_1612|fp_bit_1614|fp_bit_1615|fp_bit_1616|fp_bit_1618|fp_bit_1622|fp_bit_1624|fp_bit_1626|fp_bit_1631|fp_bit_1634|fp_bit_1636|fp_bit_1637|fp_bit_1645|fp_bit_1646|fp_bit_1651|fp_bit_1652|fp_bit_1653|fp_bit_1657|fp_bit_1660|fp_bit_1671|fp_bit_1681|fp_bit_1683|fp_bit_1687|fp_bit_1690|fp_bit_1691|fp_bit_1695|fp_bit_1696|fp_bit_1697|fp_bit_1710|fp_bit_1711|fp_bit_1715|fp_bit_1716|fp_bit_1717|fp_bit_1722|fp_bit_1724|fp_bit_1727|fp_bit_1729|fp_bit_1731|fp_bit_1732|fp_bit_1737|fp_bit_1738|fp_bit_1739|fp_bit_1740|fp_bit_1743|fp_bit_1745|fp_bit_1747|fp_bit_1750|fp_bit_1753|fp_bit_1754|fp_bit_1755|fp_bit_1762|fp_bit_1764|fp_bit_1766|fp_bit_1768|fp_bit_1773|fp_bit_1776|fp_bit_1778|fp_bit_1781|fp_bit_1785|fp_bit_1788|fp_bit_1791|fp_bit_1796|fp_bit_1800|fp_bit_1803|fp_bit_1804|fp_bit_1806|fp_bit_1810|fp_bit_1814|fp_bit_1815|fp_bit_1816|fp_bit_1819|fp_bit_1821|fp_bit_1823|fp_bit_1827|fp_bit_1828|fp_bit_1829|fp_bit_1831|fp_bit_1835|fp_bit_1837|fp_bit_1838|fp_bit_1844|fp_bit_1847|fp_bit_1848|fp_bit_1849|fp_bit_1850|fp_bit_1855|fp_bit_1863|fp_bit_1865|fp_bit_1866|fp_bit_1868|fp_bit_1869|fp_bit_1870|fp_bit_1871|fp_bit_1873|fp_bit_1877|fp_bit_1878|fp_bit_1879|fp_bit_1881|fp_bit_1882|fp_bit_1883|fp_bit_1885|fp_bit_1888|fp_bit_1896|fp_bit_1898|fp_bit_1902|fp_bit_1904|fp_bit_1907|fp_bit_1911|fp_bit_1912|fp_bit_1917|fp_bit_1920|fp_bit_1921|fp_bit_1922|fp_bit_1923|fp_bit_1926|fp_bit_1934|fp_bit_1936|fp_bit_1937|fp_bit_1938|fp_bit_1939|fp_bit_1943|fp_bit_1945|fp_bit_1950|fp_bit_1951|fp_bit_1955|fp_bit_1956|fp_bit_1958|fp_bit_1959|fp_bit_1962|fp_bit_1963|fp_bit_1965|fp_bit_1966|fp_bit_1968|fp_bit_1970|fp_bit_1972|fp_bit_1974|fp_bit_1977|fp_bit_1978|fp_bit_1981|fp_bit_1983|fp_bit_1984|fp_bit_1985|fp_bit_1986|fp_bit_1988|fp_bit_1989|fp_bit_1991|fp_bit_1992|fp_bit_1997|fp_bit_2001|fp_bit_2005|fp_bit_2006|fp_bit_2010|fp_bit_2011|fp_bit_2012|fp_bit_2013|fp_bit_2014|fp_bit_2016|fp_bit_2017|fp_bit_2018|fp_bit_2020|fp_bit_2022|fp_bit_2024|fp_bit_2028|fp_bit_2029|fp_bit_2030|fp_bit_2035|fp_bit_2038|fp_bit_2040|fp_bit_2041|fp_bit_2046
Decision Tree,Morgan FP,794,0.9835,0.973,0.9867,0.9932,0.973,0.9796,0.9718,0.8421,0.7741,0.7854,0.9482,0.7741,0.7793,0.7288,MutualInformation,fp_bit_0|fp_bit_1|fp_bit_7|fp_bit_8|fp_bit_11|fp_bit_13|fp_bit_17|fp_bit_20|fp_bit_22|fp_bit_25|fp_bit_28|fp_bit_29|fp_bit_31|fp_bit_33|fp_bit_35|fp_bit_36|fp_bit_38|fp_bit_41|fp_bit_43|fp_bit_47|fp_bit_51|fp_bit_54|fp_bit_55|fp_bit_57|fp_bit_60|fp_bit_66|fp_bit_70|fp_bit_74|fp_bit_75|fp_bit_79|fp_bit_80|fp_bit_81|fp_bit_89|fp_bit_92|fp_bit_93|fp_bit_94|fp_bit_98|fp_bit_100|fp_bit_101|fp_bit_102|fp_bit_106|fp_bit_107|fp_bit_108|fp_bit_109|fp_bit_114|fp_bit_115|fp_bit_116|fp_bit_117|fp_bit_118|fp_bit_121|fp_bit_131|fp_bit_132|fp_bit_140|fp_bit_142|fp_bit_144|fp_bit_147|fp_bit_155|fp_bit_158|fp_bit_160|fp_bit_165|fp_bit_166|fp_bit_167|fp_bit_168|fp_bit_170|fp_bit_171|fp_bit_172|fp_bit_173|fp_bit_175|fp_bit_192|fp_bit_193|fp_bit_194|fp_bit_197|fp_bit_204|fp_bit_209|fp_bit_215|fp_bit_216|fp_bit_219|fp_bit_221|fp_bit_222|fp_bit_223|fp_bit_227|fp_bit_229|fp_bit_231|fp_bit_234|fp_bit_240|fp_bit_249|fp_bit_250|fp_bit_253|fp_bit_255|fp_bit_257|fp_bit_261|fp_bit_263|fp_bit_267|fp_bit_268|fp_bit_270|fp_bit_275|fp_bit_277|fp_bit_279|fp_bit_283|fp_bit_290|fp_bit_294|fp_bit_295|fp_bit_298|fp_bit_299|fp_bit_301|fp_bit_305|fp_bit_306|fp_bit_309|fp_bit_313|fp_bit_314|fp_bit_319|fp_bit_322|fp_bit_323|fp_bit_325|fp_bit_335|fp_bit_340|fp_bit_341|fp_bit_344|fp_bit_348|fp_bit_353|fp_bit_354|fp_bit_356|fp_bit_357|fp_bit_360|fp_bit_361|fp_bit_362|fp_bit_369|fp_bit_370|fp_bit_376|fp_bit_378|fp_bit_381|fp_bit_383|fp_bit_384|fp_bit_385|fp_bit_386|fp_bit_389|fp_bit_390|fp_bit_393|fp_bit_394|fp_bit_396|fp_bit_397|fp_bit_400|fp_bit_401|fp_bit_403|fp_bit_409|fp_bit_413|fp_bit_417|fp_bit_418|fp_bit_432|fp_bit_435|fp_bit_438|fp_bit_441|fp_bit_442|fp_bit_443|fp_bit_444|fp_bit_448|fp_bit_454|fp_bit_456|fp_bit_458|fp_bit_461|fp_bit_467|fp_bit_471|fp_bit_472|fp_bit_473|fp_bit_474|fp_bit_477|fp_bit_478|fp_bit_479|fp_bit_482|fp_bit_483|fp_bit_485|fp_bit_486|fp_bit_488|fp_bit_489|fp_bit_492|fp_bit_495|fp_bit_497|fp_bit_501|fp_bit_503|fp_bit_504|fp_bit_506|fp_bit_517|fp_bit_519|fp_bit_520|fp_bit_524|fp_bit_525|fp_bit_526|fp_bit_528|fp_bit_529|fp_bit_530|fp_bit_534|fp_bit_535|fp_bit_538|fp_bit_542|fp_bit_544|fp_bit_548|fp_bit_549|fp_bit_550|fp_bit_552|fp_bit_553|fp_bit_555|fp_bit_556|fp_bit_557|fp_bit_561|fp_bit_564|fp_bit_568|fp_bit_569|fp_bit_572|fp_bit_573|fp_bit_576|fp_bit_577|fp_bit_578|fp_bit_580|fp_bit_585|fp_bit_587|fp_bit_588|fp_bit_589|fp_bit_591|fp_bit_598|fp_bit_599|fp_bit_602|fp_bit_604|fp_bit_605|fp_bit_606|fp_bit_608|fp_bit_610|fp_bit_611|fp_bit_612|fp_bit_614|fp_bit_617|fp_bit_622|fp_bit_623|fp_bit_631|fp_bit_641|fp_bit_643|fp_bit_645|fp_bit_650|fp_bit_651|fp_bit_656|fp_bit_657|fp_bit_663|fp_bit_664|fp_bit_667|fp_bit_669|fp_bit_670|fp_bit_675|fp_bit_677|fp_bit_679|fp_bit_680|fp_bit_688|fp_bit_689|fp_bit_694|fp_bit_695|fp_bit_696|fp_bit_706|fp_bit_711|fp_bit_712|fp_bit_713|fp_bit_715|fp_bit_716|fp_bit_717|fp_bit_722|fp_bit_724|fp_bit_727|fp_bit_728|fp_bit_729|fp_bit_730|fp_bit_733|fp_bit_736|fp_bit_737|fp_bit_738|fp_bit_739|fp_bit_744|fp_bit_747|fp_bit_749|fp_bit_750|fp_bit_752|fp_bit_753|fp_bit_757|fp_bit_759|fp_bit_760|fp_bit_765|fp_bit_766|fp_bit_768|fp_bit_769|fp_bit_775|fp_bit_778|fp_bit_780|fp_bit_781|fp_bit_784|fp_bit_786|fp_bit_787|fp_bit_794|fp_bit_795|fp_bit_797|fp_bit_798|fp_bit_801|fp_bit_802|fp_bit_804|fp_bit_807|fp_bit_810|fp_bit_816|fp_bit_818|fp_bit_821|fp_bit_822|fp_bit_823|fp_bit_827|fp_bit_828|fp_bit_833|fp_bit_835|fp_bit_837|fp_bit_838|fp_bit_841|fp_bit_842|fp_bit_844|fp_bit_845|fp_bit_848|fp_bit_849|fp_bit_850|fp_bit_851|fp_bit_854|fp_bit_857|fp_bit_860|fp_bit_861|fp_bit_863|fp_bit_864|fp_bit_868|fp_bit_869|fp_bit_871|fp_bit_873|fp_bit_875|fp_bit_876|fp_bit_889|fp_bit_890|fp_bit_891|fp_bit_892|fp_bit_894|fp_bit_896|fp_bit_897|fp_bit_899|fp_bit_900|fp_bit_901|fp_bit_904|fp_bit_905|fp_bit_911|fp_bit_912|fp_bit_914|fp_bit_916|fp_bit_918|fp_bit_923|fp_bit_925|fp_bit_926|fp_bit_929|fp_bit_930|fp_bit_932|fp_bit_935|fp_bit_937|fp_bit_941|fp_bit_942|fp_bit_946|fp_bit_950|fp_bit_952|fp_bit_955|fp_bit_957|fp_bit_959|fp_bit_960|fp_bit_962|fp_bit_966|fp_bit_973|fp_bit_976|fp_bit_979|fp_bit_981|fp_bit_983|fp_bit_984|fp_bit_986|fp_bit_987|fp_bit_988|fp_bit_989|fp_bit_991|fp_bit_992|fp_bit_994|fp_bit_998|fp_bit_1004|fp_bit_1007|fp_bit_1014|fp_bit_1017|fp_bit_1018|fp_bit_1019|fp_bit_1026|fp_bit_1027|fp_bit_1029|fp_bit_1031|fp_bit_1033|fp_bit_1034|fp_bit_1036|fp_bit_1037|fp_bit_1046|fp_bit_1049|fp_bit_1054|fp_bit_1057|fp_bit_1058|fp_bit_1060|fp_bit_1065|fp_bit_1066|fp_bit_1070|fp_bit_1074|fp_bit_1075|fp_bit_1077|fp_bit_1081|fp_bit_1083|fp_bit_1085|fp_bit_1086|fp_bit_1088|fp_bit_1089|fp_bit_1091|fp_bit_1095|fp_bit_1096|fp_bit_1097|fp_bit_1098|fp_bit_1099|fp_bit_1102|fp_bit_1104|fp_bit_1105|fp_bit_1110|fp_bit_1114|fp_bit_1118|fp_bit_1119|fp_bit_1126|fp_bit_1130|fp_bit_1132|fp_bit_1134|fp_bit_1135|fp_bit_1136|fp_bit_1138|fp_bit_1141|fp_bit_1142|fp_bit_1143|fp_bit_1144|fp_bit_1145|fp_bit_1152|fp_bit_1153|fp_bit_1154|fp_bit_1155|fp_bit_1157|fp_bit_1160|fp_bit_1162|fp_bit_1163|fp_bit_1169|fp_bit_1171|fp_bit_1174|fp_bit_1176|fp_bit_1185|fp_bit_1195|fp_bit_1196|fp_bit_1199|fp_bit_1200|fp_bit_1201|fp_bit_1205|fp_bit_1210|fp_bit_1214|fp_bit_1215|fp_bit_1216|fp_bit_1217|fp_bit_1218|fp_bit_1219|fp_bit_1223|fp_bit_1224|fp_bit_1229|fp_bit_1233|fp_bit_1234|fp_bit_1241|fp_bit_1243|fp_bit_1249|fp_bit_1253|fp_bit_1255|fp_bit_1256|fp_bit_1257|fp_bit_1258|fp_bit_1259|fp_bit_1263|fp_bit_1264|fp_bit_1265|fp_bit_1267|fp_bit_1269|fp_bit_1270|fp_bit_1273|fp_bit_1274|fp_bit_1275|fp_bit_1282|fp_bit_1284|fp_bit_1287|fp_bit_1289|fp_bit_1290|fp_bit_1292|fp_bit_1294|fp_bit_1296|fp_bit_1297|fp_bit_1302|fp_bit_1303|fp_bit_1304|fp_bit_1307|fp_bit_1308|fp_bit_1309|fp_bit_1312|fp_bit_1313|fp_bit_1314|fp_bit_1322|fp_bit_1323|fp_bit_1324|fp_bit_1325|fp_bit_1327|fp_bit_1332|fp_bit_1333|fp_bit_1336|fp_bit_1343|fp_bit_1344|fp_bit_1346|fp_bit_1347|fp_bit_1349|fp_bit_1351|fp_bit_1355|fp_bit_1356|fp_bit_1357|fp_bit_1360|fp_bit_1366|fp_bit_1375|fp_bit_1379|fp_bit_1380|fp_bit_1381|fp_bit_1385|fp_bit_1386|fp_bit_1391|fp_bit_1392|fp_bit_1393|fp_bit_1394|fp_bit_1397|fp_bit_1398|fp_bit_1399|fp_bit_1403|fp_bit_1406|fp_bit_1407|fp_bit_1411|fp_bit_1413|fp_bit_1414|fp_bit_1420|fp_bit_1422|fp_bit_1423|fp_bit_1424|fp_bit_1430|fp_bit_1431|fp_bit_1434|fp_bit_1435|fp_bit_1436|fp_bit_1438|fp_bit_1439|fp_bit_1440|fp_bit_1444|fp_bit_1448|fp_bit_1449|fp_bit_1450|fp_bit_1452|fp_bit_1457|fp_bit_1458|fp_bit_1459|fp_bit_1460|fp_bit_1461|fp_bit_1462|fp_bit_1463|fp_bit_1464|fp_bit_1468|fp_bit_1469|fp_bit_1470|fp_bit_1472|fp_bit_1475|fp_bit_1477|fp_bit_1480|fp_bit_1482|fp_bit_1483|fp_bit_1487|fp_bit_1490|fp_bit_1492|fp_bit_1496|fp_bit_1500|fp_bit_1502|fp_bit_1505|fp_bit_1508|fp_bit_1509|fp_bit_1511|fp_bit_1515|fp_bit_1516|fp_bit_1517|fp_bit_1518|fp_bit_1522|fp_bit_1527|fp_bit_1529|fp_bit_1530|fp_bit_1531|fp_bit_1533|fp_bit_1534|fp_bit_1535|fp_bit_1543|fp_bit_1545|fp_bit_1547|fp_bit_1549|fp_bit_1552|fp_bit_1553|fp_bit_1558|fp_bit_1560|fp_bit_1562|fp_bit_1564|fp_bit_1566|fp_bit_1571|fp_bit_1572|fp_bit_1573|fp_bit_1574|fp_bit_1575|fp_bit_1577|fp_bit_1581|fp_bit_1582|fp_bit_1586|fp_bit_1588|fp_bit_1600|fp_bit_1602|fp_bit_1604|fp_bit_1612|fp_bit_1614|fp_bit_1615|fp_bit_1616|fp_bit_1618|fp_bit_1622|fp_bit_1624|fp_bit_1626|fp_bit_1631|fp_bit_1634|fp_bit_1636|fp_bit_1637|fp_bit_1645|fp_bit_1646|fp_bit_1651|fp_bit_1652|fp_bit_1653|fp_bit_1657|fp_bit_1660|fp_bit_1671|fp_bit_1681|fp_bit_1683|fp_bit_1687|fp_bit_1690|fp_bit_1691|fp_bit_1695|fp_bit_1696|fp_bit_1697|fp_bit_1710|fp_bit_1711|fp_bit_1715|fp_bit_1716|fp_bit_1717|fp_bit_1722|fp_bit_1724|fp_bit_1727|fp_bit_1729|fp_bit_1731|fp_bit_1732|fp_bit_1737|fp_bit_1738|fp_bit_1739|fp_bit_1740|fp_bit_1743|fp_bit_1745|fp_bit_1747|fp_bit_1750|fp_bit_1753|fp_bit_1754|fp_bit_1755|fp_bit_1762|fp_bit_1764|fp_bit_1766|fp_bit_1768|fp_bit_1773|fp_bit_1776|fp_bit_1778|fp_bit_1781|fp_bit_1785|fp_bit_1788|fp_bit_1791|fp_bit_1796|fp_bit_1800|fp_bit_1803|fp_bit_1804|fp_bit_1806|fp_bit_1810|fp_bit_1814|fp_bit_1815|fp_bit_1816|fp_bit_1819|fp_bit_1821|fp_bit_1823|fp_bit_1827|fp_bit_1828|fp_bit_1829|fp_bit_1831|fp_bit_1835|fp_bit_1837|fp_bit_1838|fp_bit_1844|fp_bit_1847|fp_bit_1848|fp_bit_1849|fp_bit_1850|fp_bit_1855|fp_bit_1863|fp_bit_1865|fp_bit_1866|fp_bit_1868|fp_bit_1869|fp_bit_1870|fp_bit_1871|fp_bit_1873|fp_bit_1877|fp_bit_1878|fp_bit_1879|fp_bit_1881|fp_bit_1882|fp_bit_1883|fp_bit_1885|fp_bit_1888|fp_bit_1896|fp_bit_1898|fp_bit_1902|fp_bit_1904|fp_bit_1907|fp_bit_1911|fp_bit_1912|fp_bit_1917|fp_bit_1920|fp_bit_1921|fp_bit_1922|fp_bit_1923|fp_bit_1926|fp_bit_1934|fp_bit_1936|fp_bit_1937|fp_bit_1938|fp_bit_1939|fp_bit_1943|fp_bit_1945|fp_bit_1950|fp_bit_1951|fp_bit_1955|fp_bit_1956|fp_bit_1958|fp_bit_1959|fp_bit_1962|fp_bit_1963|fp_bit_1965|fp_bit_1966|fp_bit_1968|fp_bit_1970|fp_bit_1972|fp_bit_1974|fp_bit_1977|fp_bit_1978|fp_bit_1981|fp_bit_1983|fp_bit_1984|fp_bit_1985|fp_bit_1986|fp_bit_1988|fp_bit_1989|fp_bit_1991|fp_bit_1992|fp_bit_1997|fp_bit_2001|fp_bit_2005|fp_bit_2006|fp_bit_2010|fp_bit_2011|fp_bit_2012|fp_bit_2013|fp_bit_2014|fp_bit_2016|fp_bit_2017|fp_bit_2018|fp_bit_2020|fp_bit_2022|fp_bit_2024|fp_bit_2028|fp_bit_2029|fp_bit_2030|fp_bit_2035|fp_bit_2038|fp_bit_2040|fp_bit_2041|fp_bit_2046
Random Forest,Morgan FP,794,0.9835,0.9801,0.9798,0.9945,0.9801,0.98,0.9718,0.8757,0.8245,0.8401,0.9574,0.8245,0.8315,0.7854,MutualInformation,fp_bit_0|fp_bit_1|fp_bit_7|fp_bit_8|fp_bit_11|fp_bit_13|fp_bit_17|fp_bit_20|fp_bit_22|fp_bit_25|fp_bit_28|fp_bit_29|fp_bit_31|fp_bit_33|fp_bit_35|fp_bit_36|fp_bit_38|fp_bit_41|fp_bit_43|fp_bit_47|fp_bit_51|fp_bit_54|fp_bit_55|fp_bit_57|fp_bit_60|fp_bit_66|fp_bit_70|fp_bit_74|fp_bit_75|fp_bit_79|fp_bit_80|fp_bit_81|fp_bit_89|fp_bit_92|fp_bit_93|fp_bit_94|fp_bit_98|fp_bit_100|fp_bit_101|fp_bit_102|fp_bit_106|fp_bit_107|fp_bit_108|fp_bit_109|fp_bit_114|fp_bit_115|fp_bit_116|fp_bit_117|fp_bit_118|fp_bit_121|fp_bit_131|fp_bit_132|fp_bit_140|fp_bit_142|fp_bit_144|fp_bit_147|fp_bit_155|fp_bit_158|fp_bit_160|fp_bit_165|fp_bit_166|fp_bit_167|fp_bit_168|fp_bit_170|fp_bit_171|fp_bit_172|fp_bit_173|fp_bit_175|fp_bit_192|fp_bit_193|fp_bit_194|fp_bit_197|fp_bit_204|fp_bit_209|fp_bit_215|fp_bit_216|fp_bit_219|fp_bit_221|fp_bit_222|fp_bit_223|fp_bit_227|fp_bit_229|fp_bit_231|fp_bit_234|fp_bit_240|fp_bit_249|fp_bit_250|fp_bit_253|fp_bit_255|fp_bit_257|fp_bit_261|fp_bit_263|fp_bit_267|fp_bit_268|fp_bit_270|fp_bit_275|fp_bit_277|fp_bit_279|fp_bit_283|fp_bit_290|fp_bit_294|fp_bit_295|fp_bit_298|fp_bit_299|fp_bit_301|fp_bit_305|fp_bit_306|fp_bit_309|fp_bit_313|fp_bit_314|fp_bit_319|fp_bit_322|fp_bit_323|fp_bit_325|fp_bit_335|fp_bit_340|fp_bit_341|fp_bit_344|fp_bit_348|fp_bit_353|fp_bit_354|fp_bit_356|fp_bit_357|fp_bit_360|fp_bit_361|fp_bit_362|fp_bit_369|fp_bit_370|fp_bit_376|fp_bit_378|fp_bit_381|fp_bit_383|fp_bit_384|fp_bit_385|fp_bit_386|fp_bit_389|fp_bit_390|fp_bit_393|fp_bit_394|fp_bit_396|fp_bit_397|fp_bit_400|fp_bit_401|fp_bit_403|fp_bit_409|fp_bit_413|fp_bit_417|fp_bit_418|fp_bit_432|fp_bit_435|fp_bit_438|fp_bit_441|fp_bit_442|fp_bit_443|fp_bit_444|fp_bit_448|fp_bit_454|fp_bit_456|fp_bit_458|fp_bit_461|fp_bit_467|fp_bit_471|fp_bit_472|fp_bit_473|fp_bit_474|fp_bit_477|fp_bit_478|fp_bit_479|fp_bit_482|fp_bit_483|fp_bit_485|fp_bit_486|fp_bit_488|fp_bit_489|fp_bit_492|fp_bit_495|fp_bit_497|fp_bit_501|fp_bit_503|fp_bit_504|fp_bit_506|fp_bit_517|fp_bit_519|fp_bit_520|fp_bit_524|fp_bit_525|fp_bit_526|fp_bit_528|fp_bit_529|fp_bit_530|fp_bit_534|fp_bit_535|fp_bit_538|fp_bit_542|fp_bit_544|fp_bit_548|fp_bit_549|fp_bit_550|fp_bit_552|fp_bit_553|fp_bit_555|fp_bit_556|fp_bit_557|fp_bit_561|fp_bit_564|fp_bit_568|fp_bit_569|fp_bit_572|fp_bit_573|fp_bit_576|fp_bit_577|fp_bit_578|fp_bit_580|fp_bit_585|fp_bit_587|fp_bit_588|fp_bit_589|fp_bit_591|fp_bit_598|fp_bit_599|fp_bit_602|fp_bit_604|fp_bit_605|fp_bit_606|fp_bit_608|fp_bit_610|fp_bit_611|fp_bit_612|fp_bit_614|fp_bit_617|fp_bit_622|fp_bit_623|fp_bit_631|fp_bit_641|fp_bit_643|fp_bit_645|fp_bit_650|fp_bit_651|fp_bit_656|fp_bit_657|fp_bit_663|fp_bit_664|fp_bit_667|fp_bit_669|fp_bit_670|fp_bit_675|fp_bit_677|fp_bit_679|fp_bit_680|fp_bit_688|fp_bit_689|fp_bit_694|fp_bit_695|fp_bit_696|fp_bit_706|fp_bit_711|fp_bit_712|fp_bit_713|fp_bit_715|fp_bit_716|fp_bit_717|fp_bit_722|fp_bit_724|fp_bit_727|fp_bit_728|fp_bit_729|fp_bit_730|fp_bit_733|fp_bit_736|fp_bit_737|fp_bit_738|fp_bit_739|fp_bit_744|fp_bit_747|fp_bit_749|fp_bit_750|fp_bit_752|fp_bit_753|fp_bit_757|fp_bit_759|fp_bit_760|fp_bit_765|fp_bit_766|fp_bit_768|fp_bit_769|fp_bit_775|fp_bit_778|fp_bit_780|fp_bit_781|fp_bit_784|fp_bit_786|fp_bit_787|fp_bit_794|fp_bit_795|fp_bit_797|fp_bit_798|fp_bit_801|fp_bit_802|fp_bit_804|fp_bit_807|fp_bit_810|fp_bit_816|fp_bit_818|fp_bit_821|fp_bit_822|fp_bit_823|fp_bit_827|fp_bit_828|fp_bit_833|fp_bit_835|fp_bit_837|fp_bit_838|fp_bit_841|fp_bit_842|fp_bit_844|fp_bit_845|fp_bit_848|fp_bit_849|fp_bit_850|fp_bit_851|fp_bit_854|fp_bit_857|fp_bit_860|fp_bit_861|fp_bit_863|fp_bit_864|fp_bit_868|fp_bit_869|fp_bit_871|fp_bit_873|fp_bit_875|fp_bit_876|fp_bit_889|fp_bit_890|fp_bit_891|fp_bit_892|fp_bit_894|fp_bit_896|fp_bit_897|fp_bit_899|fp_bit_900|fp_bit_901|fp_bit_904|fp_bit_905|fp_bit_911|fp_bit_912|fp_bit_914|fp_bit_916|fp_bit_918|fp_bit_923|fp_bit_925|fp_bit_926|fp_bit_929|fp_bit_930|fp_bit_932|fp_bit_935|fp_bit_937|fp_bit_941|fp_bit_942|fp_bit_946|fp_bit_950|fp_bit_952|fp_bit_955|fp_bit_957|fp_bit_959|fp_bit_960|fp_bit_962|fp_bit_966|fp_bit_973|fp_bit_976|fp_bit_979|fp_bit_981|fp_bit_983|fp_bit_984|fp_bit_986|fp_bit_987|fp_bit_988|fp_bit_989|fp_bit_991|fp_bit_992|fp_bit_994|fp_bit_998|fp_bit_1004|fp_bit_1007|fp_bit_1014|fp_bit_1017|fp_bit_1018|fp_bit_1019|fp_bit_1026|fp_bit_1027|fp_bit_1029|fp_bit_1031|fp_bit_1033|fp_bit_1034|fp_bit_1036|fp_bit_1037|fp_bit_1046|fp_bit_1049|fp_bit_1054|fp_bit_1057|fp_bit_1058|fp_bit_1060|fp_bit_1065|fp_bit_1066|fp_bit_1070|fp_bit_1074|fp_bit_1075|fp_bit_1077|fp_bit_1081|fp_bit_1083|fp_bit_1085|fp_bit_1086|fp_bit_1088|fp_bit_1089|fp_bit_1091|fp_bit_1095|fp_bit_1096|fp_bit_1097|fp_bit_1098|fp_bit_1099|fp_bit_1102|fp_bit_1104|fp_bit_1105|fp_bit_1110|fp_bit_1114|fp_bit_1118|fp_bit_1119|fp_bit_1126|fp_bit_1130|fp_bit_1132|fp_bit_1134|fp_bit_1135|fp_bit_1136|fp_bit_1138|fp_bit_1141|fp_bit_1142|fp_bit_1143|fp_bit_1144|fp_bit_1145|fp_bit_1152|fp_bit_1153|fp_bit_1154|fp_bit_1155|fp_bit_1157|fp_bit_1160|fp_bit_1162|fp_bit_1163|fp_bit_1169|fp_bit_1171|fp_bit_1174|fp_bit_1176|fp_bit_1185|fp_bit_1195|fp_bit_1196|fp_bit_1199|fp_bit_1200|fp_bit_1201|fp_bit_1205|fp_bit_1210|fp_bit_1214|fp_bit_1215|fp_bit_1216|fp_bit_1217|fp_bit_1218|fp_bit_1219|fp_bit_1223|fp_bit_1224|fp_bit_1229|fp_bit_1233|fp_bit_1234|fp_bit_1241|fp_bit_1243|fp_bit_1249|fp_bit_1253|fp_bit_1255|fp_bit_1256|fp_bit_1257|fp_bit_1258|fp_bit_1259|fp_bit_1263|fp_bit_1264|fp_bit_1265|fp_bit_1267|fp_bit_1269|fp_bit_1270|fp_bit_1273|fp_bit_1274|fp_bit_1275|fp_bit_1282|fp_bit_1284|fp_bit_1287|fp_bit_1289|fp_bit_1290|fp_bit_1292|fp_bit_1294|fp_bit_1296|fp_bit_1297|fp_bit_1302|fp_bit_1303|fp_bit_1304|fp_bit_1307|fp_bit_1308|fp_bit_1309|fp_bit_1312|fp_bit_1313|fp_bit_1314|fp_bit_1322|fp_bit_1323|fp_bit_1324|fp_bit_1325|fp_bit_1327|fp_bit_1332|fp_bit_1333|fp_bit_1336|fp_bit_1343|fp_bit_1344|fp_bit_1346|fp_bit_1347|fp_bit_1349|fp_bit_1351|fp_bit_1355|fp_bit_1356|fp_bit_1357|fp_bit_1360|fp_bit_1366|fp_bit_1375|fp_bit_1379|fp_bit_1380|fp_bit_1381|fp_bit_1385|fp_bit_1386|fp_bit_1391|fp_bit_1392|fp_bit_1393|fp_bit_1394|fp_bit_1397|fp_bit_1398|fp_bit_1399|fp_bit_1403|fp_bit_1406|fp_bit_1407|fp_bit_1411|fp_bit_1413|fp_bit_1414|fp_bit_1420|fp_bit_1422|fp_bit_1423|fp_bit_1424|fp_bit_1430|fp_bit_1431|fp_bit_1434|fp_bit_1435|fp_bit_1436|fp_bit_1438|fp_bit_1439|fp_bit_1440|fp_bit_1444|fp_bit_1448|fp_bit_1449|fp_bit_1450|fp_bit_1452|fp_bit_1457|fp_bit_1458|fp_bit_1459|fp_bit_1460|fp_bit_1461|fp_bit_1462|fp_bit_1463|fp_bit_1464|fp_bit_1468|fp_bit_1469|fp_bit_1470|fp_bit_1472|fp_bit_1475|fp_bit_1477|fp_bit_1480|fp_bit_1482|fp_bit_1483|fp_bit_1487|fp_bit_1490|fp_bit_1492|fp_bit_1496|fp_bit_1500|fp_bit_1502|fp_bit_1505|fp_bit_1508|fp_bit_1509|fp_bit_1511|fp_bit_1515|fp_bit_1516|fp_bit_1517|fp_bit_1518|fp_bit_1522|fp_bit_1527|fp_bit_1529|fp_bit_1530|fp_bit_1531|fp_bit_1533|fp_bit_1534|fp_bit_1535|fp_bit_1543|fp_bit_1545|fp_bit_1547|fp_bit_1549|fp_bit_1552|fp_bit_1553|fp_bit_1558|fp_bit_1560|fp_bit_1562|fp_bit_1564|fp_bit_1566|fp_bit_1571|fp_bit_1572|fp_bit_1573|fp_bit_1574|fp_bit_1575|fp_bit_1577|fp_bit_1581|fp_bit_1582|fp_bit_1586|fp_bit_1588|fp_bit_1600|fp_bit_1602|fp_bit_1604|fp_bit_1612|fp_bit_1614|fp_bit_1615|fp_bit_1616|fp_bit_1618|fp_bit_1622|fp_bit_1624|fp_bit_1626|fp_bit_1631|fp_bit_1634|fp_bit_1636|fp_bit_1637|fp_bit_1645|fp_bit_1646|fp_bit_1651|fp_bit_1652|fp_bit_1653|fp_bit_1657|fp_bit_1660|fp_bit_1671|fp_bit_1681|fp_bit_1683|fp_bit_1687|fp_bit_1690|fp_bit_1691|fp_bit_1695|fp_bit_1696|fp_bit_1697|fp_bit_1710|fp_bit_1711|fp_bit_1715|fp_bit_1716|fp_bit_1717|fp_bit_1722|fp_bit_1724|fp_bit_1727|fp_bit_1729|fp_bit_1731|fp_bit_1732|fp_bit_1737|fp_bit_1738|fp_bit_1739|fp_bit_1740|fp_bit_1743|fp_bit_1745|fp_bit_1747|fp_bit_1750|fp_bit_1753|fp_bit_1754|fp_bit_1755|fp_bit_1762|fp_bit_1764|fp_bit_1766|fp_bit_1768|fp_bit_1773|fp_bit_1776|fp_bit_1778|fp_bit_1781|fp_bit_1785|fp_bit_1788|fp_bit_1791|fp_bit_1796|fp_bit_1800|fp_bit_1803|fp_bit_1804|fp_bit_1806|fp_bit_1810|fp_bit_1814|fp_bit_1815|fp_bit_1816|fp_bit_1819|fp_bit_1821|fp_bit_1823|fp_bit_1827|fp_bit_1828|fp_bit_1829|fp_bit_1831|fp_bit_1835|fp_bit_1837|fp_bit_1838|fp_bit_1844|fp_bit_1847|fp_bit_1848|fp_bit_1849|fp_bit_1850|fp_bit_1855|fp_bit_1863|fp_bit_1865|fp_bit_1866|fp_bit_1868|fp_bit_1869|fp_bit_1870|fp_bit_1871|fp_bit_1873|fp_bit_1877|fp_bit_1878|fp_bit_1879|fp_bit_1881|fp_bit_1882|fp_bit_1883|fp_bit_1885|fp_bit_1888|fp_bit_1896|fp_bit_1898|fp_bit_1902|fp_bit_1904|fp_bit_1907|fp_bit_1911|fp_bit_1912|fp_bit_1917|fp_bit_1920|fp_bit_1921|fp_bit_1922|fp_bit_1923|fp_bit_1926|fp_bit_1934|fp_bit_1936|fp_bit_1937|fp_bit_1938|fp_bit_1939|fp_bit_1943|fp_bit_1945|fp_bit_1950|fp_bit_1951|fp_bit_1955|fp_bit_1956|fp_bit_1958|fp_bit_1959|fp_bit_1962|fp_bit_1963|fp_bit_1965|fp_bit_1966|fp_bit_1968|fp_bit_1970|fp_bit_1972|fp_bit_1974|fp_bit_1977|fp_bit_1978|fp_bit_1981|fp_bit_1983|fp_bit_1984|fp_bit_1985|fp_bit_1986|fp_bit_1988|fp_bit_1989|fp_bit_1991|fp_bit_1992|fp_bit_1997|fp_bit_2001|fp_bit_2005|fp_bit_2006|fp_bit_2010|fp_bit_2011|fp_bit_2012|fp_bit_2013|fp_bit_2014|fp_bit_2016|fp_bit_2017|fp_bit_2018|fp_bit_2020|fp_bit_2022|fp_bit_2024|fp_bit_2028|fp_bit_2029|fp_bit_2030|fp_bit_2035|fp_bit_2038|fp_bit_2040|fp_bit_2041|fp_bit_2046
Extra Trees,Morgan FP,794,0.9835,0.973,0.9867,0.9932,0.973,0.9796,0.9718,0.8757,0.8244,0.8438,0.9578,0.8244,0.8332,0.7857,MutualInformation,fp_bit_0|fp_bit_1|fp_bit_7|fp_bit_8|fp_bit_11|fp_bit_13|fp_bit_17|fp_bit_20|fp_bit_22|fp_bit_25|fp_bit_28|fp_bit_29|fp_bit_31|fp_bit_33|fp_bit_35|fp_bit_36|fp_bit_38|fp_bit_41|fp_bit_43|fp_bit_47|fp_bit_51|fp_bit_54|fp_bit_55|fp_bit_57|fp_bit_60|fp_bit_66|fp_bit_70|fp_bit_74|fp_bit_75|fp_bit_79|fp_bit_80|fp_bit_81|fp_bit_89|fp_bit_92|fp_bit_93|fp_bit_94|fp_bit_98|fp_bit_100|fp_bit_101|fp_bit_102|fp_bit_106|fp_bit_107|fp_bit_108|fp_bit_109|fp_bit_114|fp_bit_115|fp_bit_116|fp_bit_117|fp_bit_118|fp_bit_121|fp_bit_131|fp_bit_132|fp_bit_140|fp_bit_142|fp_bit_144|fp_bit_147|fp_bit_155|fp_bit_158|fp_bit_160|fp_bit_165|fp_bit_166|fp_bit_167|fp_bit_168|fp_bit_170|fp_bit_171|fp_bit_172|fp_bit_173|fp_bit_175|fp_bit_192|fp_bit_193|fp_bit_194|fp_bit_197|fp_bit_204|fp_bit_209|fp_bit_215|fp_bit_216|fp_bit_219|fp_bit_221|fp_bit_222|fp_bit_223|fp_bit_227|fp_bit_229|fp_bit_231|fp_bit_234|fp_bit_240|fp_bit_249|fp_bit_250|fp_bit_253|fp_bit_255|fp_bit_257|fp_bit_261|fp_bit_263|fp_bit_267|fp_bit_268|fp_bit_270|fp_bit_275|fp_bit_277|fp_bit_279|fp_bit_283|fp_bit_290|fp_bit_294|fp_bit_295|fp_bit_298|fp_bit_299|fp_bit_301|fp_bit_305|fp_bit_306|fp_bit_309|fp_bit_313|fp_bit_314|fp_bit_319|fp_bit_322|fp_bit_323|fp_bit_325|fp_bit_335|fp_bit_340|fp_bit_341|fp_bit_344|fp_bit_348|fp_bit_353|fp_bit_354|fp_bit_356|fp_bit_357|fp_bit_360|fp_bit_361|fp_bit_362|fp_bit_369|fp_bit_370|fp_bit_376|fp_bit_378|fp_bit_381|fp_bit_383|fp_bit_384|fp_bit_385|fp_bit_386|fp_bit_389|fp_bit_390|fp_bit_393|fp_bit_394|fp_bit_396|fp_bit_397|fp_bit_400|fp_bit_401|fp_bit_403|fp_bit_409|fp_bit_413|fp_bit_417|fp_bit_418|fp_bit_432|fp_bit_435|fp_bit_438|fp_bit_441|fp_bit_442|fp_bit_443|fp_bit_444|fp_bit_448|fp_bit_454|fp_bit_456|fp_bit_458|fp_bit_461|fp_bit_467|fp_bit_471|fp_bit_472|fp_bit_473|fp_bit_474|fp_bit_477|fp_bit_478|fp_bit_479|fp_bit_482|fp_bit_483|fp_bit_485|fp_bit_486|fp_bit_488|fp_bit_489|fp_bit_492|fp_bit_495|fp_bit_497|fp_bit_501|fp_bit_503|fp_bit_504|fp_bit_506|fp_bit_517|fp_bit_519|fp_bit_520|fp_bit_524|fp_bit_525|fp_bit_526|fp_bit_528|fp_bit_529|fp_bit_530|fp_bit_534|fp_bit_535|fp_bit_538|fp_bit_542|fp_bit_544|fp_bit_548|fp_bit_549|fp_bit_550|fp_bit_552|fp_bit_553|fp_bit_555|fp_bit_556|fp_bit_557|fp_bit_561|fp_bit_564|fp_bit_568|fp_bit_569|fp_bit_572|fp_bit_573|fp_bit_576|fp_bit_577|fp_bit_578|fp_bit_580|fp_bit_585|fp_bit_587|fp_bit_588|fp_bit_589|fp_bit_591|fp_bit_598|fp_bit_599|fp_bit_602|fp_bit_604|fp_bit_605|fp_bit_606|fp_bit_608|fp_bit_610|fp_bit_611|fp_bit_612|fp_bit_614|fp_bit_617|fp_bit_622|fp_bit_623|fp_bit_631|fp_bit_641|fp_bit_643|fp_bit_645|fp_bit_650|fp_bit_651|fp_bit_656|fp_bit_657|fp_bit_663|fp_bit_664|fp_bit_667|fp_bit_669|fp_bit_670|fp_bit_675|fp_bit_677|fp_bit_679|fp_bit_680|fp_bit_688|fp_bit_689|fp_bit_694|fp_bit_695|fp_bit_696|fp_bit_706|fp_bit_711|fp_bit_712|fp_bit_713|fp_bit_715|fp_bit_716|fp_bit_717|fp_bit_722|fp_bit_724|fp_bit_727|fp_bit_728|fp_bit_729|fp_bit_730|fp_bit_733|fp_bit_736|fp_bit_737|fp_bit_738|fp_bit_739|fp_bit_744|fp_bit_747|fp_bit_749|fp_bit_750|fp_bit_752|fp_bit_753|fp_bit_757|fp_bit_759|fp_bit_760|fp_bit_765|fp_bit_766|fp_bit_768|fp_bit_769|fp_bit_775|fp_bit_778|fp_bit_780|fp_bit_781|fp_bit_784|fp_bit_786|fp_bit_787|fp_bit_794|fp_bit_795|fp_bit_797|fp_bit_798|fp_bit_801|fp_bit_802|fp_bit_804|fp_bit_807|fp_bit_810|fp_bit_816|fp_bit_818|fp_bit_821|fp_bit_822|fp_bit_823|fp_bit_827|fp_bit_828|fp_bit_833|fp_bit_835|fp_bit_837|fp_bit_838|fp_bit_841|fp_bit_842|fp_bit_844|fp_bit_845|fp_bit_848|fp_bit_849|fp_bit_850|fp_bit_851|fp_bit_854|fp_bit_857|fp_bit_860|fp_bit_861|fp_bit_863|fp_bit_864|fp_bit_868|fp_bit_869|fp_bit_871|fp_bit_873|fp_bit_875|fp_bit_876|fp_bit_889|fp_bit_890|fp_bit_891|fp_bit_892|fp_bit_894|fp_bit_896|fp_bit_897|fp_bit_899|fp_bit_900|fp_bit_901|fp_bit_904|fp_bit_905|fp_bit_911|fp_bit_912|fp_bit_914|fp_bit_916|fp_bit_918|fp_bit_923|fp_bit_925|fp_bit_926|fp_bit_929|fp_bit_930|fp_bit_932|fp_bit_935|fp_bit_937|fp_bit_941|fp_bit_942|fp_bit_946|fp_bit_950|fp_bit_952|fp_bit_955|fp_bit_957|fp_bit_959|fp_bit_960|fp_bit_962|fp_bit_966|fp_bit_973|fp_bit_976|fp_bit_979|fp_bit_981|fp_bit_983|fp_bit_984|fp_bit_986|fp_bit_987|fp_bit_988|fp_bit_989|fp_bit_991|fp_bit_992|fp_bit_994|fp_bit_998|fp_bit_1004|fp_bit_1007|fp_bit_1014|fp_bit_1017|fp_bit_1018|fp_bit_1019|fp_bit_1026|fp_bit_1027|fp_bit_1029|fp_bit_1031|fp_bit_1033|fp_bit_1034|fp_bit_1036|fp_bit_1037|fp_bit_1046|fp_bit_1049|fp_bit_1054|fp_bit_1057|fp_bit_1058|fp_bit_1060|fp_bit_1065|fp_bit_1066|fp_bit_1070|fp_bit_1074|fp_bit_1075|fp_bit_1077|fp_bit_1081|fp_bit_1083|fp_bit_1085|fp_bit_1086|fp_bit_1088|fp_bit_1089|fp_bit_1091|fp_bit_1095|fp_bit_1096|fp_bit_1097|fp_bit_1098|fp_bit_1099|fp_bit_1102|fp_bit_1104|fp_bit_1105|fp_bit_1110|fp_bit_1114|fp_bit_1118|fp_bit_1119|fp_bit_1126|fp_bit_1130|fp_bit_1132|fp_bit_1134|fp_bit_1135|fp_bit_1136|fp_bit_1138|fp_bit_1141|fp_bit_1142|fp_bit_1143|fp_bit_1144|fp_bit_1145|fp_bit_1152|fp_bit_1153|fp_bit_1154|fp_bit_1155|fp_bit_1157|fp_bit_1160|fp_bit_1162|fp_bit_1163|fp_bit_1169|fp_bit_1171|fp_bit_1174|fp_bit_1176|fp_bit_1185|fp_bit_1195|fp_bit_1196|fp_bit_1199|fp_bit_1200|fp_bit_1201|fp_bit_1205|fp_bit_1210|fp_bit_1214|fp_bit_1215|fp_bit_1216|fp_bit_1217|fp_bit_1218|fp_bit_1219|fp_bit_1223|fp_bit_1224|fp_bit_1229|fp_bit_1233|fp_bit_1234|fp_bit_1241|fp_bit_1243|fp_bit_1249|fp_bit_1253|fp_bit_1255|fp_bit_1256|fp_bit_1257|fp_bit_1258|fp_bit_1259|fp_bit_1263|fp_bit_1264|fp_bit_1265|fp_bit_1267|fp_bit_1269|fp_bit_1270|fp_bit_1273|fp_bit_1274|fp_bit_1275|fp_bit_1282|fp_bit_1284|fp_bit_1287|fp_bit_1289|fp_bit_1290|fp_bit_1292|fp_bit_1294|fp_bit_1296|fp_bit_1297|fp_bit_1302|fp_bit_1303|fp_bit_1304|fp_bit_1307|fp_bit_1308|fp_bit_1309|fp_bit_1312|fp_bit_1313|fp_bit_1314|fp_bit_1322|fp_bit_1323|fp_bit_1324|fp_bit_1325|fp_bit_1327|fp_bit_1332|fp_bit_1333|fp_bit_1336|fp_bit_1343|fp_bit_1344|fp_bit_1346|fp_bit_1347|fp_bit_1349|fp_bit_1351|fp_bit_1355|fp_bit_1356|fp_bit_1357|fp_bit_1360|fp_bit_1366|fp_bit_1375|fp_bit_1379|fp_bit_1380|fp_bit_1381|fp_bit_1385|fp_bit_1386|fp_bit_1391|fp_bit_1392|fp_bit_1393|fp_bit_1394|fp_bit_1397|fp_bit_1398|fp_bit_1399|fp_bit_1403|fp_bit_1406|fp_bit_1407|fp_bit_1411|fp_bit_1413|fp_bit_1414|fp_bit_1420|fp_bit_1422|fp_bit_1423|fp_bit_1424|fp_bit_1430|fp_bit_1431|fp_bit_1434|fp_bit_1435|fp_bit_1436|fp_bit_1438|fp_bit_1439|fp_bit_1440|fp_bit_1444|fp_bit_1448|fp_bit_1449|fp_bit_1450|fp_bit_1452|fp_bit_1457|fp_bit_1458|fp_bit_1459|fp_bit_1460|fp_bit_1461|fp_bit_1462|fp_bit_1463|fp_bit_1464|fp_bit_1468|fp_bit_1469|fp_bit_1470|fp_bit_1472|fp_bit_1475|fp_bit_1477|fp_bit_1480|fp_bit_1482|fp_bit_1483|fp_bit_1487|fp_bit_1490|fp_bit_1492|fp_bit_1496|fp_bit_1500|fp_bit_1502|fp_bit_1505|fp_bit_1508|fp_bit_1509|fp_bit_1511|fp_bit_1515|fp_bit_1516|fp_bit_1517|fp_bit_1518|fp_bit_1522|fp_bit_1527|fp_bit_1529|fp_bit_1530|fp_bit_1531|fp_bit_1533|fp_bit_1534|fp_bit_1535|fp_bit_1543|fp_bit_1545|fp_bit_1547|fp_bit_1549|fp_bit_1552|fp_bit_1553|fp_bit_1558|fp_bit_1560|fp_bit_1562|fp_bit_1564|fp_bit_1566|fp_bit_1571|fp_bit_1572|fp_bit_1573|fp_bit_1574|fp_bit_1575|fp_bit_1577|fp_bit_1581|fp_bit_1582|fp_bit_1586|fp_bit_1588|fp_bit_1600|fp_bit_1602|fp_bit_1604|fp_bit_1612|fp_bit_1614|fp_bit_1615|fp_bit_1616|fp_bit_1618|fp_bit_1622|fp_bit_1624|fp_bit_1626|fp_bit_1631|fp_bit_1634|fp_bit_1636|fp_bit_1637|fp_bit_1645|fp_bit_1646|fp_bit_1651|fp_bit_1652|fp_bit_1653|fp_bit_1657|fp_bit_1660|fp_bit_1671|fp_bit_1681|fp_bit_1683|fp_bit_1687|fp_bit_1690|fp_bit_1691|fp_bit_1695|fp_bit_1696|fp_bit_1697|fp_bit_1710|fp_bit_1711|fp_bit_1715|fp_bit_1716|fp_bit_1717|fp_bit_1722|fp_bit_1724|fp_bit_1727|fp_bit_1729|fp_bit_1731|fp_bit_1732|fp_bit_1737|fp_bit_1738|fp_bit_1739|fp_bit_1740|fp_bit_1743|fp_bit_1745|fp_bit_1747|fp_bit_1750|fp_bit_1753|fp_bit_1754|fp_bit_1755|fp_bit_1762|fp_bit_1764|fp_bit_1766|fp_bit_1768|fp_bit_1773|fp_bit_1776|fp_bit_1778|fp_bit_1781|fp_bit_1785|fp_bit_1788|fp_bit_1791|fp_bit_1796|fp_bit_1800|fp_bit_1803|fp_bit_1804|fp_bit_1806|fp_bit_1810|fp_bit_1814|fp_bit_1815|fp_bit_1816|fp_bit_1819|fp_bit_1821|fp_bit_1823|fp_bit_1827|fp_bit_1828|fp_bit_1829|fp_bit_1831|fp_bit_1835|fp_bit_1837|fp_bit_1838|fp_bit_1844|fp_bit_1847|fp_bit_1848|fp_bit_1849|fp_bit_1850|fp_bit_1855|fp_bit_1863|fp_bit_1865|fp_bit_1866|fp_bit_1868|fp_bit_1869|fp_bit_1870|fp_bit_1871|fp_bit_1873|fp_bit_1877|fp_bit_1878|fp_bit_1879|fp_bit_1881|fp_bit_1882|fp_bit_1883|fp_bit_1885|fp_bit_1888|fp_bit_1896|fp_bit_1898|fp_bit_1902|fp_bit_1904|fp_bit_1907|fp_bit_1911|fp_bit_1912|fp_bit_1917|fp_bit_1920|fp_bit_1921|fp_bit_1922|fp_bit_1923|fp_bit_1926|fp_bit_1934|fp_bit_1936|fp_bit_1937|fp_bit_1938|fp_bit_1939|fp_bit_1943|fp_bit_1945|fp_bit_1950|fp_bit_1951|fp_bit_1955|fp_bit_1956|fp_bit_1958|fp_bit_1959|fp_bit_1962|fp_bit_1963|fp_bit_1965|fp_bit_1966|fp_bit_1968|fp_bit_1970|fp_bit_1972|fp_bit_1974|fp_bit_1977|fp_bit_1978|fp_bit_1981|fp_bit_1983|fp_bit_1984|fp_bit_1985|fp_bit_1986|fp_bit_1988|fp_bit_1989|fp_bit_1991|fp_bit_1992|fp_bit_1997|fp_bit_2001|fp_bit_2005|fp_bit_2006|fp_bit_2010|fp_bit_2011|fp_bit_2012|fp_bit_2013|fp_bit_2014|fp_bit_2016|fp_bit_2017|fp_bit_2018|fp_bit_2020|fp_bit_2022|fp_bit_2024|fp_bit_2028|fp_bit_2029|fp_bit_2030|fp_bit_2035|fp_bit_2038|fp_bit_2040|fp_bit_2041|fp_bit_2046
Gradient Boosting,Morgan FP,794,0.9341,0.9198,0.9275,0.9758,0.9198,0.9232,0.8865,0.8665,0.8118,0.8427,0.9516,0.8118,0.8258,0.7677,MutualInformation,fp_bit_0|fp_bit_1|fp_bit_7|fp_bit_8|fp_bit_11|fp_bit_13|fp_bit_17|fp_bit_20|fp_bit_22|fp_bit_25|fp_bit_28|fp_bit_29|fp_bit_31|fp_bit_33|fp_bit_35|fp_bit_36|fp_bit_38|fp_bit_41|fp_bit_43|fp_bit_47|fp_bit_51|fp_bit_54|fp_bit_55|fp_bit_57|fp_bit_60|fp_bit_66|fp_bit_70|fp_bit_74|fp_bit_75|fp_bit_79|fp_bit_80|fp_bit_81|fp_bit_89|fp_bit_92|fp_bit_93|fp_bit_94|fp_bit_98|fp_bit_100|fp_bit_101|fp_bit_102|fp_bit_106|fp_bit_107|fp_bit_108|fp_bit_109|fp_bit_114|fp_bit_115|fp_bit_116|fp_bit_117|fp_bit_118|fp_bit_121|fp_bit_131|fp_bit_132|fp_bit_140|fp_bit_142|fp_bit_144|fp_bit_147|fp_bit_155|fp_bit_158|fp_bit_160|fp_bit_165|fp_bit_166|fp_bit_167|fp_bit_168|fp_bit_170|fp_bit_171|fp_bit_172|fp_bit_173|fp_bit_175|fp_bit_192|fp_bit_193|fp_bit_194|fp_bit_197|fp_bit_204|fp_bit_209|fp_bit_215|fp_bit_216|fp_bit_219|fp_bit_221|fp_bit_222|fp_bit_223|fp_bit_227|fp_bit_229|fp_bit_231|fp_bit_234|fp_bit_240|fp_bit_249|fp_bit_250|fp_bit_253|fp_bit_255|fp_bit_257|fp_bit_261|fp_bit_263|fp_bit_267|fp_bit_268|fp_bit_270|fp_bit_275|fp_bit_277|fp_bit_279|fp_bit_283|fp_bit_290|fp_bit_294|fp_bit_295|fp_bit_298|fp_bit_299|fp_bit_301|fp_bit_305|fp_bit_306|fp_bit_309|fp_bit_313|fp_bit_314|fp_bit_319|fp_bit_322|fp_bit_323|fp_bit_325|fp_bit_335|fp_bit_340|fp_bit_341|fp_bit_344|fp_bit_348|fp_bit_353|fp_bit_354|fp_bit_356|fp_bit_357|fp_bit_360|fp_bit_361|fp_bit_362|fp_bit_369|fp_bit_370|fp_bit_376|fp_bit_378|fp_bit_381|fp_bit_383|fp_bit_384|fp_bit_385|fp_bit_386|fp_bit_389|fp_bit_390|fp_bit_393|fp_bit_394|fp_bit_396|fp_bit_397|fp_bit_400|fp_bit_401|fp_bit_403|fp_bit_409|fp_bit_413|fp_bit_417|fp_bit_418|fp_bit_432|fp_bit_435|fp_bit_438|fp_bit_441|fp_bit_442|fp_bit_443|fp_bit_444|fp_bit_448|fp_bit_454|fp_bit_456|fp_bit_458|fp_bit_461|fp_bit_467|fp_bit_471|fp_bit_472|fp_bit_473|fp_bit_474|fp_bit_477|fp_bit_478|fp_bit_479|fp_bit_482|fp_bit_483|fp_bit_485|fp_bit_486|fp_bit_488|fp_bit_489|fp_bit_492|fp_bit_495|fp_bit_497|fp_bit_501|fp_bit_503|fp_bit_504|fp_bit_506|fp_bit_517|fp_bit_519|fp_bit_520|fp_bit_524|fp_bit_525|fp_bit_526|fp_bit_528|fp_bit_529|fp_bit_530|fp_bit_534|fp_bit_535|fp_bit_538|fp_bit_542|fp_bit_544|fp_bit_548|fp_bit_549|fp_bit_550|fp_bit_552|fp_bit_553|fp_bit_555|fp_bit_556|fp_bit_557|fp_bit_561|fp_bit_564|fp_bit_568|fp_bit_569|fp_bit_572|fp_bit_573|fp_bit_576|fp_bit_577|fp_bit_578|fp_bit_580|fp_bit_585|fp_bit_587|fp_bit_588|fp_bit_589|fp_bit_591|fp_bit_598|fp_bit_599|fp_bit_602|fp_bit_604|fp_bit_605|fp_bit_606|fp_bit_608|fp_bit_610|fp_bit_611|fp_bit_612|fp_bit_614|fp_bit_617|fp_bit_622|fp_bit_623|fp_bit_631|fp_bit_641|fp_bit_643|fp_bit_645|fp_bit_650|fp_bit_651|fp_bit_656|fp_bit_657|fp_bit_663|fp_bit_664|fp_bit_667|fp_bit_669|fp_bit_670|fp_bit_675|fp_bit_677|fp_bit_679|fp_bit_680|fp_bit_688|fp_bit_689|fp_bit_694|fp_bit_695|fp_bit_696|fp_bit_706|fp_bit_711|fp_bit_712|fp_bit_713|fp_bit_715|fp_bit_716|fp_bit_717|fp_bit_722|fp_bit_724|fp_bit_727|fp_bit_728|fp_bit_729|fp_bit_730|fp_bit_733|fp_bit_736|fp_bit_737|fp_bit_738|fp_bit_739|fp_bit_744|fp_bit_747|fp_bit_749|fp_bit_750|fp_bit_752|fp_bit_753|fp_bit_757|fp_bit_759|fp_bit_760|fp_bit_765|fp_bit_766|fp_bit_768|fp_bit_769|fp_bit_775|fp_bit_778|fp_bit_780|fp_bit_781|fp_bit_784|fp_bit_786|fp_bit_787|fp_bit_794|fp_bit_795|fp_bit_797|fp_bit_798|fp_bit_801|fp_bit_802|fp_bit_804|fp_bit_807|fp_bit_810|fp_bit_816|fp_bit_818|fp_bit_821|fp_bit_822|fp_bit_823|fp_bit_827|fp_bit_828|fp_bit_833|fp_bit_835|fp_bit_837|fp_bit_838|fp_bit_841|fp_bit_842|fp_bit_844|fp_bit_845|fp_bit_848|fp_bit_849|fp_bit_850|fp_bit_851|fp_bit_854|fp_bit_857|fp_bit_860|fp_bit_861|fp_bit_863|fp_bit_864|fp_bit_868|fp_bit_869|fp_bit_871|fp_bit_873|fp_bit_875|fp_bit_876|fp_bit_889|fp_bit_890|fp_bit_891|fp_bit_892|fp_bit_894|fp_bit_896|fp_bit_897|fp_bit_899|fp_bit_900|fp_bit_901|fp_bit_904|fp_bit_905|fp_bit_911|fp_bit_912|fp_bit_914|fp_bit_916|fp_bit_918|fp_bit_923|fp_bit_925|fp_bit_926|fp_bit_929|fp_bit_930|fp_bit_932|fp_bit_935|fp_bit_937|fp_bit_941|fp_bit_942|fp_bit_946|fp_bit_950|fp_bit_952|fp_bit_955|fp_bit_957|fp_bit_959|fp_bit_960|fp_bit_962|fp_bit_966|fp_bit_973|fp_bit_976|fp_bit_979|fp_bit_981|fp_bit_983|fp_bit_984|fp_bit_986|fp_bit_987|fp_bit_988|fp_bit_989|fp_bit_991|fp_bit_992|fp_bit_994|fp_bit_998|fp_bit_1004|fp_bit_1007|fp_bit_1014|fp_bit_1017|fp_bit_1018|fp_bit_1019|fp_bit_1026|fp_bit_1027|fp_bit_1029|fp_bit_1031|fp_bit_1033|fp_bit_1034|fp_bit_1036|fp_bit_1037|fp_bit_1046|fp_bit_1049|fp_bit_1054|fp_bit_1057|fp_bit_1058|fp_bit_1060|fp_bit_1065|fp_bit_1066|fp_bit_1070|fp_bit_1074|fp_bit_1075|fp_bit_1077|fp_bit_1081|fp_bit_1083|fp_bit_1085|fp_bit_1086|fp_bit_1088|fp_bit_1089|fp_bit_1091|fp_bit_1095|fp_bit_1096|fp_bit_1097|fp_bit_1098|fp_bit_1099|fp_bit_1102|fp_bit_1104|fp_bit_1105|fp_bit_1110|fp_bit_1114|fp_bit_1118|fp_bit_1119|fp_bit_1126|fp_bit_1130|fp_bit_1132|fp_bit_1134|fp_bit_1135|fp_bit_1136|fp_bit_1138|fp_bit_1141|fp_bit_1142|fp_bit_1143|fp_bit_1144|fp_bit_1145|fp_bit_1152|fp_bit_1153|fp_bit_1154|fp_bit_1155|fp_bit_1157|fp_bit_1160|fp_bit_1162|fp_bit_1163|fp_bit_1169|fp_bit_1171|fp_bit_1174|fp_bit_1176|fp_bit_1185|fp_bit_1195|fp_bit_1196|fp_bit_1199|fp_bit_1200|fp_bit_1201|fp_bit_1205|fp_bit_1210|fp_bit_1214|fp_bit_1215|fp_bit_1216|fp_bit_1217|fp_bit_1218|fp_bit_1219|fp_bit_1223|fp_bit_1224|fp_bit_1229|fp_bit_1233|fp_bit_1234|fp_bit_1241|fp_bit_1243|fp_bit_1249|fp_bit_1253|fp_bit_1255|fp_bit_1256|fp_bit_1257|fp_bit_1258|fp_bit_1259|fp_bit_1263|fp_bit_1264|fp_bit_1265|fp_bit_1267|fp_bit_1269|fp_bit_1270|fp_bit_1273|fp_bit_1274|fp_bit_1275|fp_bit_1282|fp_bit_1284|fp_bit_1287|fp_bit_1289|fp_bit_1290|fp_bit_1292|fp_bit_1294|fp_bit_1296|fp_bit_1297|fp_bit_1302|fp_bit_1303|fp_bit_1304|fp_bit_1307|fp_bit_1308|fp_bit_1309|fp_bit_1312|fp_bit_1313|fp_bit_1314|fp_bit_1322|fp_bit_1323|fp_bit_1324|fp_bit_1325|fp_bit_1327|fp_bit_1332|fp_bit_1333|fp_bit_1336|fp_bit_1343|fp_bit_1344|fp_bit_1346|fp_bit_1347|fp_bit_1349|fp_bit_1351|fp_bit_1355|fp_bit_1356|fp_bit_1357|fp_bit_1360|fp_bit_1366|fp_bit_1375|fp_bit_1379|fp_bit_1380|fp_bit_1381|fp_bit_1385|fp_bit_1386|fp_bit_1391|fp_bit_1392|fp_bit_1393|fp_bit_1394|fp_bit_1397|fp_bit_1398|fp_bit_1399|fp_bit_1403|fp_bit_1406|fp_bit_1407|fp_bit_1411|fp_bit_1413|fp_bit_1414|fp_bit_1420|fp_bit_1422|fp_bit_1423|fp_bit_1424|fp_bit_1430|fp_bit_1431|fp_bit_1434|fp_bit_1435|fp_bit_1436|fp_bit_1438|fp_bit_1439|fp_bit_1440|fp_bit_1444|fp_bit_1448|fp_bit_1449|fp_bit_1450|fp_bit_1452|fp_bit_1457|fp_bit_1458|fp_bit_1459|fp_bit_1460|fp_bit_1461|fp_bit_1462|fp_bit_1463|fp_bit_1464|fp_bit_1468|fp_bit_1469|fp_bit_1470|fp_bit_1472|fp_bit_1475|fp_bit_1477|fp_bit_1480|fp_bit_1482|fp_bit_1483|fp_bit_1487|fp_bit_1490|fp_bit_1492|fp_bit_1496|fp_bit_1500|fp_bit_1502|fp_bit_1505|fp_bit_1508|fp_bit_1509|fp_bit_1511|fp_bit_1515|fp_bit_1516|fp_bit_1517|fp_bit_1518|fp_bit_1522|fp_bit_1527|fp_bit_1529|fp_bit_1530|fp_bit_1531|fp_bit_1533|fp_bit_1534|fp_bit_1535|fp_bit_1543|fp_bit_1545|fp_bit_1547|fp_bit_1549|fp_bit_1552|fp_bit_1553|fp_bit_1558|fp_bit_1560|fp_bit_1562|fp_bit_1564|fp_bit_1566|fp_bit_1571|fp_bit_1572|fp_bit_1573|fp_bit_1574|fp_bit_1575|fp_bit_1577|fp_bit_1581|fp_bit_1582|fp_bit_1586|fp_bit_1588|fp_bit_1600|fp_bit_1602|fp_bit_1604|fp_bit_1612|fp_bit_1614|fp_bit_1615|fp_bit_1616|fp_bit_1618|fp_bit_1622|fp_bit_1624|fp_bit_1626|fp_bit_1631|fp_bit_1634|fp_bit_1636|fp_bit_1637|fp_bit_1645|fp_bit_1646|fp_bit_1651|fp_bit_1652|fp_bit_1653|fp_bit_1657|fp_bit_1660|fp_bit_1671|fp_bit_1681|fp_bit_1683|fp_bit_1687|fp_bit_1690|fp_bit_1691|fp_bit_1695|fp_bit_1696|fp_bit_1697|fp_bit_1710|fp_bit_1711|fp_bit_1715|fp_bit_1716|fp_bit_1717|fp_bit_1722|fp_bit_1724|fp_bit_1727|fp_bit_1729|fp_bit_1731|fp_bit_1732|fp_bit_1737|fp_bit_1738|fp_bit_1739|fp_bit_1740|fp_bit_1743|fp_bit_1745|fp_bit_1747|fp_bit_1750|fp_bit_1753|fp_bit_1754|fp_bit_1755|fp_bit_1762|fp_bit_1764|fp_bit_1766|fp_bit_1768|fp_bit_1773|fp_bit_1776|fp_bit_1778|fp_bit_1781|fp_bit_1785|fp_bit_1788|fp_bit_1791|fp_bit_1796|fp_bit_1800|fp_bit_1803|fp_bit_1804|fp_bit_1806|fp_bit_1810|fp_bit_1814|fp_bit_1815|fp_bit_1816|fp_bit_1819|fp_bit_1821|fp_bit_1823|fp_bit_1827|fp_bit_1828|fp_bit_1829|fp_bit_1831|fp_bit_1835|fp_bit_1837|fp_bit_1838|fp_bit_1844|fp_bit_1847|fp_bit_1848|fp_bit_1849|fp_bit_1850|fp_bit_1855|fp_bit_1863|fp_bit_1865|fp_bit_1866|fp_bit_1868|fp_bit_1869|fp_bit_1870|fp_bit_1871|fp_bit_1873|fp_bit_1877|fp_bit_1878|fp_bit_1879|fp_bit_1881|fp_bit_1882|fp_bit_1883|fp_bit_1885|fp_bit_1888|fp_bit_1896|fp_bit_1898|fp_bit_1902|fp_bit_1904|fp_bit_1907|fp_bit_1911|fp_bit_1912|fp_bit_1917|fp_bit_1920|fp_bit_1921|fp_bit_1922|fp_bit_1923|fp_bit_1926|fp_bit_1934|fp_bit_1936|fp_bit_1937|fp_bit_1938|fp_bit_1939|fp_bit_1943|fp_bit_1945|fp_bit_1950|fp_bit_1951|fp_bit_1955|fp_bit_1956|fp_bit_1958|fp_bit_1959|fp_bit_1962|fp_bit_1963|fp_bit_1965|fp_bit_1966|fp_bit_1968|fp_bit_1970|fp_bit_1972|fp_bit_1974|fp_bit_1977|fp_bit_1978|fp_bit_1981|fp_bit_1983|fp_bit_1984|fp_bit_1985|fp_bit_1986|fp_bit_1988|fp_bit_1989|fp_bit_1991|fp_bit_1992|fp_bit_1997|fp_bit_2001|fp_bit_2005|fp_bit_2006|fp_bit_2010|fp_bit_2011|fp_bit_2012|fp_bit_2013|fp_bit_2014|fp_bit_2016|fp_bit_2017|fp_bit_2018|fp_bit_2020|fp_bit_2022|fp_bit_2024|fp_bit_2028|fp_bit_2029|fp_bit_2030|fp_bit_2035|fp_bit_2038|fp_bit_2040|fp_bit_2041|fp_bit_2046
AdaBoost,Morgan FP,794,0.6164,0.2229,0.2004,0.8148,0.2229,0.1929,0.1415,0.616,0.2215,0.1986,0.8143,0.2215,0.1908,0.1383,MutualInformation,fp_bit_0|fp_bit_1|fp_bit_7|fp_bit_8|fp_bit_11|fp_bit_13|fp_bit_17|fp_bit_20|fp_bit_22|fp_bit_25|fp_bit_28|fp_bit_29|fp_bit_31|fp_bit_33|fp_bit_35|fp_bit_36|fp_bit_38|fp_bit_41|fp_bit_43|fp_bit_47|fp_bit_51|fp_bit_54|fp_bit_55|fp_bit_57|fp_bit_60|fp_bit_66|fp_bit_70|fp_bit_74|fp_bit_75|fp_bit_79|fp_bit_80|fp_bit_81|fp_bit_89|fp_bit_92|fp_bit_93|fp_bit_94|fp_bit_98|fp_bit_100|fp_bit_101|fp_bit_102|fp_bit_106|fp_bit_107|fp_bit_108|fp_bit_109|fp_bit_114|fp_bit_115|fp_bit_116|fp_bit_117|fp_bit_118|fp_bit_121|fp_bit_131|fp_bit_132|fp_bit_140|fp_bit_142|fp_bit_144|fp_bit_147|fp_bit_155|fp_bit_158|fp_bit_160|fp_bit_165|fp_bit_166|fp_bit_167|fp_bit_168|fp_bit_170|fp_bit_171|fp_bit_172|fp_bit_173|fp_bit_175|fp_bit_192|fp_bit_193|fp_bit_194|fp_bit_197|fp_bit_204|fp_bit_209|fp_bit_215|fp_bit_216|fp_bit_219|fp_bit_221|fp_bit_222|fp_bit_223|fp_bit_227|fp_bit_229|fp_bit_231|fp_bit_234|fp_bit_240|fp_bit_249|fp_bit_250|fp_bit_253|fp_bit_255|fp_bit_257|fp_bit_261|fp_bit_263|fp_bit_267|fp_bit_268|fp_bit_270|fp_bit_275|fp_bit_277|fp_bit_279|fp_bit_283|fp_bit_290|fp_bit_294|fp_bit_295|fp_bit_298|fp_bit_299|fp_bit_301|fp_bit_305|fp_bit_306|fp_bit_309|fp_bit_313|fp_bit_314|fp_bit_319|fp_bit_322|fp_bit_323|fp_bit_325|fp_bit_335|fp_bit_340|fp_bit_341|fp_bit_344|fp_bit_348|fp_bit_353|fp_bit_354|fp_bit_356|fp_bit_357|fp_bit_360|fp_bit_361|fp_bit_362|fp_bit_369|fp_bit_370|fp_bit_376|fp_bit_378|fp_bit_381|fp_bit_383|fp_bit_384|fp_bit_385|fp_bit_386|fp_bit_389|fp_bit_390|fp_bit_393|fp_bit_394|fp_bit_396|fp_bit_397|fp_bit_400|fp_bit_401|fp_bit_403|fp_bit_409|fp_bit_413|fp_bit_417|fp_bit_418|fp_bit_432|fp_bit_435|fp_bit_438|fp_bit_441|fp_bit_442|fp_bit_443|fp_bit_444|fp_bit_448|fp_bit_454|fp_bit_456|fp_bit_458|fp_bit_461|fp_bit_467|fp_bit_471|fp_bit_472|fp_bit_473|fp_bit_474|fp_bit_477|fp_bit_478|fp_bit_479|fp_bit_482|fp_bit_483|fp_bit_485|fp_bit_486|fp_bit_488|fp_bit_489|fp_bit_492|fp_bit_495|fp_bit_497|fp_bit_501|fp_bit_503|fp_bit_504|fp_bit_506|fp_bit_517|fp_bit_519|fp_bit_520|fp_bit_524|fp_bit_525|fp_bit_526|fp_bit_528|fp_bit_529|fp_bit_530|fp_bit_534|fp_bit_535|fp_bit_538|fp_bit_542|fp_bit_544|fp_bit_548|fp_bit_549|fp_bit_550|fp_bit_552|fp_bit_553|fp_bit_555|fp_bit_556|fp_bit_557|fp_bit_561|fp_bit_564|fp_bit_568|fp_bit_569|fp_bit_572|fp_bit_573|fp_bit_576|fp_bit_577|fp_bit_578|fp_bit_580|fp_bit_585|fp_bit_587|fp_bit_588|fp_bit_589|fp_bit_591|fp_bit_598|fp_bit_599|fp_bit_602|fp_bit_604|fp_bit_605|fp_bit_606|fp_bit_608|fp_bit_610|fp_bit_611|fp_bit_612|fp_bit_614|fp_bit_617|fp_bit_622|fp_bit_623|fp_bit_631|fp_bit_641|fp_bit_643|fp_bit_645|fp_bit_650|fp_bit_651|fp_bit_656|fp_bit_657|fp_bit_663|fp_bit_664|fp_bit_667|fp_bit_669|fp_bit_670|fp_bit_675|fp_bit_677|fp_bit_679|fp_bit_680|fp_bit_688|fp_bit_689|fp_bit_694|fp_bit_695|fp_bit_696|fp_bit_706|fp_bit_711|fp_bit_712|fp_bit_713|fp_bit_715|fp_bit_716|fp_bit_717|fp_bit_722|fp_bit_724|fp_bit_727|fp_bit_728|fp_bit_729|fp_bit_730|fp_bit_733|fp_bit_736|fp_bit_737|fp_bit_738|fp_bit_739|fp_bit_744|fp_bit_747|fp_bit_749|fp_bit_750|fp_bit_752|fp_bit_753|fp_bit_757|fp_bit_759|fp_bit_760|fp_bit_765|fp_bit_766|fp_bit_768|fp_bit_769|fp_bit_775|fp_bit_778|fp_bit_780|fp_bit_781|fp_bit_784|fp_bit_786|fp_bit_787|fp_bit_794|fp_bit_795|fp_bit_797|fp_bit_798|fp_bit_801|fp_bit_802|fp_bit_804|fp_bit_807|fp_bit_810|fp_bit_816|fp_bit_818|fp_bit_821|fp_bit_822|fp_bit_823|fp_bit_827|fp_bit_828|fp_bit_833|fp_bit_835|fp_bit_837|fp_bit_838|fp_bit_841|fp_bit_842|fp_bit_844|fp_bit_845|fp_bit_848|fp_bit_849|fp_bit_850|fp_bit_851|fp_bit_854|fp_bit_857|fp_bit_860|fp_bit_861|fp_bit_863|fp_bit_864|fp_bit_868|fp_bit_869|fp_bit_871|fp_bit_873|fp_bit_875|fp_bit_876|fp_bit_889|fp_bit_890|fp_bit_891|fp_bit_892|fp_bit_894|fp_bit_896|fp_bit_897|fp_bit_899|fp_bit_900|fp_bit_901|fp_bit_904|fp_bit_905|fp_bit_911|fp_bit_912|fp_bit_914|fp_bit_916|fp_bit_918|fp_bit_923|fp_bit_925|fp_bit_926|fp_bit_929|fp_bit_930|fp_bit_932|fp_bit_935|fp_bit_937|fp_bit_941|fp_bit_942|fp_bit_946|fp_bit_950|fp_bit_952|fp_bit_955|fp_bit_957|fp_bit_959|fp_bit_960|fp_bit_962|fp_bit_966|fp_bit_973|fp_bit_976|fp_bit_979|fp_bit_981|fp_bit_983|fp_bit_984|fp_bit_986|fp_bit_987|fp_bit_988|fp_bit_989|fp_bit_991|fp_bit_992|fp_bit_994|fp_bit_998|fp_bit_1004|fp_bit_1007|fp_bit_1014|fp_bit_1017|fp_bit_1018|fp_bit_1019|fp_bit_1026|fp_bit_1027|fp_bit_1029|fp_bit_1031|fp_bit_1033|fp_bit_1034|fp_bit_1036|fp_bit_1037|fp_bit_1046|fp_bit_1049|fp_bit_1054|fp_bit_1057|fp_bit_1058|fp_bit_1060|fp_bit_1065|fp_bit_1066|fp_bit_1070|fp_bit_1074|fp_bit_1075|fp_bit_1077|fp_bit_1081|fp_bit_1083|fp_bit_1085|fp_bit_1086|fp_bit_1088|fp_bit_1089|fp_bit_1091|fp_bit_1095|fp_bit_1096|fp_bit_1097|fp_bit_1098|fp_bit_1099|fp_bit_1102|fp_bit_1104|fp_bit_1105|fp_bit_1110|fp_bit_1114|fp_bit_1118|fp_bit_1119|fp_bit_1126|fp_bit_1130|fp_bit_1132|fp_bit_1134|fp_bit_1135|fp_bit_1136|fp_bit_1138|fp_bit_1141|fp_bit_1142|fp_bit_1143|fp_bit_1144|fp_bit_1145|fp_bit_1152|fp_bit_1153|fp_bit_1154|fp_bit_1155|fp_bit_1157|fp_bit_1160|fp_bit_1162|fp_bit_1163|fp_bit_1169|fp_bit_1171|fp_bit_1174|fp_bit_1176|fp_bit_1185|fp_bit_1195|fp_bit_1196|fp_bit_1199|fp_bit_1200|fp_bit_1201|fp_bit_1205|fp_bit_1210|fp_bit_1214|fp_bit_1215|fp_bit_1216|fp_bit_1217|fp_bit_1218|fp_bit_1219|fp_bit_1223|fp_bit_1224|fp_bit_1229|fp_bit_1233|fp_bit_1234|fp_bit_1241|fp_bit_1243|fp_bit_1249|fp_bit_1253|fp_bit_1255|fp_bit_1256|fp_bit_1257|fp_bit_1258|fp_bit_1259|fp_bit_1263|fp_bit_1264|fp_bit_1265|fp_bit_1267|fp_bit_1269|fp_bit_1270|fp_bit_1273|fp_bit_1274|fp_bit_1275|fp_bit_1282|fp_bit_1284|fp_bit_1287|fp_bit_1289|fp_bit_1290|fp_bit_1292|fp_bit_1294|fp_bit_1296|fp_bit_1297|fp_bit_1302|fp_bit_1303|fp_bit_1304|fp_bit_1307|fp_bit_1308|fp_bit_1309|fp_bit_1312|fp_bit_1313|fp_bit_1314|fp_bit_1322|fp_bit_1323|fp_bit_1324|fp_bit_1325|fp_bit_1327|fp_bit_1332|fp_bit_1333|fp_bit_1336|fp_bit_1343|fp_bit_1344|fp_bit_1346|fp_bit_1347|fp_bit_1349|fp_bit_1351|fp_bit_1355|fp_bit_1356|fp_bit_1357|fp_bit_1360|fp_bit_1366|fp_bit_1375|fp_bit_1379|fp_bit_1380|fp_bit_1381|fp_bit_1385|fp_bit_1386|fp_bit_1391|fp_bit_1392|fp_bit_1393|fp_bit_1394|fp_bit_1397|fp_bit_1398|fp_bit_1399|fp_bit_1403|fp_bit_1406|fp_bit_1407|fp_bit_1411|fp_bit_1413|fp_bit_1414|fp_bit_1420|fp_bit_1422|fp_bit_1423|fp_bit_1424|fp_bit_1430|fp_bit_1431|fp_bit_1434|fp_bit_1435|fp_bit_1436|fp_bit_1438|fp_bit_1439|fp_bit_1440|fp_bit_1444|fp_bit_1448|fp_bit_1449|fp_bit_1450|fp_bit_1452|fp_bit_1457|fp_bit_1458|fp_bit_1459|fp_bit_1460|fp_bit_1461|fp_bit_1462|fp_bit_1463|fp_bit_1464|fp_bit_1468|fp_bit_1469|fp_bit_1470|fp_bit_1472|fp_bit_1475|fp_bit_1477|fp_bit_1480|fp_bit_1482|fp_bit_1483|fp_bit_1487|fp_bit_1490|fp_bit_1492|fp_bit_1496|fp_bit_1500|fp_bit_1502|fp_bit_1505|fp_bit_1508|fp_bit_1509|fp_bit_1511|fp_bit_1515|fp_bit_1516|fp_bit_1517|fp_bit_1518|fp_bit_1522|fp_bit_1527|fp_bit_1529|fp_bit_1530|fp_bit_1531|fp_bit_1533|fp_bit_1534|fp_bit_1535|fp_bit_1543|fp_bit_1545|fp_bit_1547|fp_bit_1549|fp_bit_1552|fp_bit_1553|fp_bit_1558|fp_bit_1560|fp_bit_1562|fp_bit_1564|fp_bit_1566|fp_bit_1571|fp_bit_1572|fp_bit_1573|fp_bit_1574|fp_bit_1575|fp_bit_1577|fp_bit_1581|fp_bit_1582|fp_bit_1586|fp_bit_1588|fp_bit_1600|fp_bit_1602|fp_bit_1604|fp_bit_1612|fp_bit_1614|fp_bit_1615|fp_bit_1616|fp_bit_1618|fp_bit_1622|fp_bit_1624|fp_bit_1626|fp_bit_1631|fp_bit_1634|fp_bit_1636|fp_bit_1637|fp_bit_1645|fp_bit_1646|fp_bit_1651|fp_bit_1652|fp_bit_1653|fp_bit_1657|fp_bit_1660|fp_bit_1671|fp_bit_1681|fp_bit_1683|fp_bit_1687|fp_bit_1690|fp_bit_1691|fp_bit_1695|fp_bit_1696|fp_bit_1697|fp_bit_1710|fp_bit_1711|fp_bit_1715|fp_bit_1716|fp_bit_1717|fp_bit_1722|fp_bit_1724|fp_bit_1727|fp_bit_1729|fp_bit_1731|fp_bit_1732|fp_bit_1737|fp_bit_1738|fp_bit_1739|fp_bit_1740|fp_bit_1743|fp_bit_1745|fp_bit_1747|fp_bit_1750|fp_bit_1753|fp_bit_1754|fp_bit_1755|fp_bit_1762|fp_bit_1764|fp_bit_1766|fp_bit_1768|fp_bit_1773|fp_bit_1776|fp_bit_1778|fp_bit_1781|fp_bit_1785|fp_bit_1788|fp_bit_1791|fp_bit_1796|fp_bit_1800|fp_bit_1803|fp_bit_1804|fp_bit_1806|fp_bit_1810|fp_bit_1814|fp_bit_1815|fp_bit_1816|fp_bit_1819|fp_bit_1821|fp_bit_1823|fp_bit_1827|fp_bit_1828|fp_bit_1829|fp_bit_1831|fp_bit_1835|fp_bit_1837|fp_bit_1838|fp_bit_1844|fp_bit_1847|fp_bit_1848|fp_bit_1849|fp_bit_1850|fp_bit_1855|fp_bit_1863|fp_bit_1865|fp_bit_1866|fp_bit_1868|fp_bit_1869|fp_bit_1870|fp_bit_1871|fp_bit_1873|fp_bit_1877|fp_bit_1878|fp_bit_1879|fp_bit_1881|fp_bit_1882|fp_bit_1883|fp_bit_1885|fp_bit_1888|fp_bit_1896|fp_bit_1898|fp_bit_1902|fp_bit_1904|fp_bit_1907|fp_bit_1911|fp_bit_1912|fp_bit_1917|fp_bit_1920|fp_bit_1921|fp_bit_1922|fp_bit_1923|fp_bit_1926|fp_bit_1934|fp_bit_1936|fp_bit_1937|fp_bit_1938|fp_bit_1939|fp_bit_1943|fp_bit_1945|fp_bit_1950|fp_bit_1951|fp_bit_1955|fp_bit_1956|fp_bit_1958|fp_bit_1959|fp_bit_1962|fp_bit_1963|fp_bit_1965|fp_bit_1966|fp_bit_1968|fp_bit_1970|fp_bit_1972|fp_bit_1974|fp_bit_1977|fp_bit_1978|fp_bit_1981|fp_bit_1983|fp_bit_1984|fp_bit_1985|fp_bit_1986|fp_bit_1988|fp_bit_1989|fp_bit_1991|fp_bit_1992|fp_bit_1997|fp_bit_2001|fp_bit_2005|fp_bit_2006|fp_bit_2010|fp_bit_2011|fp_bit_2012|fp_bit_2013|fp_bit_2014|fp_bit_2016|fp_bit_2017|fp_bit_2018|fp_bit_2020|fp_bit_2022|fp_bit_2024|fp_bit_2028|fp_bit_2029|fp_bit_2030|fp_bit_2035|fp_bit_2038|fp_bit_2040|fp_bit_2041|fp_bit_2046
XGBoost,Morgan FP,794,0.9235,0.909,0.9088,0.9734,0.909,0.9082,0.8688,0.8721,0.8271,0.8398,0.9562,0.8271,0.8323,0.7794,MutualInformation,fp_bit_0|fp_bit_1|fp_bit_7|fp_bit_8|fp_bit_11|fp_bit_13|fp_bit_17|fp_bit_20|fp_bit_22|fp_bit_25|fp_bit_28|fp_bit_29|fp_bit_31|fp_bit_33|fp_bit_35|fp_bit_36|fp_bit_38|fp_bit_41|fp_bit_43|fp_bit_47|fp_bit_51|fp_bit_54|fp_bit_55|fp_bit_57|fp_bit_60|fp_bit_66|fp_bit_70|fp_bit_74|fp_bit_75|fp_bit_79|fp_bit_80|fp_bit_81|fp_bit_89|fp_bit_92|fp_bit_93|fp_bit_94|fp_bit_98|fp_bit_100|fp_bit_101|fp_bit_102|fp_bit_106|fp_bit_107|fp_bit_108|fp_bit_109|fp_bit_114|fp_bit_115|fp_bit_116|fp_bit_117|fp_bit_118|fp_bit_121|fp_bit_131|fp_bit_132|fp_bit_140|fp_bit_142|fp_bit_144|fp_bit_147|fp_bit_155|fp_bit_158|fp_bit_160|fp_bit_165|fp_bit_166|fp_bit_167|fp_bit_168|fp_bit_170|fp_bit_171|fp_bit_172|fp_bit_173|fp_bit_175|fp_bit_192|fp_bit_193|fp_bit_194|fp_bit_197|fp_bit_204|fp_bit_209|fp_bit_215|fp_bit_216|fp_bit_219|fp_bit_221|fp_bit_222|fp_bit_223|fp_bit_227|fp_bit_229|fp_bit_231|fp_bit_234|fp_bit_240|fp_bit_249|fp_bit_250|fp_bit_253|fp_bit_255|fp_bit_257|fp_bit_261|fp_bit_263|fp_bit_267|fp_bit_268|fp_bit_270|fp_bit_275|fp_bit_277|fp_bit_279|fp_bit_283|fp_bit_290|fp_bit_294|fp_bit_295|fp_bit_298|fp_bit_299|fp_bit_301|fp_bit_305|fp_bit_306|fp_bit_309|fp_bit_313|fp_bit_314|fp_bit_319|fp_bit_322|fp_bit_323|fp_bit_325|fp_bit_335|fp_bit_340|fp_bit_341|fp_bit_344|fp_bit_348|fp_bit_353|fp_bit_354|fp_bit_356|fp_bit_357|fp_bit_360|fp_bit_361|fp_bit_362|fp_bit_369|fp_bit_370|fp_bit_376|fp_bit_378|fp_bit_381|fp_bit_383|fp_bit_384|fp_bit_385|fp_bit_386|fp_bit_389|fp_bit_390|fp_bit_393|fp_bit_394|fp_bit_396|fp_bit_397|fp_bit_400|fp_bit_401|fp_bit_403|fp_bit_409|fp_bit_413|fp_bit_417|fp_bit_418|fp_bit_432|fp_bit_435|fp_bit_438|fp_bit_441|fp_bit_442|fp_bit_443|fp_bit_444|fp_bit_448|fp_bit_454|fp_bit_456|fp_bit_458|fp_bit_461|fp_bit_467|fp_bit_471|fp_bit_472|fp_bit_473|fp_bit_474|fp_bit_477|fp_bit_478|fp_bit_479|fp_bit_482|fp_bit_483|fp_bit_485|fp_bit_486|fp_bit_488|fp_bit_489|fp_bit_492|fp_bit_495|fp_bit_497|fp_bit_501|fp_bit_503|fp_bit_504|fp_bit_506|fp_bit_517|fp_bit_519|fp_bit_520|fp_bit_524|fp_bit_525|fp_bit_526|fp_bit_528|fp_bit_529|fp_bit_530|fp_bit_534|fp_bit_535|fp_bit_538|fp_bit_542|fp_bit_544|fp_bit_548|fp_bit_549|fp_bit_550|fp_bit_552|fp_bit_553|fp_bit_555|fp_bit_556|fp_bit_557|fp_bit_561|fp_bit_564|fp_bit_568|fp_bit_569|fp_bit_572|fp_bit_573|fp_bit_576|fp_bit_577|fp_bit_578|fp_bit_580|fp_bit_585|fp_bit_587|fp_bit_588|fp_bit_589|fp_bit_591|fp_bit_598|fp_bit_599|fp_bit_602|fp_bit_604|fp_bit_605|fp_bit_606|fp_bit_608|fp_bit_610|fp_bit_611|fp_bit_612|fp_bit_614|fp_bit_617|fp_bit_622|fp_bit_623|fp_bit_631|fp_bit_641|fp_bit_643|fp_bit_645|fp_bit_650|fp_bit_651|fp_bit_656|fp_bit_657|fp_bit_663|fp_bit_664|fp_bit_667|fp_bit_669|fp_bit_670|fp_bit_675|fp_bit_677|fp_bit_679|fp_bit_680|fp_bit_688|fp_bit_689|fp_bit_694|fp_bit_695|fp_bit_696|fp_bit_706|fp_bit_711|fp_bit_712|fp_bit_713|fp_bit_715|fp_bit_716|fp_bit_717|fp_bit_722|fp_bit_724|fp_bit_727|fp_bit_728|fp_bit_729|fp_bit_730|fp_bit_733|fp_bit_736|fp_bit_737|fp_bit_738|fp_bit_739|fp_bit_744|fp_bit_747|fp_bit_749|fp_bit_750|fp_bit_752|fp_bit_753|fp_bit_757|fp_bit_759|fp_bit_760|fp_bit_765|fp_bit_766|fp_bit_768|fp_bit_769|fp_bit_775|fp_bit_778|fp_bit_780|fp_bit_781|fp_bit_784|fp_bit_786|fp_bit_787|fp_bit_794|fp_bit_795|fp_bit_797|fp_bit_798|fp_bit_801|fp_bit_802|fp_bit_804|fp_bit_807|fp_bit_810|fp_bit_816|fp_bit_818|fp_bit_821|fp_bit_822|fp_bit_823|fp_bit_827|fp_bit_828|fp_bit_833|fp_bit_835|fp_bit_837|fp_bit_838|fp_bit_841|fp_bit_842|fp_bit_844|fp_bit_845|fp_bit_848|fp_bit_849|fp_bit_850|fp_bit_851|fp_bit_854|fp_bit_857|fp_bit_860|fp_bit_861|fp_bit_863|fp_bit_864|fp_bit_868|fp_bit_869|fp_bit_871|fp_bit_873|fp_bit_875|fp_bit_876|fp_bit_889|fp_bit_890|fp_bit_891|fp_bit_892|fp_bit_894|fp_bit_896|fp_bit_897|fp_bit_899|fp_bit_900|fp_bit_901|fp_bit_904|fp_bit_905|fp_bit_911|fp_bit_912|fp_bit_914|fp_bit_916|fp_bit_918|fp_bit_923|fp_bit_925|fp_bit_926|fp_bit_929|fp_bit_930|fp_bit_932|fp_bit_935|fp_bit_937|fp_bit_941|fp_bit_942|fp_bit_946|fp_bit_950|fp_bit_952|fp_bit_955|fp_bit_957|fp_bit_959|fp_bit_960|fp_bit_962|fp_bit_966|fp_bit_973|fp_bit_976|fp_bit_979|fp_bit_981|fp_bit_983|fp_bit_984|fp_bit_986|fp_bit_987|fp_bit_988|fp_bit_989|fp_bit_991|fp_bit_992|fp_bit_994|fp_bit_998|fp_bit_1004|fp_bit_1007|fp_bit_1014|fp_bit_1017|fp_bit_1018|fp_bit_1019|fp_bit_1026|fp_bit_1027|fp_bit_1029|fp_bit_1031|fp_bit_1033|fp_bit_1034|fp_bit_1036|fp_bit_1037|fp_bit_1046|fp_bit_1049|fp_bit_1054|fp_bit_1057|fp_bit_1058|fp_bit_1060|fp_bit_1065|fp_bit_1066|fp_bit_1070|fp_bit_1074|fp_bit_1075|fp_bit_1077|fp_bit_1081|fp_bit_1083|fp_bit_1085|fp_bit_1086|fp_bit_1088|fp_bit_1089|fp_bit_1091|fp_bit_1095|fp_bit_1096|fp_bit_1097|fp_bit_1098|fp_bit_1099|fp_bit_1102|fp_bit_1104|fp_bit_1105|fp_bit_1110|fp_bit_1114|fp_bit_1118|fp_bit_1119|fp_bit_1126|fp_bit_1130|fp_bit_1132|fp_bit_1134|fp_bit_1135|fp_bit_1136|fp_bit_1138|fp_bit_1141|fp_bit_1142|fp_bit_1143|fp_bit_1144|fp_bit_1145|fp_bit_1152|fp_bit_1153|fp_bit_1154|fp_bit_1155|fp_bit_1157|fp_bit_1160|fp_bit_1162|fp_bit_1163|fp_bit_1169|fp_bit_1171|fp_bit_1174|fp_bit_1176|fp_bit_1185|fp_bit_1195|fp_bit_1196|fp_bit_1199|fp_bit_1200|fp_bit_1201|fp_bit_1205|fp_bit_1210|fp_bit_1214|fp_bit_1215|fp_bit_1216|fp_bit_1217|fp_bit_1218|fp_bit_1219|fp_bit_1223|fp_bit_1224|fp_bit_1229|fp_bit_1233|fp_bit_1234|fp_bit_1241|fp_bit_1243|fp_bit_1249|fp_bit_1253|fp_bit_1255|fp_bit_1256|fp_bit_1257|fp_bit_1258|fp_bit_1259|fp_bit_1263|fp_bit_1264|fp_bit_1265|fp_bit_1267|fp_bit_1269|fp_bit_1270|fp_bit_1273|fp_bit_1274|fp_bit_1275|fp_bit_1282|fp_bit_1284|fp_bit_1287|fp_bit_1289|fp_bit_1290|fp_bit_1292|fp_bit_1294|fp_bit_1296|fp_bit_1297|fp_bit_1302|fp_bit_1303|fp_bit_1304|fp_bit_1307|fp_bit_1308|fp_bit_1309|fp_bit_1312|fp_bit_1313|fp_bit_1314|fp_bit_1322|fp_bit_1323|fp_bit_1324|fp_bit_1325|fp_bit_1327|fp_bit_1332|fp_bit_1333|fp_bit_1336|fp_bit_1343|fp_bit_1344|fp_bit_1346|fp_bit_1347|fp_bit_1349|fp_bit_1351|fp_bit_1355|fp_bit_1356|fp_bit_1357|fp_bit_1360|fp_bit_1366|fp_bit_1375|fp_bit_1379|fp_bit_1380|fp_bit_1381|fp_bit_1385|fp_bit_1386|fp_bit_1391|fp_bit_1392|fp_bit_1393|fp_bit_1394|fp_bit_1397|fp_bit_1398|fp_bit_1399|fp_bit_1403|fp_bit_1406|fp_bit_1407|fp_bit_1411|fp_bit_1413|fp_bit_1414|fp_bit_1420|fp_bit_1422|fp_bit_1423|fp_bit_1424|fp_bit_1430|fp_bit_1431|fp_bit_1434|fp_bit_1435|fp_bit_1436|fp_bit_1438|fp_bit_1439|fp_bit_1440|fp_bit_1444|fp_bit_1448|fp_bit_1449|fp_bit_1450|fp_bit_1452|fp_bit_1457|fp_bit_1458|fp_bit_1459|fp_bit_1460|fp_bit_1461|fp_bit_1462|fp_bit_1463|fp_bit_1464|fp_bit_1468|fp_bit_1469|fp_bit_1470|fp_bit_1472|fp_bit_1475|fp_bit_1477|fp_bit_1480|fp_bit_1482|fp_bit_1483|fp_bit_1487|fp_bit_1490|fp_bit_1492|fp_bit_1496|fp_bit_1500|fp_bit_1502|fp_bit_1505|fp_bit_1508|fp_bit_1509|fp_bit_1511|fp_bit_1515|fp_bit_1516|fp_bit_1517|fp_bit_1518|fp_bit_1522|fp_bit_1527|fp_bit_1529|fp_bit_1530|fp_bit_1531|fp_bit_1533|fp_bit_1534|fp_bit_1535|fp_bit_1543|fp_bit_1545|fp_bit_1547|fp_bit_1549|fp_bit_1552|fp_bit_1553|fp_bit_1558|fp_bit_1560|fp_bit_1562|fp_bit_1564|fp_bit_1566|fp_bit_1571|fp_bit_1572|fp_bit_1573|fp_bit_1574|fp_bit_1575|fp_bit_1577|fp_bit_1581|fp_bit_1582|fp_bit_1586|fp_bit_1588|fp_bit_1600|fp_bit_1602|fp_bit_1604|fp_bit_1612|fp_bit_1614|fp_bit_1615|fp_bit_1616|fp_bit_1618|fp_bit_1622|fp_bit_1624|fp_bit_1626|fp_bit_1631|fp_bit_1634|fp_bit_1636|fp_bit_1637|fp_bit_1645|fp_bit_1646|fp_bit_1651|fp_bit_1652|fp_bit_1653|fp_bit_1657|fp_bit_1660|fp_bit_1671|fp_bit_1681|fp_bit_1683|fp_bit_1687|fp_bit_1690|fp_bit_1691|fp_bit_1695|fp_bit_1696|fp_bit_1697|fp_bit_1710|fp_bit_1711|fp_bit_1715|fp_bit_1716|fp_bit_1717|fp_bit_1722|fp_bit_1724|fp_bit_1727|fp_bit_1729|fp_bit_1731|fp_bit_1732|fp_bit_1737|fp_bit_1738|fp_bit_1739|fp_bit_1740|fp_bit_1743|fp_bit_1745|fp_bit_1747|fp_bit_1750|fp_bit_1753|fp_bit_1754|fp_bit_1755|fp_bit_1762|fp_bit_1764|fp_bit_1766|fp_bit_1768|fp_bit_1773|fp_bit_1776|fp_bit_1778|fp_bit_1781|fp_bit_1785|fp_bit_1788|fp_bit_1791|fp_bit_1796|fp_bit_1800|fp_bit_1803|fp_bit_1804|fp_bit_1806|fp_bit_1810|fp_bit_1814|fp_bit_1815|fp_bit_1816|fp_bit_1819|fp_bit_1821|fp_bit_1823|fp_bit_1827|fp_bit_1828|fp_bit_1829|fp_bit_1831|fp_bit_1835|fp_bit_1837|fp_bit_1838|fp_bit_1844|fp_bit_1847|fp_bit_1848|fp_bit_1849|fp_bit_1850|fp_bit_1855|fp_bit_1863|fp_bit_1865|fp_bit_1866|fp_bit_1868|fp_bit_1869|fp_bit_1870|fp_bit_1871|fp_bit_1873|fp_bit_1877|fp_bit_1878|fp_bit_1879|fp_bit_1881|fp_bit_1882|fp_bit_1883|fp_bit_1885|fp_bit_1888|fp_bit_1896|fp_bit_1898|fp_bit_1902|fp_bit_1904|fp_bit_1907|fp_bit_1911|fp_bit_1912|fp_bit_1917|fp_bit_1920|fp_bit_1921|fp_bit_1922|fp_bit_1923|fp_bit_1926|fp_bit_1934|fp_bit_1936|fp_bit_1937|fp_bit_1938|fp_bit_1939|fp_bit_1943|fp_bit_1945|fp_bit_1950|fp_bit_1951|fp_bit_1955|fp_bit_1956|fp_bit_1958|fp_bit_1959|fp_bit_1962|fp_bit_1963|fp_bit_1965|fp_bit_1966|fp_bit_1968|fp_bit_1970|fp_bit_1972|fp_bit_1974|fp_bit_1977|fp_bit_1978|fp_bit_1981|fp_bit_1983|fp_bit_1984|fp_bit_1985|fp_bit_1986|fp_bit_1988|fp_bit_1989|fp_bit_1991|fp_bit_1992|fp_bit_1997|fp_bit_2001|fp_bit_2005|fp_bit_2006|fp_bit_2010|fp_bit_2011|fp_bit_2012|fp_bit_2013|fp_bit_2014|fp_bit_2016|fp_bit_2017|fp_bit_2018|fp_bit_2020|fp_bit_2022|fp_bit_2024|fp_bit_2028|fp_bit_2029|fp_bit_2030|fp_bit_2035|fp_bit_2038|fp_bit_2040|fp_bit_2041|fp_bit_2046
SVM,Morgan FP,794,0.9172,0.8846,0.9037,0.9694,0.8846,0.8931,0.8568,0.8463,0.7627,0.8111,0.9442,0.7627,0.7842,0.7307,MutualInformation,fp_bit_0|fp_bit_1|fp_bit_7|fp_bit_8|fp_bit_11|fp_bit_13|fp_bit_17|fp_bit_20|fp_bit_22|fp_bit_25|fp_bit_28|fp_bit_29|fp_bit_31|fp_bit_33|fp_bit_35|fp_bit_36|fp_bit_38|fp_bit_41|fp_bit_43|fp_bit_47|fp_bit_51|fp_bit_54|fp_bit_55|fp_bit_57|fp_bit_60|fp_bit_66|fp_bit_70|fp_bit_74|fp_bit_75|fp_bit_79|fp_bit_80|fp_bit_81|fp_bit_89|fp_bit_92|fp_bit_93|fp_bit_94|fp_bit_98|fp_bit_100|fp_bit_101|fp_bit_102|fp_bit_106|fp_bit_107|fp_bit_108|fp_bit_109|fp_bit_114|fp_bit_115|fp_bit_116|fp_bit_117|fp_bit_118|fp_bit_121|fp_bit_131|fp_bit_132|fp_bit_140|fp_bit_142|fp_bit_144|fp_bit_147|fp_bit_155|fp_bit_158|fp_bit_160|fp_bit_165|fp_bit_166|fp_bit_167|fp_bit_168|fp_bit_170|fp_bit_171|fp_bit_172|fp_bit_173|fp_bit_175|fp_bit_192|fp_bit_193|fp_bit_194|fp_bit_197|fp_bit_204|fp_bit_209|fp_bit_215|fp_bit_216|fp_bit_219|fp_bit_221|fp_bit_222|fp_bit_223|fp_bit_227|fp_bit_229|fp_bit_231|fp_bit_234|fp_bit_240|fp_bit_249|fp_bit_250|fp_bit_253|fp_bit_255|fp_bit_257|fp_bit_261|fp_bit_263|fp_bit_267|fp_bit_268|fp_bit_270|fp_bit_275|fp_bit_277|fp_bit_279|fp_bit_283|fp_bit_290|fp_bit_294|fp_bit_295|fp_bit_298|fp_bit_299|fp_bit_301|fp_bit_305|fp_bit_306|fp_bit_309|fp_bit_313|fp_bit_314|fp_bit_319|fp_bit_322|fp_bit_323|fp_bit_325|fp_bit_335|fp_bit_340|fp_bit_341|fp_bit_344|fp_bit_348|fp_bit_353|fp_bit_354|fp_bit_356|fp_bit_357|fp_bit_360|fp_bit_361|fp_bit_362|fp_bit_369|fp_bit_370|fp_bit_376|fp_bit_378|fp_bit_381|fp_bit_383|fp_bit_384|fp_bit_385|fp_bit_386|fp_bit_389|fp_bit_390|fp_bit_393|fp_bit_394|fp_bit_396|fp_bit_397|fp_bit_400|fp_bit_401|fp_bit_403|fp_bit_409|fp_bit_413|fp_bit_417|fp_bit_418|fp_bit_432|fp_bit_435|fp_bit_438|fp_bit_441|fp_bit_442|fp_bit_443|fp_bit_444|fp_bit_448|fp_bit_454|fp_bit_456|fp_bit_458|fp_bit_461|fp_bit_467|fp_bit_471|fp_bit_472|fp_bit_473|fp_bit_474|fp_bit_477|fp_bit_478|fp_bit_479|fp_bit_482|fp_bit_483|fp_bit_485|fp_bit_486|fp_bit_488|fp_bit_489|fp_bit_492|fp_bit_495|fp_bit_497|fp_bit_501|fp_bit_503|fp_bit_504|fp_bit_506|fp_bit_517|fp_bit_519|fp_bit_520|fp_bit_524|fp_bit_525|fp_bit_526|fp_bit_528|fp_bit_529|fp_bit_530|fp_bit_534|fp_bit_535|fp_bit_538|fp_bit_542|fp_bit_544|fp_bit_548|fp_bit_549|fp_bit_550|fp_bit_552|fp_bit_553|fp_bit_555|fp_bit_556|fp_bit_557|fp_bit_561|fp_bit_564|fp_bit_568|fp_bit_569|fp_bit_572|fp_bit_573|fp_bit_576|fp_bit_577|fp_bit_578|fp_bit_580|fp_bit_585|fp_bit_587|fp_bit_588|fp_bit_589|fp_bit_591|fp_bit_598|fp_bit_599|fp_bit_602|fp_bit_604|fp_bit_605|fp_bit_606|fp_bit_608|fp_bit_610|fp_bit_611|fp_bit_612|fp_bit_614|fp_bit_617|fp_bit_622|fp_bit_623|fp_bit_631|fp_bit_641|fp_bit_643|fp_bit_645|fp_bit_650|fp_bit_651|fp_bit_656|fp_bit_657|fp_bit_663|fp_bit_664|fp_bit_667|fp_bit_669|fp_bit_670|fp_bit_675|fp_bit_677|fp_bit_679|fp_bit_680|fp_bit_688|fp_bit_689|fp_bit_694|fp_bit_695|fp_bit_696|fp_bit_706|fp_bit_711|fp_bit_712|fp_bit_713|fp_bit_715|fp_bit_716|fp_bit_717|fp_bit_722|fp_bit_724|fp_bit_727|fp_bit_728|fp_bit_729|fp_bit_730|fp_bit_733|fp_bit_736|fp_bit_737|fp_bit_738|fp_bit_739|fp_bit_744|fp_bit_747|fp_bit_749|fp_bit_750|fp_bit_752|fp_bit_753|fp_bit_757|fp_bit_759|fp_bit_760|fp_bit_765|fp_bit_766|fp_bit_768|fp_bit_769|fp_bit_775|fp_bit_778|fp_bit_780|fp_bit_781|fp_bit_784|fp_bit_786|fp_bit_787|fp_bit_794|fp_bit_795|fp_bit_797|fp_bit_798|fp_bit_801|fp_bit_802|fp_bit_804|fp_bit_807|fp_bit_810|fp_bit_816|fp_bit_818|fp_bit_821|fp_bit_822|fp_bit_823|fp_bit_827|fp_bit_828|fp_bit_833|fp_bit_835|fp_bit_837|fp_bit_838|fp_bit_841|fp_bit_842|fp_bit_844|fp_bit_845|fp_bit_848|fp_bit_849|fp_bit_850|fp_bit_851|fp_bit_854|fp_bit_857|fp_bit_860|fp_bit_861|fp_bit_863|fp_bit_864|fp_bit_868|fp_bit_869|fp_bit_871|fp_bit_873|fp_bit_875|fp_bit_876|fp_bit_889|fp_bit_890|fp_bit_891|fp_bit_892|fp_bit_894|fp_bit_896|fp_bit_897|fp_bit_899|fp_bit_900|fp_bit_901|fp_bit_904|fp_bit_905|fp_bit_911|fp_bit_912|fp_bit_914|fp_bit_916|fp_bit_918|fp_bit_923|fp_bit_925|fp_bit_926|fp_bit_929|fp_bit_930|fp_bit_932|fp_bit_935|fp_bit_937|fp_bit_941|fp_bit_942|fp_bit_946|fp_bit_950|fp_bit_952|fp_bit_955|fp_bit_957|fp_bit_959|fp_bit_960|fp_bit_962|fp_bit_966|fp_bit_973|fp_bit_976|fp_bit_979|fp_bit_981|fp_bit_983|fp_bit_984|fp_bit_986|fp_bit_987|fp_bit_988|fp_bit_989|fp_bit_991|fp_bit_992|fp_bit_994|fp_bit_998|fp_bit_1004|fp_bit_1007|fp_bit_1014|fp_bit_1017|fp_bit_1018|fp_bit_1019|fp_bit_1026|fp_bit_1027|fp_bit_1029|fp_bit_1031|fp_bit_1033|fp_bit_1034|fp_bit_1036|fp_bit_1037|fp_bit_1046|fp_bit_1049|fp_bit_1054|fp_bit_1057|fp_bit_1058|fp_bit_1060|fp_bit_1065|fp_bit_1066|fp_bit_1070|fp_bit_1074|fp_bit_1075|fp_bit_1077|fp_bit_1081|fp_bit_1083|fp_bit_1085|fp_bit_1086|fp_bit_1088|fp_bit_1089|fp_bit_1091|fp_bit_1095|fp_bit_1096|fp_bit_1097|fp_bit_1098|fp_bit_1099|fp_bit_1102|fp_bit_1104|fp_bit_1105|fp_bit_1110|fp_bit_1114|fp_bit_1118|fp_bit_1119|fp_bit_1126|fp_bit_1130|fp_bit_1132|fp_bit_1134|fp_bit_1135|fp_bit_1136|fp_bit_1138|fp_bit_1141|fp_bit_1142|fp_bit_1143|fp_bit_1144|fp_bit_1145|fp_bit_1152|fp_bit_1153|fp_bit_1154|fp_bit_1155|fp_bit_1157|fp_bit_1160|fp_bit_1162|fp_bit_1163|fp_bit_1169|fp_bit_1171|fp_bit_1174|fp_bit_1176|fp_bit_1185|fp_bit_1195|fp_bit_1196|fp_bit_1199|fp_bit_1200|fp_bit_1201|fp_bit_1205|fp_bit_1210|fp_bit_1214|fp_bit_1215|fp_bit_1216|fp_bit_1217|fp_bit_1218|fp_bit_1219|fp_bit_1223|fp_bit_1224|fp_bit_1229|fp_bit_1233|fp_bit_1234|fp_bit_1241|fp_bit_1243|fp_bit_1249|fp_bit_1253|fp_bit_1255|fp_bit_1256|fp_bit_1257|fp_bit_1258|fp_bit_1259|fp_bit_1263|fp_bit_1264|fp_bit_1265|fp_bit_1267|fp_bit_1269|fp_bit_1270|fp_bit_1273|fp_bit_1274|fp_bit_1275|fp_bit_1282|fp_bit_1284|fp_bit_1287|fp_bit_1289|fp_bit_1290|fp_bit_1292|fp_bit_1294|fp_bit_1296|fp_bit_1297|fp_bit_1302|fp_bit_1303|fp_bit_1304|fp_bit_1307|fp_bit_1308|fp_bit_1309|fp_bit_1312|fp_bit_1313|fp_bit_1314|fp_bit_1322|fp_bit_1323|fp_bit_1324|fp_bit_1325|fp_bit_1327|fp_bit_1332|fp_bit_1333|fp_bit_1336|fp_bit_1343|fp_bit_1344|fp_bit_1346|fp_bit_1347|fp_bit_1349|fp_bit_1351|fp_bit_1355|fp_bit_1356|fp_bit_1357|fp_bit_1360|fp_bit_1366|fp_bit_1375|fp_bit_1379|fp_bit_1380|fp_bit_1381|fp_bit_1385|fp_bit_1386|fp_bit_1391|fp_bit_1392|fp_bit_1393|fp_bit_1394|fp_bit_1397|fp_bit_1398|fp_bit_1399|fp_bit_1403|fp_bit_1406|fp_bit_1407|fp_bit_1411|fp_bit_1413|fp_bit_1414|fp_bit_1420|fp_bit_1422|fp_bit_1423|fp_bit_1424|fp_bit_1430|fp_bit_1431|fp_bit_1434|fp_bit_1435|fp_bit_1436|fp_bit_1438|fp_bit_1439|fp_bit_1440|fp_bit_1444|fp_bit_1448|fp_bit_1449|fp_bit_1450|fp_bit_1452|fp_bit_1457|fp_bit_1458|fp_bit_1459|fp_bit_1460|fp_bit_1461|fp_bit_1462|fp_bit_1463|fp_bit_1464|fp_bit_1468|fp_bit_1469|fp_bit_1470|fp_bit_1472|fp_bit_1475|fp_bit_1477|fp_bit_1480|fp_bit_1482|fp_bit_1483|fp_bit_1487|fp_bit_1490|fp_bit_1492|fp_bit_1496|fp_bit_1500|fp_bit_1502|fp_bit_1505|fp_bit_1508|fp_bit_1509|fp_bit_1511|fp_bit_1515|fp_bit_1516|fp_bit_1517|fp_bit_1518|fp_bit_1522|fp_bit_1527|fp_bit_1529|fp_bit_1530|fp_bit_1531|fp_bit_1533|fp_bit_1534|fp_bit_1535|fp_bit_1543|fp_bit_1545|fp_bit_1547|fp_bit_1549|fp_bit_1552|fp_bit_1553|fp_bit_1558|fp_bit_1560|fp_bit_1562|fp_bit_1564|fp_bit_1566|fp_bit_1571|fp_bit_1572|fp_bit_1573|fp_bit_1574|fp_bit_1575|fp_bit_1577|fp_bit_1581|fp_bit_1582|fp_bit_1586|fp_bit_1588|fp_bit_1600|fp_bit_1602|fp_bit_1604|fp_bit_1612|fp_bit_1614|fp_bit_1615|fp_bit_1616|fp_bit_1618|fp_bit_1622|fp_bit_1624|fp_bit_1626|fp_bit_1631|fp_bit_1634|fp_bit_1636|fp_bit_1637|fp_bit_1645|fp_bit_1646|fp_bit_1651|fp_bit_1652|fp_bit_1653|fp_bit_1657|fp_bit_1660|fp_bit_1671|fp_bit_1681|fp_bit_1683|fp_bit_1687|fp_bit_1690|fp_bit_1691|fp_bit_1695|fp_bit_1696|fp_bit_1697|fp_bit_1710|fp_bit_1711|fp_bit_1715|fp_bit_1716|fp_bit_1717|fp_bit_1722|fp_bit_1724|fp_bit_1727|fp_bit_1729|fp_bit_1731|fp_bit_1732|fp_bit_1737|fp_bit_1738|fp_bit_1739|fp_bit_1740|fp_bit_1743|fp_bit_1745|fp_bit_1747|fp_bit_1750|fp_bit_1753|fp_bit_1754|fp_bit_1755|fp_bit_1762|fp_bit_1764|fp_bit_1766|fp_bit_1768|fp_bit_1773|fp_bit_1776|fp_bit_1778|fp_bit_1781|fp_bit_1785|fp_bit_1788|fp_bit_1791|fp_bit_1796|fp_bit_1800|fp_bit_1803|fp_bit_1804|fp_bit_1806|fp_bit_1810|fp_bit_1814|fp_bit_1815|fp_bit_1816|fp_bit_1819|fp_bit_1821|fp_bit_1823|fp_bit_1827|fp_bit_1828|fp_bit_1829|fp_bit_1831|fp_bit_1835|fp_bit_1837|fp_bit_1838|fp_bit_1844|fp_bit_1847|fp_bit_1848|fp_bit_1849|fp_bit_1850|fp_bit_1855|fp_bit_1863|fp_bit_1865|fp_bit_1866|fp_bit_1868|fp_bit_1869|fp_bit_1870|fp_bit_1871|fp_bit_1873|fp_bit_1877|fp_bit_1878|fp_bit_1879|fp_bit_1881|fp_bit_1882|fp_bit_1883|fp_bit_1885|fp_bit_1888|fp_bit_1896|fp_bit_1898|fp_bit_1902|fp_bit_1904|fp_bit_1907|fp_bit_1911|fp_bit_1912|fp_bit_1917|fp_bit_1920|fp_bit_1921|fp_bit_1922|fp_bit_1923|fp_bit_1926|fp_bit_1934|fp_bit_1936|fp_bit_1937|fp_bit_1938|fp_bit_1939|fp_bit_1943|fp_bit_1945|fp_bit_1950|fp_bit_1951|fp_bit_1955|fp_bit_1956|fp_bit_1958|fp_bit_1959|fp_bit_1962|fp_bit_1963|fp_bit_1965|fp_bit_1966|fp_bit_1968|fp_bit_1970|fp_bit_1972|fp_bit_1974|fp_bit_1977|fp_bit_1978|fp_bit_1981|fp_bit_1983|fp_bit_1984|fp_bit_1985|fp_bit_1986|fp_bit_1988|fp_bit_1989|fp_bit_1991|fp_bit_1992|fp_bit_1997|fp_bit_2001|fp_bit_2005|fp_bit_2006|fp_bit_2010|fp_bit_2011|fp_bit_2012|fp_bit_2013|fp_bit_2014|fp_bit_2016|fp_bit_2017|fp_bit_2018|fp_bit_2020|fp_bit_2022|fp_bit_2024|fp_bit_2028|fp_bit_2029|fp_bit_2030|fp_bit_2035|fp_bit_2038|fp_bit_2040|fp_bit_2041|fp_bit_2046
BiGRU,Morgan FP,794,0.9122,0.9229,0.8793,0.9763,0.9229,0.8983,0.857,0.8438,0.8249,0.7938,0.9561,0.8249,0.8062,0.7449,MutualInformation,fp_bit_0|fp_bit_1|fp_bit_7|fp_bit_8|fp_bit_11|fp_bit_13|fp_bit_17|fp_bit_20|fp_bit_22|fp_bit_25|fp_bit_28|fp_bit_29|fp_bit_31|fp_bit_33|fp_bit_35|fp_bit_36|fp_bit_38|fp_bit_41|fp_bit_43|fp_bit_47|fp_bit_51|fp_bit_54|fp_bit_55|fp_bit_57|fp_bit_60|fp_bit_66|fp_bit_70|fp_bit_74|fp_bit_75|fp_bit_79|fp_bit_80|fp_bit_81|fp_bit_89|fp_bit_92|fp_bit_93|fp_bit_94|fp_bit_98|fp_bit_100|fp_bit_101|fp_bit_102|fp_bit_106|fp_bit_107|fp_bit_108|fp_bit_109|fp_bit_114|fp_bit_115|fp_bit_116|fp_bit_117|fp_bit_118|fp_bit_121|fp_bit_131|fp_bit_132|fp_bit_140|fp_bit_142|fp_bit_144|fp_bit_147|fp_bit_155|fp_bit_158|fp_bit_160|fp_bit_165|fp_bit_166|fp_bit_167|fp_bit_168|fp_bit_170|fp_bit_171|fp_bit_172|fp_bit_173|fp_bit_175|fp_bit_192|fp_bit_193|fp_bit_194|fp_bit_197|fp_bit_204|fp_bit_209|fp_bit_215|fp_bit_216|fp_bit_219|fp_bit_221|fp_bit_222|fp_bit_223|fp_bit_227|fp_bit_229|fp_bit_231|fp_bit_234|fp_bit_240|fp_bit_249|fp_bit_250|fp_bit_253|fp_bit_255|fp_bit_257|fp_bit_261|fp_bit_263|fp_bit_267|fp_bit_268|fp_bit_270|fp_bit_275|fp_bit_277|fp_bit_279|fp_bit_283|fp_bit_290|fp_bit_294|fp_bit_295|fp_bit_298|fp_bit_299|fp_bit_301|fp_bit_305|fp_bit_306|fp_bit_309|fp_bit_313|fp_bit_314|fp_bit_319|fp_bit_322|fp_bit_323|fp_bit_325|fp_bit_335|fp_bit_340|fp_bit_341|fp_bit_344|fp_bit_348|fp_bit_353|fp_bit_354|fp_bit_356|fp_bit_357|fp_bit_360|fp_bit_361|fp_bit_362|fp_bit_369|fp_bit_370|fp_bit_376|fp_bit_378|fp_bit_381|fp_bit_383|fp_bit_384|fp_bit_385|fp_bit_386|fp_bit_389|fp_bit_390|fp_bit_393|fp_bit_394|fp_bit_396|fp_bit_397|fp_bit_400|fp_bit_401|fp_bit_403|fp_bit_409|fp_bit_413|fp_bit_417|fp_bit_418|fp_bit_432|fp_bit_435|fp_bit_438|fp_bit_441|fp_bit_442|fp_bit_443|fp_bit_444|fp_bit_448|fp_bit_454|fp_bit_456|fp_bit_458|fp_bit_461|fp_bit_467|fp_bit_471|fp_bit_472|fp_bit_473|fp_bit_474|fp_bit_477|fp_bit_478|fp_bit_479|fp_bit_482|fp_bit_483|fp_bit_485|fp_bit_486|fp_bit_488|fp_bit_489|fp_bit_492|fp_bit_495|fp_bit_497|fp_bit_501|fp_bit_503|fp_bit_504|fp_bit_506|fp_bit_517|fp_bit_519|fp_bit_520|fp_bit_524|fp_bit_525|fp_bit_526|fp_bit_528|fp_bit_529|fp_bit_530|fp_bit_534|fp_bit_535|fp_bit_538|fp_bit_542|fp_bit_544|fp_bit_548|fp_bit_549|fp_bit_550|fp_bit_552|fp_bit_553|fp_bit_555|fp_bit_556|fp_bit_557|fp_bit_561|fp_bit_564|fp_bit_568|fp_bit_569|fp_bit_572|fp_bit_573|fp_bit_576|fp_bit_577|fp_bit_578|fp_bit_580|fp_bit_585|fp_bit_587|fp_bit_588|fp_bit_589|fp_bit_591|fp_bit_598|fp_bit_599|fp_bit_602|fp_bit_604|fp_bit_605|fp_bit_606|fp_bit_608|fp_bit_610|fp_bit_611|fp_bit_612|fp_bit_614|fp_bit_617|fp_bit_622|fp_bit_623|fp_bit_631|fp_bit_641|fp_bit_643|fp_bit_645|fp_bit_650|fp_bit_651|fp_bit_656|fp_bit_657|fp_bit_663|fp_bit_664|fp_bit_667|fp_bit_669|fp_bit_670|fp_bit_675|fp_bit_677|fp_bit_679|fp_bit_680|fp_bit_688|fp_bit_689|fp_bit_694|fp_bit_695|fp_bit_696|fp_bit_706|fp_bit_711|fp_bit_712|fp_bit_713|fp_bit_715|fp_bit_716|fp_bit_717|fp_bit_722|fp_bit_724|fp_bit_727|fp_bit_728|fp_bit_729|fp_bit_730|fp_bit_733|fp_bit_736|fp_bit_737|fp_bit_738|fp_bit_739|fp_bit_744|fp_bit_747|fp_bit_749|fp_bit_750|fp_bit_752|fp_bit_753|fp_bit_757|fp_bit_759|fp_bit_760|fp_bit_765|fp_bit_766|fp_bit_768|fp_bit_769|fp_bit_775|fp_bit_778|fp_bit_780|fp_bit_781|fp_bit_784|fp_bit_786|fp_bit_787|fp_bit_794|fp_bit_795|fp_bit_797|fp_bit_798|fp_bit_801|fp_bit_802|fp_bit_804|fp_bit_807|fp_bit_810|fp_bit_816|fp_bit_818|fp_bit_821|fp_bit_822|fp_bit_823|fp_bit_827|fp_bit_828|fp_bit_833|fp_bit_835|fp_bit_837|fp_bit_838|fp_bit_841|fp_bit_842|fp_bit_844|fp_bit_845|fp_bit_848|fp_bit_849|fp_bit_850|fp_bit_851|fp_bit_854|fp_bit_857|fp_bit_860|fp_bit_861|fp_bit_863|fp_bit_864|fp_bit_868|fp_bit_869|fp_bit_871|fp_bit_873|fp_bit_875|fp_bit_876|fp_bit_889|fp_bit_890|fp_bit_891|fp_bit_892|fp_bit_894|fp_bit_896|fp_bit_897|fp_bit_899|fp_bit_900|fp_bit_901|fp_bit_904|fp_bit_905|fp_bit_911|fp_bit_912|fp_bit_914|fp_bit_916|fp_bit_918|fp_bit_923|fp_bit_925|fp_bit_926|fp_bit_929|fp_bit_930|fp_bit_932|fp_bit_935|fp_bit_937|fp_bit_941|fp_bit_942|fp_bit_946|fp_bit_950|fp_bit_952|fp_bit_955|fp_bit_957|fp_bit_959|fp_bit_960|fp_bit_962|fp_bit_966|fp_bit_973|fp_bit_976|fp_bit_979|fp_bit_981|fp_bit_983|fp_bit_984|fp_bit_986|fp_bit_987|fp_bit_988|fp_bit_989|fp_bit_991|fp_bit_992|fp_bit_994|fp_bit_998|fp_bit_1004|fp_bit_1007|fp_bit_1014|fp_bit_1017|fp_bit_1018|fp_bit_1019|fp_bit_1026|fp_bit_1027|fp_bit_1029|fp_bit_1031|fp_bit_1033|fp_bit_1034|fp_bit_1036|fp_bit_1037|fp_bit_1046|fp_bit_1049|fp_bit_1054|fp_bit_1057|fp_bit_1058|fp_bit_1060|fp_bit_1065|fp_bit_1066|fp_bit_1070|fp_bit_1074|fp_bit_1075|fp_bit_1077|fp_bit_1081|fp_bit_1083|fp_bit_1085|fp_bit_1086|fp_bit_1088|fp_bit_1089|fp_bit_1091|fp_bit_1095|fp_bit_1096|fp_bit_1097|fp_bit_1098|fp_bit_1099|fp_bit_1102|fp_bit_1104|fp_bit_1105|fp_bit_1110|fp_bit_1114|fp_bit_1118|fp_bit_1119|fp_bit_1126|fp_bit_1130|fp_bit_1132|fp_bit_1134|fp_bit_1135|fp_bit_1136|fp_bit_1138|fp_bit_1141|fp_bit_1142|fp_bit_1143|fp_bit_1144|fp_bit_1145|fp_bit_1152|fp_bit_1153|fp_bit_1154|fp_bit_1155|fp_bit_1157|fp_bit_1160|fp_bit_1162|fp_bit_1163|fp_bit_1169|fp_bit_1171|fp_bit_1174|fp_bit_1176|fp_bit_1185|fp_bit_1195|fp_bit_1196|fp_bit_1199|fp_bit_1200|fp_bit_1201|fp_bit_1205|fp_bit_1210|fp_bit_1214|fp_bit_1215|fp_bit_1216|fp_bit_1217|fp_bit_1218|fp_bit_1219|fp_bit_1223|fp_bit_1224|fp_bit_1229|fp_bit_1233|fp_bit_1234|fp_bit_1241|fp_bit_1243|fp_bit_1249|fp_bit_1253|fp_bit_1255|fp_bit_1256|fp_bit_1257|fp_bit_1258|fp_bit_1259|fp_bit_1263|fp_bit_1264|fp_bit_1265|fp_bit_1267|fp_bit_1269|fp_bit_1270|fp_bit_1273|fp_bit_1274|fp_bit_1275|fp_bit_1282|fp_bit_1284|fp_bit_1287|fp_bit_1289|fp_bit_1290|fp_bit_1292|fp_bit_1294|fp_bit_1296|fp_bit_1297|fp_bit_1302|fp_bit_1303|fp_bit_1304|fp_bit_1307|fp_bit_1308|fp_bit_1309|fp_bit_1312|fp_bit_1313|fp_bit_1314|fp_bit_1322|fp_bit_1323|fp_bit_1324|fp_bit_1325|fp_bit_1327|fp_bit_1332|fp_bit_1333|fp_bit_1336|fp_bit_1343|fp_bit_1344|fp_bit_1346|fp_bit_1347|fp_bit_1349|fp_bit_1351|fp_bit_1355|fp_bit_1356|fp_bit_1357|fp_bit_1360|fp_bit_1366|fp_bit_1375|fp_bit_1379|fp_bit_1380|fp_bit_1381|fp_bit_1385|fp_bit_1386|fp_bit_1391|fp_bit_1392|fp_bit_1393|fp_bit_1394|fp_bit_1397|fp_bit_1398|fp_bit_1399|fp_bit_1403|fp_bit_1406|fp_bit_1407|fp_bit_1411|fp_bit_1413|fp_bit_1414|fp_bit_1420|fp_bit_1422|fp_bit_1423|fp_bit_1424|fp_bit_1430|fp_bit_1431|fp_bit_1434|fp_bit_1435|fp_bit_1436|fp_bit_1438|fp_bit_1439|fp_bit_1440|fp_bit_1444|fp_bit_1448|fp_bit_1449|fp_bit_1450|fp_bit_1452|fp_bit_1457|fp_bit_1458|fp_bit_1459|fp_bit_1460|fp_bit_1461|fp_bit_1462|fp_bit_1463|fp_bit_1464|fp_bit_1468|fp_bit_1469|fp_bit_1470|fp_bit_1472|fp_bit_1475|fp_bit_1477|fp_bit_1480|fp_bit_1482|fp_bit_1483|fp_bit_1487|fp_bit_1490|fp_bit_1492|fp_bit_1496|fp_bit_1500|fp_bit_1502|fp_bit_1505|fp_bit_1508|fp_bit_1509|fp_bit_1511|fp_bit_1515|fp_bit_1516|fp_bit_1517|fp_bit_1518|fp_bit_1522|fp_bit_1527|fp_bit_1529|fp_bit_1530|fp_bit_1531|fp_bit_1533|fp_bit_1534|fp_bit_1535|fp_bit_1543|fp_bit_1545|fp_bit_1547|fp_bit_1549|fp_bit_1552|fp_bit_1553|fp_bit_1558|fp_bit_1560|fp_bit_1562|fp_bit_1564|fp_bit_1566|fp_bit_1571|fp_bit_1572|fp_bit_1573|fp_bit_1574|fp_bit_1575|fp_bit_1577|fp_bit_1581|fp_bit_1582|fp_bit_1586|fp_bit_1588|fp_bit_1600|fp_bit_1602|fp_bit_1604|fp_bit_1612|fp_bit_1614|fp_bit_1615|fp_bit_1616|fp_bit_1618|fp_bit_1622|fp_bit_1624|fp_bit_1626|fp_bit_1631|fp_bit_1634|fp_bit_1636|fp_bit_1637|fp_bit_1645|fp_bit_1646|fp_bit_1651|fp_bit_1652|fp_bit_1653|fp_bit_1657|fp_bit_1660|fp_bit_1671|fp_bit_1681|fp_bit_1683|fp_bit_1687|fp_bit_1690|fp_bit_1691|fp_bit_1695|fp_bit_1696|fp_bit_1697|fp_bit_1710|fp_bit_1711|fp_bit_1715|fp_bit_1716|fp_bit_1717|fp_bit_1722|fp_bit_1724|fp_bit_1727|fp_bit_1729|fp_bit_1731|fp_bit_1732|fp_bit_1737|fp_bit_1738|fp_bit_1739|fp_bit_1740|fp_bit_1743|fp_bit_1745|fp_bit_1747|fp_bit_1750|fp_bit_1753|fp_bit_1754|fp_bit_1755|fp_bit_1762|fp_bit_1764|fp_bit_1766|fp_bit_1768|fp_bit_1773|fp_bit_1776|fp_bit_1778|fp_bit_1781|fp_bit_1785|fp_bit_1788|fp_bit_1791|fp_bit_1796|fp_bit_1800|fp_bit_1803|fp_bit_1804|fp_bit_1806|fp_bit_1810|fp_bit_1814|fp_bit_1815|fp_bit_1816|fp_bit_1819|fp_bit_1821|fp_bit_1823|fp_bit_1827|fp_bit_1828|fp_bit_1829|fp_bit_1831|fp_bit_1835|fp_bit_1837|fp_bit_1838|fp_bit_1844|fp_bit_1847|fp_bit_1848|fp_bit_1849|fp_bit_1850|fp_bit_1855|fp_bit_1863|fp_bit_1865|fp_bit_1866|fp_bit_1868|fp_bit_1869|fp_bit_1870|fp_bit_1871|fp_bit_1873|fp_bit_1877|fp_bit_1878|fp_bit_1879|fp_bit_1881|fp_bit_1882|fp_bit_1883|fp_bit_1885|fp_bit_1888|fp_bit_1896|fp_bit_1898|fp_bit_1902|fp_bit_1904|fp_bit_1907|fp_bit_1911|fp_bit_1912|fp_bit_1917|fp_bit_1920|fp_bit_1921|fp_bit_1922|fp_bit_1923|fp_bit_1926|fp_bit_1934|fp_bit_1936|fp_bit_1937|fp_bit_1938|fp_bit_1939|fp_bit_1943|fp_bit_1945|fp_bit_1950|fp_bit_1951|fp_bit_1955|fp_bit_1956|fp_bit_1958|fp_bit_1959|fp_bit_1962|fp_bit_1963|fp_bit_1965|fp_bit_1966|fp_bit_1968|fp_bit_1970|fp_bit_1972|fp_bit_1974|fp_bit_1977|fp_bit_1978|fp_bit_1981|fp_bit_1983|fp_bit_1984|fp_bit_1985|fp_bit_1986|fp_bit_1988|fp_bit_1989|fp_bit_1991|fp_bit_1992|fp_bit_1997|fp_bit_2001|fp_bit_2005|fp_bit_2006|fp_bit_2010|fp_bit_2011|fp_bit_2012|fp_bit_2013|fp_bit_2014|fp_bit_2016|fp_bit_2017|fp_bit_2018|fp_bit_2020|fp_bit_2022|fp_bit_2024|fp_bit_2028|fp_bit_2029|fp_bit_2030|fp_bit_2035|fp_bit_2038|fp_bit_2040|fp_bit_2041|fp_bit_2046
BiLSTM,Morgan FP,794,0.9386,0.9509,0.9075,0.984,0.9509,0.927,0.8995,0.8494,0.8275,0.7875,0.9579,0.8275,0.8047,0.7533,MutualInformation,fp_bit_0|fp_bit_1|fp_bit_7|fp_bit_8|fp_bit_11|fp_bit_13|fp_bit_17|fp_bit_20|fp_bit_22|fp_bit_25|fp_bit_28|fp_bit_29|fp_bit_31|fp_bit_33|fp_bit_35|fp_bit_36|fp_bit_38|fp_bit_41|fp_bit_43|fp_bit_47|fp_bit_51|fp_bit_54|fp_bit_55|fp_bit_57|fp_bit_60|fp_bit_66|fp_bit_70|fp_bit_74|fp_bit_75|fp_bit_79|fp_bit_80|fp_bit_81|fp_bit_89|fp_bit_92|fp_bit_93|fp_bit_94|fp_bit_98|fp_bit_100|fp_bit_101|fp_bit_102|fp_bit_106|fp_bit_107|fp_bit_108|fp_bit_109|fp_bit_114|fp_bit_115|fp_bit_116|fp_bit_117|fp_bit_118|fp_bit_121|fp_bit_131|fp_bit_132|fp_bit_140|fp_bit_142|fp_bit_144|fp_bit_147|fp_bit_155|fp_bit_158|fp_bit_160|fp_bit_165|fp_bit_166|fp_bit_167|fp_bit_168|fp_bit_170|fp_bit_171|fp_bit_172|fp_bit_173|fp_bit_175|fp_bit_192|fp_bit_193|fp_bit_194|fp_bit_197|fp_bit_204|fp_bit_209|fp_bit_215|fp_bit_216|fp_bit_219|fp_bit_221|fp_bit_222|fp_bit_223|fp_bit_227|fp_bit_229|fp_bit_231|fp_bit_234|fp_bit_240|fp_bit_249|fp_bit_250|fp_bit_253|fp_bit_255|fp_bit_257|fp_bit_261|fp_bit_263|fp_bit_267|fp_bit_268|fp_bit_270|fp_bit_275|fp_bit_277|fp_bit_279|fp_bit_283|fp_bit_290|fp_bit_294|fp_bit_295|fp_bit_298|fp_bit_299|fp_bit_301|fp_bit_305|fp_bit_306|fp_bit_309|fp_bit_313|fp_bit_314|fp_bit_319|fp_bit_322|fp_bit_323|fp_bit_325|fp_bit_335|fp_bit_340|fp_bit_341|fp_bit_344|fp_bit_348|fp_bit_353|fp_bit_354|fp_bit_356|fp_bit_357|fp_bit_360|fp_bit_361|fp_bit_362|fp_bit_369|fp_bit_370|fp_bit_376|fp_bit_378|fp_bit_381|fp_bit_383|fp_bit_384|fp_bit_385|fp_bit_386|fp_bit_389|fp_bit_390|fp_bit_393|fp_bit_394|fp_bit_396|fp_bit_397|fp_bit_400|fp_bit_401|fp_bit_403|fp_bit_409|fp_bit_413|fp_bit_417|fp_bit_418|fp_bit_432|fp_bit_435|fp_bit_438|fp_bit_441|fp_bit_442|fp_bit_443|fp_bit_444|fp_bit_448|fp_bit_454|fp_bit_456|fp_bit_458|fp_bit_461|fp_bit_467|fp_bit_471|fp_bit_472|fp_bit_473|fp_bit_474|fp_bit_477|fp_bit_478|fp_bit_479|fp_bit_482|fp_bit_483|fp_bit_485|fp_bit_486|fp_bit_488|fp_bit_489|fp_bit_492|fp_bit_495|fp_bit_497|fp_bit_501|fp_bit_503|fp_bit_504|fp_bit_506|fp_bit_517|fp_bit_519|fp_bit_520|fp_bit_524|fp_bit_525|fp_bit_526|fp_bit_528|fp_bit_529|fp_bit_530|fp_bit_534|fp_bit_535|fp_bit_538|fp_bit_542|fp_bit_544|fp_bit_548|fp_bit_549|fp_bit_550|fp_bit_552|fp_bit_553|fp_bit_555|fp_bit_556|fp_bit_557|fp_bit_561|fp_bit_564|fp_bit_568|fp_bit_569|fp_bit_572|fp_bit_573|fp_bit_576|fp_bit_577|fp_bit_578|fp_bit_580|fp_bit_585|fp_bit_587|fp_bit_588|fp_bit_589|fp_bit_591|fp_bit_598|fp_bit_599|fp_bit_602|fp_bit_604|fp_bit_605|fp_bit_606|fp_bit_608|fp_bit_610|fp_bit_611|fp_bit_612|fp_bit_614|fp_bit_617|fp_bit_622|fp_bit_623|fp_bit_631|fp_bit_641|fp_bit_643|fp_bit_645|fp_bit_650|fp_bit_651|fp_bit_656|fp_bit_657|fp_bit_663|fp_bit_664|fp_bit_667|fp_bit_669|fp_bit_670|fp_bit_675|fp_bit_677|fp_bit_679|fp_bit_680|fp_bit_688|fp_bit_689|fp_bit_694|fp_bit_695|fp_bit_696|fp_bit_706|fp_bit_711|fp_bit_712|fp_bit_713|fp_bit_715|fp_bit_716|fp_bit_717|fp_bit_722|fp_bit_724|fp_bit_727|fp_bit_728|fp_bit_729|fp_bit_730|fp_bit_733|fp_bit_736|fp_bit_737|fp_bit_738|fp_bit_739|fp_bit_744|fp_bit_747|fp_bit_749|fp_bit_750|fp_bit_752|fp_bit_753|fp_bit_757|fp_bit_759|fp_bit_760|fp_bit_765|fp_bit_766|fp_bit_768|fp_bit_769|fp_bit_775|fp_bit_778|fp_bit_780|fp_bit_781|fp_bit_784|fp_bit_786|fp_bit_787|fp_bit_794|fp_bit_795|fp_bit_797|fp_bit_798|fp_bit_801|fp_bit_802|fp_bit_804|fp_bit_807|fp_bit_810|fp_bit_816|fp_bit_818|fp_bit_821|fp_bit_822|fp_bit_823|fp_bit_827|fp_bit_828|fp_bit_833|fp_bit_835|fp_bit_837|fp_bit_838|fp_bit_841|fp_bit_842|fp_bit_844|fp_bit_845|fp_bit_848|fp_bit_849|fp_bit_850|fp_bit_851|fp_bit_854|fp_bit_857|fp_bit_860|fp_bit_861|fp_bit_863|fp_bit_864|fp_bit_868|fp_bit_869|fp_bit_871|fp_bit_873|fp_bit_875|fp_bit_876|fp_bit_889|fp_bit_890|fp_bit_891|fp_bit_892|fp_bit_894|fp_bit_896|fp_bit_897|fp_bit_899|fp_bit_900|fp_bit_901|fp_bit_904|fp_bit_905|fp_bit_911|fp_bit_912|fp_bit_914|fp_bit_916|fp_bit_918|fp_bit_923|fp_bit_925|fp_bit_926|fp_bit_929|fp_bit_930|fp_bit_932|fp_bit_935|fp_bit_937|fp_bit_941|fp_bit_942|fp_bit_946|fp_bit_950|fp_bit_952|fp_bit_955|fp_bit_957|fp_bit_959|fp_bit_960|fp_bit_962|fp_bit_966|fp_bit_973|fp_bit_976|fp_bit_979|fp_bit_981|fp_bit_983|fp_bit_984|fp_bit_986|fp_bit_987|fp_bit_988|fp_bit_989|fp_bit_991|fp_bit_992|fp_bit_994|fp_bit_998|fp_bit_1004|fp_bit_1007|fp_bit_1014|fp_bit_1017|fp_bit_1018|fp_bit_1019|fp_bit_1026|fp_bit_1027|fp_bit_1029|fp_bit_1031|fp_bit_1033|fp_bit_1034|fp_bit_1036|fp_bit_1037|fp_bit_1046|fp_bit_1049|fp_bit_1054|fp_bit_1057|fp_bit_1058|fp_bit_1060|fp_bit_1065|fp_bit_1066|fp_bit_1070|fp_bit_1074|fp_bit_1075|fp_bit_1077|fp_bit_1081|fp_bit_1083|fp_bit_1085|fp_bit_1086|fp_bit_1088|fp_bit_1089|fp_bit_1091|fp_bit_1095|fp_bit_1096|fp_bit_1097|fp_bit_1098|fp_bit_1099|fp_bit_1102|fp_bit_1104|fp_bit_1105|fp_bit_1110|fp_bit_1114|fp_bit_1118|fp_bit_1119|fp_bit_1126|fp_bit_1130|fp_bit_1132|fp_bit_1134|fp_bit_1135|fp_bit_1136|fp_bit_1138|fp_bit_1141|fp_bit_1142|fp_bit_1143|fp_bit_1144|fp_bit_1145|fp_bit_1152|fp_bit_1153|fp_bit_1154|fp_bit_1155|fp_bit_1157|fp_bit_1160|fp_bit_1162|fp_bit_1163|fp_bit_1169|fp_bit_1171|fp_bit_1174|fp_bit_1176|fp_bit_1185|fp_bit_1195|fp_bit_1196|fp_bit_1199|fp_bit_1200|fp_bit_1201|fp_bit_1205|fp_bit_1210|fp_bit_1214|fp_bit_1215|fp_bit_1216|fp_bit_1217|fp_bit_1218|fp_bit_1219|fp_bit_1223|fp_bit_1224|fp_bit_1229|fp_bit_1233|fp_bit_1234|fp_bit_1241|fp_bit_1243|fp_bit_1249|fp_bit_1253|fp_bit_1255|fp_bit_1256|fp_bit_1257|fp_bit_1258|fp_bit_1259|fp_bit_1263|fp_bit_1264|fp_bit_1265|fp_bit_1267|fp_bit_1269|fp_bit_1270|fp_bit_1273|fp_bit_1274|fp_bit_1275|fp_bit_1282|fp_bit_1284|fp_bit_1287|fp_bit_1289|fp_bit_1290|fp_bit_1292|fp_bit_1294|fp_bit_1296|fp_bit_1297|fp_bit_1302|fp_bit_1303|fp_bit_1304|fp_bit_1307|fp_bit_1308|fp_bit_1309|fp_bit_1312|fp_bit_1313|fp_bit_1314|fp_bit_1322|fp_bit_1323|fp_bit_1324|fp_bit_1325|fp_bit_1327|fp_bit_1332|fp_bit_1333|fp_bit_1336|fp_bit_1343|fp_bit_1344|fp_bit_1346|fp_bit_1347|fp_bit_1349|fp_bit_1351|fp_bit_1355|fp_bit_1356|fp_bit_1357|fp_bit_1360|fp_bit_1366|fp_bit_1375|fp_bit_1379|fp_bit_1380|fp_bit_1381|fp_bit_1385|fp_bit_1386|fp_bit_1391|fp_bit_1392|fp_bit_1393|fp_bit_1394|fp_bit_1397|fp_bit_1398|fp_bit_1399|fp_bit_1403|fp_bit_1406|fp_bit_1407|fp_bit_1411|fp_bit_1413|fp_bit_1414|fp_bit_1420|fp_bit_1422|fp_bit_1423|fp_bit_1424|fp_bit_1430|fp_bit_1431|fp_bit_1434|fp_bit_1435|fp_bit_1436|fp_bit_1438|fp_bit_1439|fp_bit_1440|fp_bit_1444|fp_bit_1448|fp_bit_1449|fp_bit_1450|fp_bit_1452|fp_bit_1457|fp_bit_1458|fp_bit_1459|fp_bit_1460|fp_bit_1461|fp_bit_1462|fp_bit_1463|fp_bit_1464|fp_bit_1468|fp_bit_1469|fp_bit_1470|fp_bit_1472|fp_bit_1475|fp_bit_1477|fp_bit_1480|fp_bit_1482|fp_bit_1483|fp_bit_1487|fp_bit_1490|fp_bit_1492|fp_bit_1496|fp_bit_1500|fp_bit_1502|fp_bit_1505|fp_bit_1508|fp_bit_1509|fp_bit_1511|fp_bit_1515|fp_bit_1516|fp_bit_1517|fp_bit_1518|fp_bit_1522|fp_bit_1527|fp_bit_1529|fp_bit_1530|fp_bit_1531|fp_bit_1533|fp_bit_1534|fp_bit_1535|fp_bit_1543|fp_bit_1545|fp_bit_1547|fp_bit_1549|fp_bit_1552|fp_bit_1553|fp_bit_1558|fp_bit_1560|fp_bit_1562|fp_bit_1564|fp_bit_1566|fp_bit_1571|fp_bit_1572|fp_bit_1573|fp_bit_1574|fp_bit_1575|fp_bit_1577|fp_bit_1581|fp_bit_1582|fp_bit_1586|fp_bit_1588|fp_bit_1600|fp_bit_1602|fp_bit_1604|fp_bit_1612|fp_bit_1614|fp_bit_1615|fp_bit_1616|fp_bit_1618|fp_bit_1622|fp_bit_1624|fp_bit_1626|fp_bit_1631|fp_bit_1634|fp_bit_1636|fp_bit_1637|fp_bit_1645|fp_bit_1646|fp_bit_1651|fp_bit_1652|fp_bit_1653|fp_bit_1657|fp_bit_1660|fp_bit_1671|fp_bit_1681|fp_bit_1683|fp_bit_1687|fp_bit_1690|fp_bit_1691|fp_bit_1695|fp_bit_1696|fp_bit_1697|fp_bit_1710|fp_bit_1711|fp_bit_1715|fp_bit_1716|fp_bit_1717|fp_bit_1722|fp_bit_1724|fp_bit_1727|fp_bit_1729|fp_bit_1731|fp_bit_1732|fp_bit_1737|fp_bit_1738|fp_bit_1739|fp_bit_1740|fp_bit_1743|fp_bit_1745|fp_bit_1747|fp_bit_1750|fp_bit_1753|fp_bit_1754|fp_bit_1755|fp_bit_1762|fp_bit_1764|fp_bit_1766|fp_bit_1768|fp_bit_1773|fp_bit_1776|fp_bit_1778|fp_bit_1781|fp_bit_1785|fp_bit_1788|fp_bit_1791|fp_bit_1796|fp_bit_1800|fp_bit_1803|fp_bit_1804|fp_bit_1806|fp_bit_1810|fp_bit_1814|fp_bit_1815|fp_bit_1816|fp_bit_1819|fp_bit_1821|fp_bit_1823|fp_bit_1827|fp_bit_1828|fp_bit_1829|fp_bit_1831|fp_bit_1835|fp_bit_1837|fp_bit_1838|fp_bit_1844|fp_bit_1847|fp_bit_1848|fp_bit_1849|fp_bit_1850|fp_bit_1855|fp_bit_1863|fp_bit_1865|fp_bit_1866|fp_bit_1868|fp_bit_1869|fp_bit_1870|fp_bit_1871|fp_bit_1873|fp_bit_1877|fp_bit_1878|fp_bit_1879|fp_bit_1881|fp_bit_1882|fp_bit_1883|fp_bit_1885|fp_bit_1888|fp_bit_1896|fp_bit_1898|fp_bit_1902|fp_bit_1904|fp_bit_1907|fp_bit_1911|fp_bit_1912|fp_bit_1917|fp_bit_1920|fp_bit_1921|fp_bit_1922|fp_bit_1923|fp_bit_1926|fp_bit_1934|fp_bit_1936|fp_bit_1937|fp_bit_1938|fp_bit_1939|fp_bit_1943|fp_bit_1945|fp_bit_1950|fp_bit_1951|fp_bit_1955|fp_bit_1956|fp_bit_1958|fp_bit_1959|fp_bit_1962|fp_bit_1963|fp_bit_1965|fp_bit_1966|fp_bit_1968|fp_bit_1970|fp_bit_1972|fp_bit_1974|fp_bit_1977|fp_bit_1978|fp_bit_1981|fp_bit_1983|fp_bit_1984|fp_bit_1985|fp_bit_1986|fp_bit_1988|fp_bit_1989|fp_bit_1991|fp_bit_1992|fp_bit_1997|fp_bit_2001|fp_bit_2005|fp_bit_2006|fp_bit_2010|fp_bit_2011|fp_bit_2012|fp_bit_2013|fp_bit_2014|fp_bit_2016|fp_bit_2017|fp_bit_2018|fp_bit_2020|fp_bit_2022|fp_bit_2024|fp_bit_2028|fp_bit_2029|fp_bit_2030|fp_bit_2035|fp_bit_2038|fp_bit_2040|fp_bit_2041|fp_bit_2046
Logistic Regression,MACCS,64,0.7816,0.6846,0.7206,0.9205,0.6846,0.6993,0.6149,0.7759,0.675,0.7185,0.9186,0.675,0.6925,0.6044,MutualInformation,maccs_50|maccs_53|maccs_54|maccs_57|maccs_72|maccs_76|maccs_79|maccs_82|maccs_84|maccs_88|maccs_89|maccs_90|maccs_91|maccs_92|maccs_94|maccs_95|maccs_97|maccs_98|maccs_99|maccs_101|maccs_104|maccs_105|maccs_108|maccs_109|maccs_110|maccs_111|maccs_114|maccs_115|maccs_116|maccs_117|maccs_118|maccs_120|maccs_123|maccs_126|maccs_127|maccs_128|maccs_131|maccs_132|maccs_136|maccs_137|maccs_138|maccs_139|maccs_140|maccs_142|maccs_143|maccs_145|maccs_146|maccs_147|maccs_149|maccs_150|maccs_151|maccs_152|maccs_153|maccs_154|maccs_155|maccs_156|maccs_157|maccs_158|maccs_159|maccs_160|maccs_161|maccs_163|maccs_164|maccs_165
Decision Tree,MACCS,64,0.9557,0.9368,0.9601,0.9822,0.9368,0.9479,0.9236,0.8491,0.7634,0.7976,0.9477,0.7634,0.7791,0.7373,MutualInformation,maccs_50|maccs_53|maccs_54|maccs_57|maccs_72|maccs_76|maccs_79|maccs_82|maccs_84|maccs_88|maccs_89|maccs_90|maccs_91|maccs_92|maccs_94|maccs_95|maccs_97|maccs_98|maccs_99|maccs_101|maccs_104|maccs_105|maccs_108|maccs_109|maccs_110|maccs_111|maccs_114|maccs_115|maccs_116|maccs_117|maccs_118|maccs_120|maccs_123|maccs_126|maccs_127|maccs_128|maccs_131|maccs_132|maccs_136|maccs_137|maccs_138|maccs_139|maccs_140|maccs_142|maccs_143|maccs_145|maccs_146|maccs_147|maccs_149|maccs_150|maccs_151|maccs_152|maccs_153|maccs_154|maccs_155|maccs_156|maccs_157|maccs_158|maccs_159|maccs_160|maccs_161|maccs_163|maccs_164|maccs_165
Random Forest,MACCS,64,0.9557,0.9457,0.9529,0.9839,0.9457,0.949,0.924,0.8769,0.826,0.8594,0.9559,0.826,0.8418,0.786,MutualInformation,maccs_50|maccs_53|maccs_54|maccs_57|maccs_72|maccs_76|maccs_79|maccs_82|maccs_84|maccs_88|maccs_89|maccs_90|maccs_91|maccs_92|maccs_94|maccs_95|maccs_97|maccs_98|maccs_99|maccs_101|maccs_104|maccs_105|maccs_108|maccs_109|maccs_110|maccs_111|maccs_114|maccs_115|maccs_116|maccs_117|maccs_118|maccs_120|maccs_123|maccs_126|maccs_127|maccs_128|maccs_131|maccs_132|maccs_136|maccs_137|maccs_138|maccs_139|maccs_140|maccs_142|maccs_143|maccs_145|maccs_146|maccs_147|maccs_149|maccs_150|maccs_151|maccs_152|maccs_153|maccs_154|maccs_155|maccs_156|maccs_157|maccs_158|maccs_159|maccs_160|maccs_161|maccs_163|maccs_164|maccs_165
Extra Trees,MACCS,64,0.9557,0.9368,0.9601,0.9822,0.9368,0.9479,0.9236,0.8771,0.819,0.8576,0.9553,0.819,0.8372,0.786,MutualInformation,maccs_50|maccs_53|maccs_54|maccs_57|maccs_72|maccs_76|maccs_79|maccs_82|maccs_84|maccs_88|maccs_89|maccs_90|maccs_91|maccs_92|maccs_94|maccs_95|maccs_97|maccs_98|maccs_99|maccs_101|maccs_104|maccs_105|maccs_108|maccs_109|maccs_110|maccs_111|maccs_114|maccs_115|maccs_116|maccs_117|maccs_118|maccs_120|maccs_123|maccs_126|maccs_127|maccs_128|maccs_131|maccs_132|maccs_136|maccs_137|maccs_138|maccs_139|maccs_140|maccs_142|maccs_143|maccs_145|maccs_146|maccs_147|maccs_149|maccs_150|maccs_151|maccs_152|maccs_153|maccs_154|maccs_155|maccs_156|maccs_157|maccs_158|maccs_159|maccs_160|maccs_161|maccs_163|maccs_164|maccs_165
Gradient Boosting,MACCS,64,0.925,0.909,0.9176,0.9724,0.909,0.9127,0.8709,0.8668,0.8159,0.8367,0.9532,0.8159,0.8256,0.7689,MutualInformation,maccs_50|maccs_53|maccs_54|maccs_57|maccs_72|maccs_76|maccs_79|maccs_82|maccs_84|maccs_88|maccs_89|maccs_90|maccs_91|maccs_92|maccs_94|maccs_95|maccs_97|maccs_98|maccs_99|maccs_101|maccs_104|maccs_105|maccs_108|maccs_109|maccs_110|maccs_111|maccs_114|maccs_115|maccs_116|maccs_117|maccs_118|maccs_120|maccs_123|maccs_126|maccs_127|maccs_128|maccs_131|maccs_132|maccs_136|maccs_137|maccs_138|maccs_139|maccs_140|maccs_142|maccs_143|maccs_145|maccs_146|maccs_147|maccs_149|maccs_150|maccs_151|maccs_152|maccs_153|maccs_154|maccs_155|maccs_156|maccs_157|maccs_158|maccs_159|maccs_160|maccs_161|maccs_163|maccs_164|maccs_165
AdaBoost,MACCS,64,0.6585,0.3176,0.3357,0.8521,0.3176,0.3124,0.3207,0.6592,0.3159,0.3374,0.8519,0.3159,0.3117,0.3212,MutualInformation,maccs_50|maccs_53|maccs_54|maccs_57|maccs_72|maccs_76|maccs_79|maccs_82|maccs_84|maccs_88|maccs_89|maccs_90|maccs_91|maccs_92|maccs_94|maccs_95|maccs_97|maccs_98|maccs_99|maccs_101|maccs_104|maccs_105|maccs_108|maccs_109|maccs_110|maccs_111|maccs_114|maccs_115|maccs_116|maccs_117|maccs_118|maccs_120|maccs_123|maccs_126|maccs_127|maccs_128|maccs_131|maccs_132|maccs_136|maccs_137|maccs_138|maccs_139|maccs_140|maccs_142|maccs_143|maccs_145|maccs_146|maccs_147|maccs_149|maccs_150|maccs_151|maccs_152|maccs_153|maccs_154|maccs_155|maccs_156|maccs_157|maccs_158|maccs_159|maccs_160|maccs_161|maccs_163|maccs_164|maccs_165
XGBoost,MACCS,64,0.9355,0.9217,0.931,0.9762,0.9217,0.9258,0.8891,0.8743,0.8262,0.8506,0.956,0.8262,0.8379,0.7822,MutualInformation,maccs_50|maccs_53|maccs_54|maccs_57|maccs_72|maccs_76|maccs_79|maccs_82|maccs_84|maccs_88|maccs_89|maccs_90|maccs_91|maccs_92|maccs_94|maccs_95|maccs_97|maccs_98|maccs_99|maccs_101|maccs_104|maccs_105|maccs_108|maccs_109|maccs_110|maccs_111|maccs_114|maccs_115|maccs_116|maccs_117|maccs_118|maccs_120|maccs_123|maccs_126|maccs_127|maccs_128|maccs_131|maccs_132|maccs_136|maccs_137|maccs_138|maccs_139|maccs_140|maccs_142|maccs_143|maccs_145|maccs_146|maccs_147|maccs_149|maccs_150|maccs_151|maccs_152|maccs_153|maccs_154|maccs_155|maccs_156|maccs_157|maccs_158|maccs_159|maccs_160|maccs_161|maccs_163|maccs_164|maccs_165
SVM,MACCS,64,0.8773,0.8351,0.8525,0.9558,0.8351,0.8418,0.7876,0.8527,0.7927,0.8187,0.9475,0.7927,0.8036,0.7438,MutualInformation,maccs_50|maccs_53|maccs_54|maccs_57|maccs_72|maccs_76|maccs_79|maccs_82|maccs_84|maccs_88|maccs_89|maccs_90|maccs_91|maccs_92|maccs_94|maccs_95|maccs_97|maccs_98|maccs_99|maccs_101|maccs_104|maccs_105|maccs_108|maccs_109|maccs_110|maccs_111|maccs_114|maccs_115|maccs_116|maccs_117|maccs_118|maccs_120|maccs_123|maccs_126|maccs_127|maccs_128|maccs_131|maccs_132|maccs_136|maccs_137|maccs_138|maccs_139|maccs_140|maccs_142|maccs_143|maccs_145|maccs_146|maccs_147|maccs_149|maccs_150|maccs_151|maccs_152|maccs_153|maccs_154|maccs_155|maccs_156|maccs_157|maccs_158|maccs_159|maccs_160|maccs_161|maccs_163|maccs_164|maccs_165
BiGRU,MACCS,64,0.8848,0.884,0.85,0.965,0.884,0.8646,0.8084,0.8508,0.8202,0.808,0.9541,0.8202,0.8124,0.7498,MutualInformation,maccs_50|maccs_53|maccs_54|maccs_57|maccs_72|maccs_76|maccs_79|maccs_82|maccs_84|maccs_88|maccs_89|maccs_90|maccs_91|maccs_92|maccs_94|maccs_95|maccs_97|maccs_98|maccs_99|maccs_101|maccs_104|maccs_105|maccs_108|maccs_109|maccs_110|maccs_111|maccs_114|maccs_115|maccs_116|maccs_117|maccs_118|maccs_120|maccs_123|maccs_126|maccs_127|maccs_128|maccs_131|maccs_132|maccs_136|maccs_137|maccs_138|maccs_139|maccs_140|maccs_142|maccs_143|maccs_145|maccs_146|maccs_147|maccs_149|maccs_150|maccs_151|maccs_152|maccs_153|maccs_154|maccs_155|maccs_156|maccs_157|maccs_158|maccs_159|maccs_160|maccs_161|maccs_163|maccs_164|maccs_165
BiLSTM,MACCS,64,0.909,0.9109,0.8768,0.9725,0.9109,0.8917,0.8483,0.8581,0.8234,0.8038,0.9566,0.8234,0.8119,0.7613,MutualInformation,maccs_50|maccs_53|maccs_54|maccs_57|maccs_72|maccs_76|maccs_79|maccs_82|maccs_84|maccs_88|maccs_89|maccs_90|maccs_91|maccs_92|maccs_94|maccs_95|maccs_97|maccs_98|maccs_99|maccs_101|maccs_104|maccs_105|maccs_108|maccs_109|maccs_110|maccs_111|maccs_114|maccs_115|maccs_116|maccs_117|maccs_118|maccs_120|maccs_123|maccs_126|maccs_127|maccs_128|maccs_131|maccs_132|maccs_136|maccs_137|maccs_138|maccs_139|maccs_140|maccs_142|maccs_143|maccs_145|maccs_146|maccs_147|maccs_149|maccs_150|maccs_151|maccs_152|maccs_153|maccs_154|maccs_155|maccs_156|maccs_157|maccs_158|maccs_159|maccs_160|maccs_161|maccs_163|maccs_164|maccs_165
Logistic Regression,Mol2Vec,120,0.8044,0.712,0.7677,0.9273,0.712,0.736,0.6545,0.795,0.6865,0.7366,0.9255,0.6865,0.7071,0.6381,MutualInformation,mol2vec_1|mol2vec_5|mol2vec_8|mol2vec_9|mol2vec_12|mol2vec_16|mol2vec_17|mol2vec_23|mol2vec_27|mol2vec_28|mol2vec_29|mol2vec_30|mol2vec_35|mol2vec_38|mol2vec_50|mol2vec_52|mol2vec_55|mol2vec_56|mol2vec_65|mol2vec_66|mol2vec_69|mol2vec_70|mol2vec_72|mol2vec_73|mol2vec_75|mol2vec_78|mol2vec_83|mol2vec_86|mol2vec_87|mol2vec_90|mol2vec_94|mol2vec_95|mol2vec_102|mol2vec_105|mol2vec_106|mol2vec_107|mol2vec_112|mol2vec_113|mol2vec_114|mol2vec_116|mol2vec_117|mol2vec_119|mol2vec_120|mol2vec_123|mol2vec_124|mol2vec_128|mol2vec_130|mol2vec_131|mol2vec_134|mol2vec_135|mol2vec_138|mol2vec_141|mol2vec_144|mol2vec_149|mol2vec_150|mol2vec_151|mol2vec_152|mol2vec_155|mol2vec_157|mol2vec_159|mol2vec_160|mol2vec_161|mol2vec_164|mol2vec_165|mol2vec_166|mol2vec_170|mol2vec_172|mol2vec_175|mol2vec_177|mol2vec_178|mol2vec_180|mol2vec_182|mol2vec_183|mol2vec_184|mol2vec_185|mol2vec_188|mol2vec_190|mol2vec_195|mol2vec_197|mol2vec_204|mol2vec_205|mol2vec_207|mol2vec_211|mol2vec_212|mol2vec_213|mol2vec_216|mol2vec_222|mol2vec_227|mol2vec_229|mol2vec_230|mol2vec_233|mol2vec_235|mol2vec_236|mol2vec_237|mol2vec_241|mol2vec_242|mol2vec_244|mol2vec_245|mol2vec_247|mol2vec_248|mol2vec_249|mol2vec_251|mol2vec_252|mol2vec_254|mol2vec_255|mol2vec_257|mol2vec_261|mol2vec_262|mol2vec_272|mol2vec_273|mol2vec_274|mol2vec_275|mol2vec_276|mol2vec_277|mol2vec_279|mol2vec_281|mol2vec_283|mol2vec_295|mol2vec_296|mol2vec_299
Decision Tree,Mol2Vec,120,0.9964,0.9932,0.9962,0.9986,0.9932,0.9947,0.9939,0.7865,0.6708,0.6855,0.9304,0.6708,0.6773,0.6316,MutualInformation,mol2vec_1|mol2vec_5|mol2vec_8|mol2vec_9|mol2vec_12|mol2vec_16|mol2vec_17|mol2vec_23|mol2vec_27|mol2vec_28|mol2vec_29|mol2vec_30|mol2vec_35|mol2vec_38|mol2vec_50|mol2vec_52|mol2vec_55|mol2vec_56|mol2vec_65|mol2vec_66|mol2vec_69|mol2vec_70|mol2vec_72|mol2vec_73|mol2vec_75|mol2vec_78|mol2vec_83|mol2vec_86|mol2vec_87|mol2vec_90|mol2vec_94|mol2vec_95|mol2vec_102|mol2vec_105|mol2vec_106|mol2vec_107|mol2vec_112|mol2vec_113|mol2vec_114|mol2vec_116|mol2vec_117|mol2vec_119|mol2vec_120|mol2vec_123|mol2vec_124|mol2vec_128|mol2vec_130|mol2vec_131|mol2vec_134|mol2vec_135|mol2vec_138|mol2vec_141|mol2vec_144|mol2vec_149|mol2vec_150|mol2vec_151|mol2vec_152|mol2vec_155|mol2vec_157|mol2vec_159|mol2vec_160|mol2vec_161|mol2vec_164|mol2vec_165|mol2vec_166|mol2vec_170|mol2vec_172|mol2vec_175|mol2vec_177|mol2vec_178|mol2vec_180|mol2vec_182|mol2vec_183|mol2vec_184|mol2vec_185|mol2vec_188|mol2vec_190|mol2vec_195|mol2vec_197|mol2vec_204|mol2vec_205|mol2vec_207|mol2vec_211|mol2vec_212|mol2vec_213|mol2vec_216|mol2vec_222|mol2vec_227|mol2vec_229|mol2vec_230|mol2vec_233|mol2vec_235|mol2vec_236|mol2vec_237|mol2vec_241|mol2vec_242|mol2vec_244|mol2vec_245|mol2vec_247|mol2vec_248|mol2vec_249|mol2vec_251|mol2vec_252|mol2vec_254|mol2vec_255|mol2vec_257|mol2vec_261|mol2vec_262|mol2vec_272|mol2vec_273|mol2vec_274|mol2vec_275|mol2vec_276|mol2vec_277|mol2vec_279|mol2vec_281|mol2vec_283|mol2vec_295|mol2vec_296|mol2vec_299
Random Forest,Mol2Vec,120,0.9964,0.9947,0.9947,0.9988,0.9947,0.9947,0.9939,0.8645,0.7859,0.8344,0.9514,0.7859,0.8076,0.7639,MutualInformation,mol2vec_1|mol2vec_5|mol2vec_8|mol2vec_9|mol2vec_12|mol2vec_16|mol2vec_17|mol2vec_23|mol2vec_27|mol2vec_28|mol2vec_29|mol2vec_30|mol2vec_35|mol2vec_38|mol2vec_50|mol2vec_52|mol2vec_55|mol2vec_56|mol2vec_65|mol2vec_66|mol2vec_69|mol2vec_70|mol2vec_72|mol2vec_73|mol2vec_75|mol2vec_78|mol2vec_83|mol2vec_86|mol2vec_87|mol2vec_90|mol2vec_94|mol2vec_95|mol2vec_102|mol2vec_105|mol2vec_106|mol2vec_107|mol2vec_112|mol2vec_113|mol2vec_114|mol2vec_116|mol2vec_117|mol2vec_119|mol2vec_120|mol2vec_123|mol2vec_124|mol2vec_128|mol2vec_130|mol2vec_131|mol2vec_134|mol2vec_135|mol2vec_138|mol2vec_141|mol2vec_144|mol2vec_149|mol2vec_150|mol2vec_151|mol2vec_152|mol2vec_155|mol2vec_157|mol2vec_159|mol2vec_160|mol2vec_161|mol2vec_164|mol2vec_165|mol2vec_166|mol2vec_170|mol2vec_172|mol2vec_175|mol2vec_177|mol2vec_178|mol2vec_180|mol2vec_182|mol2vec_183|mol2vec_184|mol2vec_185|mol2vec_188|mol2vec_190|mol2vec_195|mol2vec_197|mol2vec_204|mol2vec_205|mol2vec_207|mol2vec_211|mol2vec_212|mol2vec_213|mol2vec_216|mol2vec_222|mol2vec_227|mol2vec_229|mol2vec_230|mol2vec_233|mol2vec_235|mol2vec_236|mol2vec_237|mol2vec_241|mol2vec_242|mol2vec_244|mol2vec_245|mol2vec_247|mol2vec_248|mol2vec_249|mol2vec_251|mol2vec_252|mol2vec_254|mol2vec_255|mol2vec_257|mol2vec_261|mol2vec_262|mol2vec_272|mol2vec_273|mol2vec_274|mol2vec_275|mol2vec_276|mol2vec_277|mol2vec_279|mol2vec_281|mol2vec_283|mol2vec_295|mol2vec_296|mol2vec_299
Extra Trees,Mol2Vec,120,0.9964,0.9932,0.9962,0.9986,0.9932,0.9947,0.9939,0.8679,0.7955,0.8369,0.9529,0.7955,0.8143,0.7702,MutualInformation,mol2vec_1|mol2vec_5|mol2vec_8|mol2vec_9|mol2vec_12|mol2vec_16|mol2vec_17|mol2vec_23|mol2vec_27|mol2vec_28|mol2vec_29|mol2vec_30|mol2vec_35|mol2vec_38|mol2vec_50|mol2vec_52|mol2vec_55|mol2vec_56|mol2vec_65|mol2vec_66|mol2vec_69|mol2vec_70|mol2vec_72|mol2vec_73|mol2vec_75|mol2vec_78|mol2vec_83|mol2vec_86|mol2vec_87|mol2vec_90|mol2vec_94|mol2vec_95|mol2vec_102|mol2vec_105|mol2vec_106|mol2vec_107|mol2vec_112|mol2vec_113|mol2vec_114|mol2vec_116|mol2vec_117|mol2vec_119|mol2vec_120|mol2vec_123|mol2vec_124|mol2vec_128|mol2vec_130|mol2vec_131|mol2vec_134|mol2vec_135|mol2vec_138|mol2vec_141|mol2vec_144|mol2vec_149|mol2vec_150|mol2vec_151|mol2vec_152|mol2vec_155|mol2vec_157|mol2vec_159|mol2vec_160|mol2vec_161|mol2vec_164|mol2vec_165|mol2vec_166|mol2vec_170|mol2vec_172|mol2vec_175|mol2vec_177|mol2vec_178|mol2vec_180|mol2vec_182|mol2vec_183|mol2vec_184|mol2vec_185|mol2vec_188|mol2vec_190|mol2vec_195|mol2vec_197|mol2vec_204|mol2vec_205|mol2vec_207|mol2vec_211|mol2vec_212|mol2vec_213|mol2vec_216|mol2vec_222|mol2vec_227|mol2vec_229|mol2vec_230|mol2vec_233|mol2vec_235|mol2vec_236|mol2vec_237|mol2vec_241|mol2vec_242|mol2vec_244|mol2vec_245|mol2vec_247|mol2vec_248|mol2vec_249|mol2vec_251|mol2vec_252|mol2vec_254|mol2vec_255|mol2vec_257|mol2vec_261|mol2vec_262|mol2vec_272|mol2vec_273|mol2vec_274|mol2vec_275|mol2vec_276|mol2vec_277|mol2vec_279|mol2vec_281|mol2vec_283|mol2vec_295|mol2vec_296|mol2vec_299
Gradient Boosting,Mol2Vec,120,0.9905,0.986,0.9916,0.9961,0.986,0.9888,0.9838,0.8581,0.7784,0.8275,0.9492,0.7784,0.8013,0.7523,MutualInformation,mol2vec_1|mol2vec_5|mol2vec_8|mol2vec_9|mol2vec_12|mol2vec_16|mol2vec_17|mol2vec_23|mol2vec_27|mol2vec_28|mol2vec_29|mol2vec_30|mol2vec_35|mol2vec_38|mol2vec_50|mol2vec_52|mol2vec_55|mol2vec_56|mol2vec_65|mol2vec_66|mol2vec_69|mol2vec_70|mol2vec_72|mol2vec_73|mol2vec_75|mol2vec_78|mol2vec_83|mol2vec_86|mol2vec_87|mol2vec_90|mol2vec_94|mol2vec_95|mol2vec_102|mol2vec_105|mol2vec_106|mol2vec_107|mol2vec_112|mol2vec_113|mol2vec_114|mol2vec_116|mol2vec_117|mol2vec_119|mol2vec_120|mol2vec_123|mol2vec_124|mol2vec_128|mol2vec_130|mol2vec_131|mol2vec_134|mol2vec_135|mol2vec_138|mol2vec_141|mol2vec_144|mol2vec_149|mol2vec_150|mol2vec_151|mol2vec_152|mol2vec_155|mol2vec_157|mol2vec_159|mol2vec_160|mol2vec_161|mol2vec_164|mol2vec_165|mol2vec_166|mol2vec_170|mol2vec_172|mol2vec_175|mol2vec_177|mol2vec_178|mol2vec_180|mol2vec_182|mol2vec_183|mol2vec_184|mol2vec_185|mol2vec_188|mol2vec_190|mol2vec_195|mol2vec_197|mol2vec_204|mol2vec_205|mol2vec_207|mol2vec_211|mol2vec_212|mol2vec_213|mol2vec_216|mol2vec_222|mol2vec_227|mol2vec_229|mol2vec_230|mol2vec_233|mol2vec_235|mol2vec_236|mol2vec_237|mol2vec_241|mol2vec_242|mol2vec_244|mol2vec_245|mol2vec_247|mol2vec_248|mol2vec_249|mol2vec_251|mol2vec_252|mol2vec_254|mol2vec_255|mol2vec_257|mol2vec_261|mol2vec_262|mol2vec_272|mol2vec_273|mol2vec_274|mol2vec_275|mol2vec_276|mol2vec_277|mol2vec_279|mol2vec_281|mol2vec_283|mol2vec_295|mol2vec_296|mol2vec_299
AdaBoost,Mol2Vec,120,0.6568,0.3376,0.4743,0.8513,0.3376,0.3623,0.318,0.6536,0.334,0.464,0.8501,0.334,0.3576,0.3102,MutualInformation,mol2vec_1|mol2vec_5|mol2vec_8|mol2vec_9|mol2vec_12|mol2vec_16|mol2vec_17|mol2vec_23|mol2vec_27|mol2vec_28|mol2vec_29|mol2vec_30|mol2vec_35|mol2vec_38|mol2vec_50|mol2vec_52|mol2vec_55|mol2vec_56|mol2vec_65|mol2vec_66|mol2vec_69|mol2vec_70|mol2vec_72|mol2vec_73|mol2vec_75|mol2vec_78|mol2vec_83|mol2vec_86|mol2vec_87|mol2vec_90|mol2vec_94|mol2vec_95|mol2vec_102|mol2vec_105|mol2vec_106|mol2vec_107|mol2vec_112|mol2vec_113|mol2vec_114|mol2vec_116|mol2vec_117|mol2vec_119|mol2vec_120|mol2vec_123|mol2vec_124|mol2vec_128|mol2vec_130|mol2vec_131|mol2vec_134|mol2vec_135|mol2vec_138|mol2vec_141|mol2vec_144|mol2vec_149|mol2vec_150|mol2vec_151|mol2vec_152|mol2vec_155|mol2vec_157|mol2vec_159|mol2vec_160|mol2vec_161|mol2vec_164|mol2vec_165|mol2vec_166|mol2vec_170|mol2vec_172|mol2vec_175|mol2vec_177|mol2vec_178|mol2vec_180|mol2vec_182|mol2vec_183|mol2vec_184|mol2vec_185|mol2vec_188|mol2vec_190|mol2vec_195|mol2vec_197|mol2vec_204|mol2vec_205|mol2vec_207|mol2vec_211|mol2vec_212|mol2vec_213|mol2vec_216|mol2vec_222|mol2vec_227|mol2vec_229|mol2vec_230|mol2vec_233|mol2vec_235|mol2vec_236|mol2vec_237|mol2vec_241|mol2vec_242|mol2vec_244|mol2vec_245|mol2vec_247|mol2vec_248|mol2vec_249|mol2vec_251|mol2vec_252|mol2vec_254|mol2vec_255|mol2vec_257|mol2vec_261|mol2vec_262|mol2vec_272|mol2vec_273|mol2vec_274|mol2vec_275|mol2vec_276|mol2vec_277|mol2vec_279|mol2vec_281|mol2vec_283|mol2vec_295|mol2vec_296|mol2vec_299
XGBoost,Mol2Vec,120,0.9895,0.9869,0.9863,0.9963,0.9869,0.9866,0.982,0.8704,0.8058,0.847,0.9532,0.8058,0.825,0.7744,MutualInformation,mol2vec_1|mol2vec_5|mol2vec_8|mol2vec_9|mol2vec_12|mol2vec_16|mol2vec_17|mol2vec_23|mol2vec_27|mol2vec_28|mol2vec_29|mol2vec_30|mol2vec_35|mol2vec_38|mol2vec_50|mol2vec_52|mol2vec_55|mol2vec_56|mol2vec_65|mol2vec_66|mol2vec_69|mol2vec_70|mol2vec_72|mol2vec_73|mol2vec_75|mol2vec_78|mol2vec_83|mol2vec_86|mol2vec_87|mol2vec_90|mol2vec_94|mol2vec_95|mol2vec_102|mol2vec_105|mol2vec_106|mol2vec_107|mol2vec_112|mol2vec_113|mol2vec_114|mol2vec_116|mol2vec_117|mol2vec_119|mol2vec_120|mol2vec_123|mol2vec_124|mol2vec_128|mol2vec_130|mol2vec_131|mol2vec_134|mol2vec_135|mol2vec_138|mol2vec_141|mol2vec_144|mol2vec_149|mol2vec_150|mol2vec_151|mol2vec_152|mol2vec_155|mol2vec_157|mol2vec_159|mol2vec_160|mol2vec_161|mol2vec_164|mol2vec_165|mol2vec_166|mol2vec_170|mol2vec_172|mol2vec_175|mol2vec_177|mol2vec_178|mol2vec_180|mol2vec_182|mol2vec_183|mol2vec_184|mol2vec_185|mol2vec_188|mol2vec_190|mol2vec_195|mol2vec_197|mol2vec_204|mol2vec_205|mol2vec_207|mol2vec_211|mol2vec_212|mol2vec_213|mol2vec_216|mol2vec_222|mol2vec_227|mol2vec_229|mol2vec_230|mol2vec_233|mol2vec_235|mol2vec_236|mol2vec_237|mol2vec_241|mol2vec_242|mol2vec_244|mol2vec_245|mol2vec_247|mol2vec_248|mol2vec_249|mol2vec_251|mol2vec_252|mol2vec_254|mol2vec_255|mol2vec_257|mol2vec_261|mol2vec_262|mol2vec_272|mol2vec_273|mol2vec_274|mol2vec_275|mol2vec_276|mol2vec_277|mol2vec_279|mol2vec_281|mol2vec_283|mol2vec_295|mol2vec_296|mol2vec_299
SVM,Mol2Vec,120,0.8681,0.8031,0.8488,0.9507,0.8031,0.8232,0.7696,0.8407,0.7572,0.8199,0.9407,0.7572,0.7843,0.7199,MutualInformation,mol2vec_1|mol2vec_5|mol2vec_8|mol2vec_9|mol2vec_12|mol2vec_16|mol2vec_17|mol2vec_23|mol2vec_27|mol2vec_28|mol2vec_29|mol2vec_30|mol2vec_35|mol2vec_38|mol2vec_50|mol2vec_52|mol2vec_55|mol2vec_56|mol2vec_65|mol2vec_66|mol2vec_69|mol2vec_70|mol2vec_72|mol2vec_73|mol2vec_75|mol2vec_78|mol2vec_83|mol2vec_86|mol2vec_87|mol2vec_90|mol2vec_94|mol2vec_95|mol2vec_102|mol2vec_105|mol2vec_106|mol2vec_107|mol2vec_112|mol2vec_113|mol2vec_114|mol2vec_116|mol2vec_117|mol2vec_119|mol2vec_120|mol2vec_123|mol2vec_124|mol2vec_128|mol2vec_130|mol2vec_131|mol2vec_134|mol2vec_135|mol2vec_138|mol2vec_141|mol2vec_144|mol2vec_149|mol2vec_150|mol2vec_151|mol2vec_152|mol2vec_155|mol2vec_157|mol2vec_159|mol2vec_160|mol2vec_161|mol2vec_164|mol2vec_165|mol2vec_166|mol2vec_170|mol2vec_172|mol2vec_175|mol2vec_177|mol2vec_178|mol2vec_180|mol2vec_182|mol2vec_183|mol2vec_184|mol2vec_185|mol2vec_188|mol2vec_190|mol2vec_195|mol2vec_197|mol2vec_204|mol2vec_205|mol2vec_207|mol2vec_211|mol2vec_212|mol2vec_213|mol2vec_216|mol2vec_222|mol2vec_227|mol2vec_229|mol2vec_230|mol2vec_233|mol2vec_235|mol2vec_236|mol2vec_237|mol2vec_241|mol2vec_242|mol2vec_244|mol2vec_245|mol2vec_247|mol2vec_248|mol2vec_249|mol2vec_251|mol2vec_252|mol2vec_254|mol2vec_255|mol2vec_257|mol2vec_261|mol2vec_262|mol2vec_272|mol2vec_273|mol2vec_274|mol2vec_275|mol2vec_276|mol2vec_277|mol2vec_279|mol2vec_281|mol2vec_283|mol2vec_295|mol2vec_296|mol2vec_299
BiGRU,Mol2Vec,120,0.8726,0.8721,0.8415,0.9626,0.8721,0.851,0.7907,0.8468,0.826,0.804,0.9546,0.826,0.8085,0.7471,MutualInformation,mol2vec_1|mol2vec_5|mol2vec_8|mol2vec_9|mol2vec_12|mol2vec_16|mol2vec_17|mol2vec_23|mol2vec_27|mol2vec_28|mol2vec_29|mol2vec_30|mol2vec_35|mol2vec_38|mol2vec_50|mol2vec_52|mol2vec_55|mol2vec_56|mol2vec_65|mol2vec_66|mol2vec_69|mol2vec_70|mol2vec_72|mol2vec_73|mol2vec_75|mol2vec_78|mol2vec_83|mol2vec_86|mol2vec_87|mol2vec_90|mol2vec_94|mol2vec_95|mol2vec_102|mol2vec_105|mol2vec_106|mol2vec_107|mol2vec_112|mol2vec_113|mol2vec_114|mol2vec_116|mol2vec_117|mol2vec_119|mol2vec_120|mol2vec_123|mol2vec_124|mol2vec_128|mol2vec_130|mol2vec_131|mol2vec_134|mol2vec_135|mol2vec_138|mol2vec_141|mol2vec_144|mol2vec_149|mol2vec_150|mol2vec_151|mol2vec_152|mol2vec_155|mol2vec_157|mol2vec_159|mol2vec_160|mol2vec_161|mol2vec_164|mol2vec_165|mol2vec_166|mol2vec_170|mol2vec_172|mol2vec_175|mol2vec_177|mol2vec_178|mol2vec_180|mol2vec_182|mol2vec_183|mol2vec_184|mol2vec_185|mol2vec_188|mol2vec_190|mol2vec_195|mol2vec_197|mol2vec_204|mol2vec_205|mol2vec_207|mol2vec_211|mol2vec_212|mol2vec_213|mol2vec_216|mol2vec_222|mol2vec_227|mol2vec_229|mol2vec_230|mol2vec_233|mol2vec_235|mol2vec_236|mol2vec_237|mol2vec_241|mol2vec_242|mol2vec_244|mol2vec_245|mol2vec_247|mol2vec_248|mol2vec_249|mol2vec_251|mol2vec_252|mol2vec_254|mol2vec_255|mol2vec_257|mol2vec_261|mol2vec_262|mol2vec_272|mol2vec_273|mol2vec_274|mol2vec_275|mol2vec_276|mol2vec_277|mol2vec_279|mol2vec_281|mol2vec_283|mol2vec_295|mol2vec_296|mol2vec_299
BiLSTM,Mol2Vec,120,0.9029,0.9065,0.875,0.9714,0.9065,0.8884,0.8394,0.8569,0.8318,0.8113,0.9575,0.8318,0.8195,0.7615,MutualInformation,mol2vec_1|mol2vec_5|mol2vec_8|mol2vec_9|mol2vec_12|mol2vec_16|mol2vec_17|mol2vec_23|mol2vec_27|mol2vec_28|mol2vec_29|mol2vec_30|mol2vec_35|mol2vec_38|mol2vec_50|mol2vec_52|mol2vec_55|mol2vec_56|mol2vec_65|mol2vec_66|mol2vec_69|mol2vec_70|mol2vec_72|mol2vec_73|mol2vec_75|mol2vec_78|mol2vec_83|mol2vec_86|mol2vec_87|mol2vec_90|mol2vec_94|mol2vec_95|mol2vec_102|mol2vec_105|mol2vec_106|mol2vec_107|mol2vec_112|mol2vec_113|mol2vec_114|mol2vec_116|mol2vec_117|mol2vec_119|mol2vec_120|mol2vec_123|mol2vec_124|mol2vec_128|mol2vec_130|mol2vec_131|mol2vec_134|mol2vec_135|mol2vec_138|mol2vec_141|mol2vec_144|mol2vec_149|mol2vec_150|mol2vec_151|mol2vec_152|mol2vec_155|mol2vec_157|mol2vec_159|mol2vec_160|mol2vec_161|mol2vec_164|mol2vec_165|mol2vec_166|mol2vec_170|mol2vec_172|mol2vec_175|mol2vec_177|mol2vec_178|mol2vec_180|mol2vec_182|mol2vec_183|mol2vec_184|mol2vec_185|mol2vec_188|mol2vec_190|mol2vec_195|mol2vec_197|mol2vec_204|mol2vec_205|mol2vec_207|mol2vec_211|mol2vec_212|mol2vec_213|mol2vec_216|mol2vec_222|mol2vec_227|mol2vec_229|mol2vec_230|mol2vec_233|mol2vec_235|mol2vec_236|mol2vec_237|mol2vec_241|mol2vec_242|mol2vec_244|mol2vec_245|mol2vec_247|mol2vec_248|mol2vec_249|mol2vec_251|mol2vec_252|mol2vec_254|mol2vec_255|mol2vec_257|mol2vec_261|mol2vec_262|mol2vec_272|mol2vec_273|mol2vec_274|mol2vec_275|mol2vec_276|mol2vec_277|mol2vec_279|mol2vec_281|mol2vec_283|mol2vec_295|mol2vec_296|mol2vec_299
Logistic Regression,ChemBERTa,307,0.8388,0.794,0.8139,0.9418,0.794,0.8024,0.7193,0.8031,0.7168,0.7595,0.9284,0.7168,0.7348,0.6532,MutualInformation,chemberta_3|chemberta_10|chemberta_12|chemberta_15|chemberta_17|chemberta_20|chemberta_23|chemberta_30|chemberta_31|chemberta_34|chemberta_41|chemberta_43|chemberta_45|chemberta_46|chemberta_51|chemberta_52|chemberta_56|chemberta_58|chemberta_59|chemberta_63|chemberta_64|chemberta_66|chemberta_67|chemberta_68|chemberta_69|chemberta_70|chemberta_72|chemberta_73|chemberta_76|chemberta_81|chemberta_83|chemberta_84|chemberta_91|chemberta_94|chemberta_97|chemberta_98|chemberta_100|chemberta_101|chemberta_107|chemberta_110|chemberta_113|chemberta_118|chemberta_123|chemberta_127|chemberta_128|chemberta_132|chemberta_134|chemberta_136|chemberta_145|chemberta_146|chemberta_147|chemberta_149|chemberta_150|chemberta_158|chemberta_160|chemberta_161|chemberta_169|chemberta_171|chemberta_172|chemberta_174|chemberta_180|chemberta_184|chemberta_186|chemberta_190|chemberta_193|chemberta_198|chemberta_199|chemberta_204|chemberta_212|chemberta_213|chemberta_214|chemberta_215|chemberta_220|chemberta_222|chemberta_224|chemberta_230|chemberta_232|chemberta_233|chemberta_235|chemberta_236|chemberta_239|chemberta_240|chemberta_243|chemberta_245|chemberta_248|chemberta_249|chemberta_253|chemberta_256|chemberta_260|chemberta_262|chemberta_263|chemberta_264|chemberta_267|chemberta_268|chemberta_270|chemberta_271|chemberta_279|chemberta_280|chemberta_282|chemberta_284|chemberta_285|chemberta_286|chemberta_287|chemberta_290|chemberta_291|chemberta_292|chemberta_293|chemberta_296|chemberta_300|chemberta_302|chemberta_304|chemberta_305|chemberta_306|chemberta_307|chemberta_308|chemberta_310|chemberta_311|chemberta_312|chemberta_313|chemberta_314|chemberta_318|chemberta_320|chemberta_321|chemberta_322|chemberta_323|chemberta_324|chemberta_325|chemberta_326|chemberta_330|chemberta_333|chemberta_337|chemberta_340|chemberta_341|chemberta_344|chemberta_345|chemberta_353|chemberta_359|chemberta_360|chemberta_362|chemberta_363|chemberta_364|chemberta_365|chemberta_372|chemberta_373|chemberta_375|chemberta_377|chemberta_379|chemberta_380|chemberta_384|chemberta_386|chemberta_387|chemberta_389|chemberta_390|chemberta_395|chemberta_396|chemberta_397|chemberta_400|chemberta_401|chemberta_402|chemberta_404|chemberta_406|chemberta_412|chemberta_416|chemberta_418|chemberta_420|chemberta_422|chemberta_424|chemberta_426|chemberta_427|chemberta_428|chemberta_429|chemberta_431|chemberta_438|chemberta_439|chemberta_441|chemberta_442|chemberta_444|chemberta_449|chemberta_450|chemberta_451|chemberta_455|chemberta_457|chemberta_460|chemberta_463|chemberta_465|chemberta_466|chemberta_472|chemberta_475|chemberta_476|chemberta_482|chemberta_486|chemberta_487|chemberta_492|chemberta_493|chemberta_503|chemberta_504|chemberta_506|chemberta_508|chemberta_510|chemberta_512|chemberta_513|chemberta_514|chemberta_516|chemberta_522|chemberta_524|chemberta_528|chemberta_529|chemberta_534|chemberta_535|chemberta_536|chemberta_537|chemberta_539|chemberta_540|chemberta_543|chemberta_544|chemberta_545|chemberta_546|chemberta_547|chemberta_549|chemberta_550|chemberta_554|chemberta_556|chemberta_558|chemberta_561|chemberta_562|chemberta_565|chemberta_567|chemberta_570|chemberta_573|chemberta_579|chemberta_581|chemberta_582|chemberta_586|chemberta_587|chemberta_591|chemberta_592|chemberta_593|chemberta_596|chemberta_601|chemberta_602|chemberta_604|chemberta_607|chemberta_609|chemberta_612|chemberta_617|chemberta_622|chemberta_623|chemberta_625|chemberta_626|chemberta_630|chemberta_634|chemberta_635|chemberta_637|chemberta_639|chemberta_642|chemberta_648|chemberta_650|chemberta_653|chemberta_657|chemberta_659|chemberta_663|chemberta_665|chemberta_672|chemberta_675|chemberta_676|chemberta_677|chemberta_678|chemberta_680|chemberta_681|chemberta_682|chemberta_688|chemberta_691|chemberta_692|chemberta_694|chemberta_695|chemberta_697|chemberta_698|chemberta_700|chemberta_702|chemberta_704|chemberta_705|chemberta_706|chemberta_709|chemberta_710|chemberta_711|chemberta_713|chemberta_715|chemberta_716|chemberta_718|chemberta_721|chemberta_722|chemberta_723|chemberta_724|chemberta_726|chemberta_730|chemberta_731|chemberta_733|chemberta_735|chemberta_739|chemberta_740|chemberta_741|chemberta_748|chemberta_753|chemberta_754|chemberta_758|chemberta_760|chemberta_763
Decision Tree,ChemBERTa,307,1.0,1.0,1.0,1.0,1.0,1.0,1.0,0.7195,0.5865,0.617,0.9084,0.5865,0.5996,0.5159,MutualInformation,chemberta_3|chemberta_10|chemberta_12|chemberta_15|chemberta_17|chemberta_20|chemberta_23|chemberta_30|chemberta_31|chemberta_34|chemberta_41|chemberta_43|chemberta_45|chemberta_46|chemberta_51|chemberta_52|chemberta_56|chemberta_58|chemberta_59|chemberta_63|chemberta_64|chemberta_66|chemberta_67|chemberta_68|chemberta_69|chemberta_70|chemberta_72|chemberta_73|chemberta_76|chemberta_81|chemberta_83|chemberta_84|chemberta_91|chemberta_94|chemberta_97|chemberta_98|chemberta_100|chemberta_101|chemberta_107|chemberta_110|chemberta_113|chemberta_118|chemberta_123|chemberta_127|chemberta_128|chemberta_132|chemberta_134|chemberta_136|chemberta_145|chemberta_146|chemberta_147|chemberta_149|chemberta_150|chemberta_158|chemberta_160|chemberta_161|chemberta_169|chemberta_171|chemberta_172|chemberta_174|chemberta_180|chemberta_184|chemberta_186|chemberta_190|chemberta_193|chemberta_198|chemberta_199|chemberta_204|chemberta_212|chemberta_213|chemberta_214|chemberta_215|chemberta_220|chemberta_222|chemberta_224|chemberta_230|chemberta_232|chemberta_233|chemberta_235|chemberta_236|chemberta_239|chemberta_240|chemberta_243|chemberta_245|chemberta_248|chemberta_249|chemberta_253|chemberta_256|chemberta_260|chemberta_262|chemberta_263|chemberta_264|chemberta_267|chemberta_268|chemberta_270|chemberta_271|chemberta_279|chemberta_280|chemberta_282|chemberta_284|chemberta_285|chemberta_286|chemberta_287|chemberta_290|chemberta_291|chemberta_292|chemberta_293|chemberta_296|chemberta_300|chemberta_302|chemberta_304|chemberta_305|chemberta_306|chemberta_307|chemberta_308|chemberta_310|chemberta_311|chemberta_312|chemberta_313|chemberta_314|chemberta_318|chemberta_320|chemberta_321|chemberta_322|chemberta_323|chemberta_324|chemberta_325|chemberta_326|chemberta_330|chemberta_333|chemberta_337|chemberta_340|chemberta_341|chemberta_344|chemberta_345|chemberta_353|chemberta_359|chemberta_360|chemberta_362|chemberta_363|chemberta_364|chemberta_365|chemberta_372|chemberta_373|chemberta_375|chemberta_377|chemberta_379|chemberta_380|chemberta_384|chemberta_386|chemberta_387|chemberta_389|chemberta_390|chemberta_395|chemberta_396|chemberta_397|chemberta_400|chemberta_401|chemberta_402|chemberta_404|chemberta_406|chemberta_412|chemberta_416|chemberta_418|chemberta_420|chemberta_422|chemberta_424|chemberta_426|chemberta_427|chemberta_428|chemberta_429|chemberta_431|chemberta_438|chemberta_439|chemberta_441|chemberta_442|chemberta_444|chemberta_449|chemberta_450|chemberta_451|chemberta_455|chemberta_457|chemberta_460|chemberta_463|chemberta_465|chemberta_466|chemberta_472|chemberta_475|chemberta_476|chemberta_482|chemberta_486|chemberta_487|chemberta_492|chemberta_493|chemberta_503|chemberta_504|chemberta_506|chemberta_508|chemberta_510|chemberta_512|chemberta_513|chemberta_514|chemberta_516|chemberta_522|chemberta_524|chemberta_528|chemberta_529|chemberta_534|chemberta_535|chemberta_536|chemberta_537|chemberta_539|chemberta_540|chemberta_543|chemberta_544|chemberta_545|chemberta_546|chemberta_547|chemberta_549|chemberta_550|chemberta_554|chemberta_556|chemberta_558|chemberta_561|chemberta_562|chemberta_565|chemberta_567|chemberta_570|chemberta_573|chemberta_579|chemberta_581|chemberta_582|chemberta_586|chemberta_587|chemberta_591|chemberta_592|chemberta_593|chemberta_596|chemberta_601|chemberta_602|chemberta_604|chemberta_607|chemberta_609|chemberta_612|chemberta_617|chemberta_622|chemberta_623|chemberta_625|chemberta_626|chemberta_630|chemberta_634|chemberta_635|chemberta_637|chemberta_639|chemberta_642|chemberta_648|chemberta_650|chemberta_653|chemberta_657|chemberta_659|chemberta_663|chemberta_665|chemberta_672|chemberta_675|chemberta_676|chemberta_677|chemberta_678|chemberta_680|chemberta_681|chemberta_682|chemberta_688|chemberta_691|chemberta_692|chemberta_694|chemberta_695|chemberta_697|chemberta_698|chemberta_700|chemberta_702|chemberta_704|chemberta_705|chemberta_706|chemberta_709|chemberta_710|chemberta_711|chemberta_713|chemberta_715|chemberta_716|chemberta_718|chemberta_721|chemberta_722|chemberta_723|chemberta_724|chemberta_726|chemberta_730|chemberta_731|chemberta_733|chemberta_735|chemberta_739|chemberta_740|chemberta_741|chemberta_748|chemberta_753|chemberta_754|chemberta_758|chemberta_760|chemberta_763
Random Forest,ChemBERTa,307,1.0,1.0,1.0,1.0,1.0,1.0,1.0,0.816,0.7002,0.8037,0.9286,0.7002,0.7411,0.6723,MutualInformation,chemberta_3|chemberta_10|chemberta_12|chemberta_15|chemberta_17|chemberta_20|chemberta_23|chemberta_30|chemberta_31|chemberta_34|chemberta_41|chemberta_43|chemberta_45|chemberta_46|chemberta_51|chemberta_52|chemberta_56|chemberta_58|chemberta_59|chemberta_63|chemberta_64|chemberta_66|chemberta_67|chemberta_68|chemberta_69|chemberta_70|chemberta_72|chemberta_73|chemberta_76|chemberta_81|chemberta_83|chemberta_84|chemberta_91|chemberta_94|chemberta_97|chemberta_98|chemberta_100|chemberta_101|chemberta_107|chemberta_110|chemberta_113|chemberta_118|chemberta_123|chemberta_127|chemberta_128|chemberta_132|chemberta_134|chemberta_136|chemberta_145|chemberta_146|chemberta_147|chemberta_149|chemberta_150|chemberta_158|chemberta_160|chemberta_161|chemberta_169|chemberta_171|chemberta_172|chemberta_174|chemberta_180|chemberta_184|chemberta_186|chemberta_190|chemberta_193|chemberta_198|chemberta_199|chemberta_204|chemberta_212|chemberta_213|chemberta_214|chemberta_215|chemberta_220|chemberta_222|chemberta_224|chemberta_230|chemberta_232|chemberta_233|chemberta_235|chemberta_236|chemberta_239|chemberta_240|chemberta_243|chemberta_245|chemberta_248|chemberta_249|chemberta_253|chemberta_256|chemberta_260|chemberta_262|chemberta_263|chemberta_264|chemberta_267|chemberta_268|chemberta_270|chemberta_271|chemberta_279|chemberta_280|chemberta_282|chemberta_284|chemberta_285|chemberta_286|chemberta_287|chemberta_290|chemberta_291|chemberta_292|chemberta_293|chemberta_296|chemberta_300|chemberta_302|chemberta_304|chemberta_305|chemberta_306|chemberta_307|chemberta_308|chemberta_310|chemberta_311|chemberta_312|chemberta_313|chemberta_314|chemberta_318|chemberta_320|chemberta_321|chemberta_322|chemberta_323|chemberta_324|chemberta_325|chemberta_326|chemberta_330|chemberta_333|chemberta_337|chemberta_340|chemberta_341|chemberta_344|chemberta_345|chemberta_353|chemberta_359|chemberta_360|chemberta_362|chemberta_363|chemberta_364|chemberta_365|chemberta_372|chemberta_373|chemberta_375|chemberta_377|chemberta_379|chemberta_380|chemberta_384|chemberta_386|chemberta_387|chemberta_389|chemberta_390|chemberta_395|chemberta_396|chemberta_397|chemberta_400|chemberta_401|chemberta_402|chemberta_404|chemberta_406|chemberta_412|chemberta_416|chemberta_418|chemberta_420|chemberta_422|chemberta_424|chemberta_426|chemberta_427|chemberta_428|chemberta_429|chemberta_431|chemberta_438|chemberta_439|chemberta_441|chemberta_442|chemberta_444|chemberta_449|chemberta_450|chemberta_451|chemberta_455|chemberta_457|chemberta_460|chemberta_463|chemberta_465|chemberta_466|chemberta_472|chemberta_475|chemberta_476|chemberta_482|chemberta_486|chemberta_487|chemberta_492|chemberta_493|chemberta_503|chemberta_504|chemberta_506|chemberta_508|chemberta_510|chemberta_512|chemberta_513|chemberta_514|chemberta_516|chemberta_522|chemberta_524|chemberta_528|chemberta_529|chemberta_534|chemberta_535|chemberta_536|chemberta_537|chemberta_539|chemberta_540|chemberta_543|chemberta_544|chemberta_545|chemberta_546|chemberta_547|chemberta_549|chemberta_550|chemberta_554|chemberta_556|chemberta_558|chemberta_561|chemberta_562|chemberta_565|chemberta_567|chemberta_570|chemberta_573|chemberta_579|chemberta_581|chemberta_582|chemberta_586|chemberta_587|chemberta_591|chemberta_592|chemberta_593|chemberta_596|chemberta_601|chemberta_602|chemberta_604|chemberta_607|chemberta_609|chemberta_612|chemberta_617|chemberta_622|chemberta_623|chemberta_625|chemberta_626|chemberta_630|chemberta_634|chemberta_635|chemberta_637|chemberta_639|chemberta_642|chemberta_648|chemberta_650|chemberta_653|chemberta_657|chemberta_659|chemberta_663|chemberta_665|chemberta_672|chemberta_675|chemberta_676|chemberta_677|chemberta_678|chemberta_680|chemberta_681|chemberta_682|chemberta_688|chemberta_691|chemberta_692|chemberta_694|chemberta_695|chemberta_697|chemberta_698|chemberta_700|chemberta_702|chemberta_704|chemberta_705|chemberta_706|chemberta_709|chemberta_710|chemberta_711|chemberta_713|chemberta_715|chemberta_716|chemberta_718|chemberta_721|chemberta_722|chemberta_723|chemberta_724|chemberta_726|chemberta_730|chemberta_731|chemberta_733|chemberta_735|chemberta_739|chemberta_740|chemberta_741|chemberta_748|chemberta_753|chemberta_754|chemberta_758|chemberta_760|chemberta_763
Extra Trees,ChemBERTa,307,1.0,1.0,1.0,1.0,1.0,1.0,1.0,0.8157,0.7077,0.8022,0.9285,0.7077,0.7458,0.6721,MutualInformation,chemberta_3|chemberta_10|chemberta_12|chemberta_15|chemberta_17|chemberta_20|chemberta_23|chemberta_30|chemberta_31|chemberta_34|chemberta_41|chemberta_43|chemberta_45|chemberta_46|chemberta_51|chemberta_52|chemberta_56|chemberta_58|chemberta_59|chemberta_63|chemberta_64|chemberta_66|chemberta_67|chemberta_68|chemberta_69|chemberta_70|chemberta_72|chemberta_73|chemberta_76|chemberta_81|chemberta_83|chemberta_84|chemberta_91|chemberta_94|chemberta_97|chemberta_98|chemberta_100|chemberta_101|chemberta_107|chemberta_110|chemberta_113|chemberta_118|chemberta_123|chemberta_127|chemberta_128|chemberta_132|chemberta_134|chemberta_136|chemberta_145|chemberta_146|chemberta_147|chemberta_149|chemberta_150|chemberta_158|chemberta_160|chemberta_161|chemberta_169|chemberta_171|chemberta_172|chemberta_174|chemberta_180|chemberta_184|chemberta_186|chemberta_190|chemberta_193|chemberta_198|chemberta_199|chemberta_204|chemberta_212|chemberta_213|chemberta_214|chemberta_215|chemberta_220|chemberta_222|chemberta_224|chemberta_230|chemberta_232|chemberta_233|chemberta_235|chemberta_236|chemberta_239|chemberta_240|chemberta_243|chemberta_245|chemberta_248|chemberta_249|chemberta_253|chemberta_256|chemberta_260|chemberta_262|chemberta_263|chemberta_264|chemberta_267|chemberta_268|chemberta_270|chemberta_271|chemberta_279|chemberta_280|chemberta_282|chemberta_284|chemberta_285|chemberta_286|chemberta_287|chemberta_290|chemberta_291|chemberta_292|chemberta_293|chemberta_296|chemberta_300|chemberta_302|chemberta_304|chemberta_305|chemberta_306|chemberta_307|chemberta_308|chemberta_310|chemberta_311|chemberta_312|chemberta_313|chemberta_314|chemberta_318|chemberta_320|chemberta_321|chemberta_322|chemberta_323|chemberta_324|chemberta_325|chemberta_326|chemberta_330|chemberta_333|chemberta_337|chemberta_340|chemberta_341|chemberta_344|chemberta_345|chemberta_353|chemberta_359|chemberta_360|chemberta_362|chemberta_363|chemberta_364|chemberta_365|chemberta_372|chemberta_373|chemberta_375|chemberta_377|chemberta_379|chemberta_380|chemberta_384|chemberta_386|chemberta_387|chemberta_389|chemberta_390|chemberta_395|chemberta_396|chemberta_397|chemberta_400|chemberta_401|chemberta_402|chemberta_404|chemberta_406|chemberta_412|chemberta_416|chemberta_418|chemberta_420|chemberta_422|chemberta_424|chemberta_426|chemberta_427|chemberta_428|chemberta_429|chemberta_431|chemberta_438|chemberta_439|chemberta_441|chemberta_442|chemberta_444|chemberta_449|chemberta_450|chemberta_451|chemberta_455|chemberta_457|chemberta_460|chemberta_463|chemberta_465|chemberta_466|chemberta_472|chemberta_475|chemberta_476|chemberta_482|chemberta_486|chemberta_487|chemberta_492|chemberta_493|chemberta_503|chemberta_504|chemberta_506|chemberta_508|chemberta_510|chemberta_512|chemberta_513|chemberta_514|chemberta_516|chemberta_522|chemberta_524|chemberta_528|chemberta_529|chemberta_534|chemberta_535|chemberta_536|chemberta_537|chemberta_539|chemberta_540|chemberta_543|chemberta_544|chemberta_545|chemberta_546|chemberta_547|chemberta_549|chemberta_550|chemberta_554|chemberta_556|chemberta_558|chemberta_561|chemberta_562|chemberta_565|chemberta_567|chemberta_570|chemberta_573|chemberta_579|chemberta_581|chemberta_582|chemberta_586|chemberta_587|chemberta_591|chemberta_592|chemberta_593|chemberta_596|chemberta_601|chemberta_602|chemberta_604|chemberta_607|chemberta_609|chemberta_612|chemberta_617|chemberta_622|chemberta_623|chemberta_625|chemberta_626|chemberta_630|chemberta_634|chemberta_635|chemberta_637|chemberta_639|chemberta_642|chemberta_648|chemberta_650|chemberta_653|chemberta_657|chemberta_659|chemberta_663|chemberta_665|chemberta_672|chemberta_675|chemberta_676|chemberta_677|chemberta_678|chemberta_680|chemberta_681|chemberta_682|chemberta_688|chemberta_691|chemberta_692|chemberta_694|chemberta_695|chemberta_697|chemberta_698|chemberta_700|chemberta_702|chemberta_704|chemberta_705|chemberta_706|chemberta_709|chemberta_710|chemberta_711|chemberta_713|chemberta_715|chemberta_716|chemberta_718|chemberta_721|chemberta_722|chemberta_723|chemberta_724|chemberta_726|chemberta_730|chemberta_731|chemberta_733|chemberta_735|chemberta_739|chemberta_740|chemberta_741|chemberta_748|chemberta_753|chemberta_754|chemberta_758|chemberta_760|chemberta_763
Gradient Boosting,ChemBERTa,307,0.9838,0.9772,0.9894,0.9929,0.9772,0.9832,0.9722,0.8202,0.7129,0.7906,0.9337,0.7129,0.7457,0.6823,MutualInformation,chemberta_3|chemberta_10|chemberta_12|chemberta_15|chemberta_17|chemberta_20|chemberta_23|chemberta_30|chemberta_31|chemberta_34|chemberta_41|chemberta_43|chemberta_45|chemberta_46|chemberta_51|chemberta_52|chemberta_56|chemberta_58|chemberta_59|chemberta_63|chemberta_64|chemberta_66|chemberta_67|chemberta_68|chemberta_69|chemberta_70|chemberta_72|chemberta_73|chemberta_76|chemberta_81|chemberta_83|chemberta_84|chemberta_91|chemberta_94|chemberta_97|chemberta_98|chemberta_100|chemberta_101|chemberta_107|chemberta_110|chemberta_113|chemberta_118|chemberta_123|chemberta_127|chemberta_128|chemberta_132|chemberta_134|chemberta_136|chemberta_145|chemberta_146|chemberta_147|chemberta_149|chemberta_150|chemberta_158|chemberta_160|chemberta_161|chemberta_169|chemberta_171|chemberta_172|chemberta_174|chemberta_180|chemberta_184|chemberta_186|chemberta_190|chemberta_193|chemberta_198|chemberta_199|chemberta_204|chemberta_212|chemberta_213|chemberta_214|chemberta_215|chemberta_220|chemberta_222|chemberta_224|chemberta_230|chemberta_232|chemberta_233|chemberta_235|chemberta_236|chemberta_239|chemberta_240|chemberta_243|chemberta_245|chemberta_248|chemberta_249|chemberta_253|chemberta_256|chemberta_260|chemberta_262|chemberta_263|chemberta_264|chemberta_267|chemberta_268|chemberta_270|chemberta_271|chemberta_279|chemberta_280|chemberta_282|chemberta_284|chemberta_285|chemberta_286|chemberta_287|chemberta_290|chemberta_291|chemberta_292|chemberta_293|chemberta_296|chemberta_300|chemberta_302|chemberta_304|chemberta_305|chemberta_306|chemberta_307|chemberta_308|chemberta_310|chemberta_311|chemberta_312|chemberta_313|chemberta_314|chemberta_318|chemberta_320|chemberta_321|chemberta_322|chemberta_323|chemberta_324|chemberta_325|chemberta_326|chemberta_330|chemberta_333|chemberta_337|chemberta_340|chemberta_341|chemberta_344|chemberta_345|chemberta_353|chemberta_359|chemberta_360|chemberta_362|chemberta_363|chemberta_364|chemberta_365|chemberta_372|chemberta_373|chemberta_375|chemberta_377|chemberta_379|chemberta_380|chemberta_384|chemberta_386|chemberta_387|chemberta_389|chemberta_390|chemberta_395|chemberta_396|chemberta_397|chemberta_400|chemberta_401|chemberta_402|chemberta_404|chemberta_406|chemberta_412|chemberta_416|chemberta_418|chemberta_420|chemberta_422|chemberta_424|chemberta_426|chemberta_427|chemberta_428|chemberta_429|chemberta_431|chemberta_438|chemberta_439|chemberta_441|chemberta_442|chemberta_444|chemberta_449|chemberta_450|chemberta_451|chemberta_455|chemberta_457|chemberta_460|chemberta_463|chemberta_465|chemberta_466|chemberta_472|chemberta_475|chemberta_476|chemberta_482|chemberta_486|chemberta_487|chemberta_492|chemberta_493|chemberta_503|chemberta_504|chemberta_506|chemberta_508|chemberta_510|chemberta_512|chemberta_513|chemberta_514|chemberta_516|chemberta_522|chemberta_524|chemberta_528|chemberta_529|chemberta_534|chemberta_535|chemberta_536|chemberta_537|chemberta_539|chemberta_540|chemberta_543|chemberta_544|chemberta_545|chemberta_546|chemberta_547|chemberta_549|chemberta_550|chemberta_554|chemberta_556|chemberta_558|chemberta_561|chemberta_562|chemberta_565|chemberta_567|chemberta_570|chemberta_573|chemberta_579|chemberta_581|chemberta_582|chemberta_586|chemberta_587|chemberta_591|chemberta_592|chemberta_593|chemberta_596|chemberta_601|chemberta_602|chemberta_604|chemberta_607|chemberta_609|chemberta_612|chemberta_617|chemberta_622|chemberta_623|chemberta_625|chemberta_626|chemberta_630|chemberta_634|chemberta_635|chemberta_637|chemberta_639|chemberta_642|chemberta_648|chemberta_650|chemberta_653|chemberta_657|chemberta_659|chemberta_663|chemberta_665|chemberta_672|chemberta_675|chemberta_676|chemberta_677|chemberta_678|chemberta_680|chemberta_681|chemberta_682|chemberta_688|chemberta_691|chemberta_692|chemberta_694|chemberta_695|chemberta_697|chemberta_698|chemberta_700|chemberta_702|chemberta_704|chemberta_705|chemberta_706|chemberta_709|chemberta_710|chemberta_711|chemberta_713|chemberta_715|chemberta_716|chemberta_718|chemberta_721|chemberta_722|chemberta_723|chemberta_724|chemberta_726|chemberta_730|chemberta_731|chemberta_733|chemberta_735|chemberta_739|chemberta_740|chemberta_741|chemberta_748|chemberta_753|chemberta_754|chemberta_758|chemberta_760|chemberta_763
AdaBoost,ChemBERTa,307,0.6477,0.3269,0.4648,0.8455,0.3269,0.3378,0.2956,0.6502,0.3227,0.4627,0.8467,0.3227,0.33,0.3011,MutualInformation,chemberta_3|chemberta_10|chemberta_12|chemberta_15|chemberta_17|chemberta_20|chemberta_23|chemberta_30|chemberta_31|chemberta_34|chemberta_41|chemberta_43|chemberta_45|chemberta_46|chemberta_51|chemberta_52|chemberta_56|chemberta_58|chemberta_59|chemberta_63|chemberta_64|chemberta_66|chemberta_67|chemberta_68|chemberta_69|chemberta_70|chemberta_72|chemberta_73|chemberta_76|chemberta_81|chemberta_83|chemberta_84|chemberta_91|chemberta_94|chemberta_97|chemberta_98|chemberta_100|chemberta_101|chemberta_107|chemberta_110|chemberta_113|chemberta_118|chemberta_123|chemberta_127|chemberta_128|chemberta_132|chemberta_134|chemberta_136|chemberta_145|chemberta_146|chemberta_147|chemberta_149|chemberta_150|chemberta_158|chemberta_160|chemberta_161|chemberta_169|chemberta_171|chemberta_172|chemberta_174|chemberta_180|chemberta_184|chemberta_186|chemberta_190|chemberta_193|chemberta_198|chemberta_199|chemberta_204|chemberta_212|chemberta_213|chemberta_214|chemberta_215|chemberta_220|chemberta_222|chemberta_224|chemberta_230|chemberta_232|chemberta_233|chemberta_235|chemberta_236|chemberta_239|chemberta_240|chemberta_243|chemberta_245|chemberta_248|chemberta_249|chemberta_253|chemberta_256|chemberta_260|chemberta_262|chemberta_263|chemberta_264|chemberta_267|chemberta_268|chemberta_270|chemberta_271|chemberta_279|chemberta_280|chemberta_282|chemberta_284|chemberta_285|chemberta_286|chemberta_287|chemberta_290|chemberta_291|chemberta_292|chemberta_293|chemberta_296|chemberta_300|chemberta_302|chemberta_304|chemberta_305|chemberta_306|chemberta_307|chemberta_308|chemberta_310|chemberta_311|chemberta_312|chemberta_313|chemberta_314|chemberta_318|chemberta_320|chemberta_321|chemberta_322|chemberta_323|chemberta_324|chemberta_325|chemberta_326|chemberta_330|chemberta_333|chemberta_337|chemberta_340|chemberta_341|chemberta_344|chemberta_345|chemberta_353|chemberta_359|chemberta_360|chemberta_362|chemberta_363|chemberta_364|chemberta_365|chemberta_372|chemberta_373|chemberta_375|chemberta_377|chemberta_379|chemberta_380|chemberta_384|chemberta_386|chemberta_387|chemberta_389|chemberta_390|chemberta_395|chemberta_396|chemberta_397|chemberta_400|chemberta_401|chemberta_402|chemberta_404|chemberta_406|chemberta_412|chemberta_416|chemberta_418|chemberta_420|chemberta_422|chemberta_424|chemberta_426|chemberta_427|chemberta_428|chemberta_429|chemberta_431|chemberta_438|chemberta_439|chemberta_441|chemberta_442|chemberta_444|chemberta_449|chemberta_450|chemberta_451|chemberta_455|chemberta_457|chemberta_460|chemberta_463|chemberta_465|chemberta_466|chemberta_472|chemberta_475|chemberta_476|chemberta_482|chemberta_486|chemberta_487|chemberta_492|chemberta_493|chemberta_503|chemberta_504|chemberta_506|chemberta_508|chemberta_510|chemberta_512|chemberta_513|chemberta_514|chemberta_516|chemberta_522|chemberta_524|chemberta_528|chemberta_529|chemberta_534|chemberta_535|chemberta_536|chemberta_537|chemberta_539|chemberta_540|chemberta_543|chemberta_544|chemberta_545|chemberta_546|chemberta_547|chemberta_549|chemberta_550|chemberta_554|chemberta_556|chemberta_558|chemberta_561|chemberta_562|chemberta_565|chemberta_567|chemberta_570|chemberta_573|chemberta_579|chemberta_581|chemberta_582|chemberta_586|chemberta_587|chemberta_591|chemberta_592|chemberta_593|chemberta_596|chemberta_601|chemberta_602|chemberta_604|chemberta_607|chemberta_609|chemberta_612|chemberta_617|chemberta_622|chemberta_623|chemberta_625|chemberta_626|chemberta_630|chemberta_634|chemberta_635|chemberta_637|chemberta_639|chemberta_642|chemberta_648|chemberta_650|chemberta_653|chemberta_657|chemberta_659|chemberta_663|chemberta_665|chemberta_672|chemberta_675|chemberta_676|chemberta_677|chemberta_678|chemberta_680|chemberta_681|chemberta_682|chemberta_688|chemberta_691|chemberta_692|chemberta_694|chemberta_695|chemberta_697|chemberta_698|chemberta_700|chemberta_702|chemberta_704|chemberta_705|chemberta_706|chemberta_709|chemberta_710|chemberta_711|chemberta_713|chemberta_715|chemberta_716|chemberta_718|chemberta_721|chemberta_722|chemberta_723|chemberta_724|chemberta_726|chemberta_730|chemberta_731|chemberta_733|chemberta_735|chemberta_739|chemberta_740|chemberta_741|chemberta_748|chemberta_753|chemberta_754|chemberta_758|chemberta_760|chemberta_763
XGBoost,ChemBERTa,307,0.9999,0.9999,1.0,1.0,0.9999,0.9999,0.9999,0.8348,0.7494,0.8097,0.9396,0.7494,0.7758,0.7098,MutualInformation,chemberta_3|chemberta_10|chemberta_12|chemberta_15|chemberta_17|chemberta_20|chemberta_23|chemberta_30|chemberta_31|chemberta_34|chemberta_41|chemberta_43|chemberta_45|chemberta_46|chemberta_51|chemberta_52|chemberta_56|chemberta_58|chemberta_59|chemberta_63|chemberta_64|chemberta_66|chemberta_67|chemberta_68|chemberta_69|chemberta_70|chemberta_72|chemberta_73|chemberta_76|chemberta_81|chemberta_83|chemberta_84|chemberta_91|chemberta_94|chemberta_97|chemberta_98|chemberta_100|chemberta_101|chemberta_107|chemberta_110|chemberta_113|chemberta_118|chemberta_123|chemberta_127|chemberta_128|chemberta_132|chemberta_134|chemberta_136|chemberta_145|chemberta_146|chemberta_147|chemberta_149|chemberta_150|chemberta_158|chemberta_160|chemberta_161|chemberta_169|chemberta_171|chemberta_172|chemberta_174|chemberta_180|chemberta_184|chemberta_186|chemberta_190|chemberta_193|chemberta_198|chemberta_199|chemberta_204|chemberta_212|chemberta_213|chemberta_214|chemberta_215|chemberta_220|chemberta_222|chemberta_224|chemberta_230|chemberta_232|chemberta_233|chemberta_235|chemberta_236|chemberta_239|chemberta_240|chemberta_243|chemberta_245|chemberta_248|chemberta_249|chemberta_253|chemberta_256|chemberta_260|chemberta_262|chemberta_263|chemberta_264|chemberta_267|chemberta_268|chemberta_270|chemberta_271|chemberta_279|chemberta_280|chemberta_282|chemberta_284|chemberta_285|chemberta_286|chemberta_287|chemberta_290|chemberta_291|chemberta_292|chemberta_293|chemberta_296|chemberta_300|chemberta_302|chemberta_304|chemberta_305|chemberta_306|chemberta_307|chemberta_308|chemberta_310|chemberta_311|chemberta_312|chemberta_313|chemberta_314|chemberta_318|chemberta_320|chemberta_321|chemberta_322|chemberta_323|chemberta_324|chemberta_325|chemberta_326|chemberta_330|chemberta_333|chemberta_337|chemberta_340|chemberta_341|chemberta_344|chemberta_345|chemberta_353|chemberta_359|chemberta_360|chemberta_362|chemberta_363|chemberta_364|chemberta_365|chemberta_372|chemberta_373|chemberta_375|chemberta_377|chemberta_379|chemberta_380|chemberta_384|chemberta_386|chemberta_387|chemberta_389|chemberta_390|chemberta_395|chemberta_396|chemberta_397|chemberta_400|chemberta_401|chemberta_402|chemberta_404|chemberta_406|chemberta_412|chemberta_416|chemberta_418|chemberta_420|chemberta_422|chemberta_424|chemberta_426|chemberta_427|chemberta_428|chemberta_429|chemberta_431|chemberta_438|chemberta_439|chemberta_441|chemberta_442|chemberta_444|chemberta_449|chemberta_450|chemberta_451|chemberta_455|chemberta_457|chemberta_460|chemberta_463|chemberta_465|chemberta_466|chemberta_472|chemberta_475|chemberta_476|chemberta_482|chemberta_486|chemberta_487|chemberta_492|chemberta_493|chemberta_503|chemberta_504|chemberta_506|chemberta_508|chemberta_510|chemberta_512|chemberta_513|chemberta_514|chemberta_516|chemberta_522|chemberta_524|chemberta_528|chemberta_529|chemberta_534|chemberta_535|chemberta_536|chemberta_537|chemberta_539|chemberta_540|chemberta_543|chemberta_544|chemberta_545|chemberta_546|chemberta_547|chemberta_549|chemberta_550|chemberta_554|chemberta_556|chemberta_558|chemberta_561|chemberta_562|chemberta_565|chemberta_567|chemberta_570|chemberta_573|chemberta_579|chemberta_581|chemberta_582|chemberta_586|chemberta_587|chemberta_591|chemberta_592|chemberta_593|chemberta_596|chemberta_601|chemberta_602|chemberta_604|chemberta_607|chemberta_609|chemberta_612|chemberta_617|chemberta_622|chemberta_623|chemberta_625|chemberta_626|chemberta_630|chemberta_634|chemberta_635|chemberta_637|chemberta_639|chemberta_642|chemberta_648|chemberta_650|chemberta_653|chemberta_657|chemberta_659|chemberta_663|chemberta_665|chemberta_672|chemberta_675|chemberta_676|chemberta_677|chemberta_678|chemberta_680|chemberta_681|chemberta_682|chemberta_688|chemberta_691|chemberta_692|chemberta_694|chemberta_695|chemberta_697|chemberta_698|chemberta_700|chemberta_702|chemberta_704|chemberta_705|chemberta_706|chemberta_709|chemberta_710|chemberta_711|chemberta_713|chemberta_715|chemberta_716|chemberta_718|chemberta_721|chemberta_722|chemberta_723|chemberta_724|chemberta_726|chemberta_730|chemberta_731|chemberta_733|chemberta_735|chemberta_739|chemberta_740|chemberta_741|chemberta_748|chemberta_753|chemberta_754|chemberta_758|chemberta_760|chemberta_763
SVM,ChemBERTa,307,0.9022,0.8684,0.8891,0.9647,0.8684,0.8775,0.831,0.8471,0.778,0.8207,0.9456,0.778,0.7953,0.7337,MutualInformation,chemberta_3|chemberta_10|chemberta_12|chemberta_15|chemberta_17|chemberta_20|chemberta_23|chemberta_30|chemberta_31|chemberta_34|chemberta_41|chemberta_43|chemberta_45|chemberta_46|chemberta_51|chemberta_52|chemberta_56|chemberta_58|chemberta_59|chemberta_63|chemberta_64|chemberta_66|chemberta_67|chemberta_68|chemberta_69|chemberta_70|chemberta_72|chemberta_73|chemberta_76|chemberta_81|chemberta_83|chemberta_84|chemberta_91|chemberta_94|chemberta_97|chemberta_98|chemberta_100|chemberta_101|chemberta_107|chemberta_110|chemberta_113|chemberta_118|chemberta_123|chemberta_127|chemberta_128|chemberta_132|chemberta_134|chemberta_136|chemberta_145|chemberta_146|chemberta_147|chemberta_149|chemberta_150|chemberta_158|chemberta_160|chemberta_161|chemberta_169|chemberta_171|chemberta_172|chemberta_174|chemberta_180|chemberta_184|chemberta_186|chemberta_190|chemberta_193|chemberta_198|chemberta_199|chemberta_204|chemberta_212|chemberta_213|chemberta_214|chemberta_215|chemberta_220|chemberta_222|chemberta_224|chemberta_230|chemberta_232|chemberta_233|chemberta_235|chemberta_236|chemberta_239|chemberta_240|chemberta_243|chemberta_245|chemberta_248|chemberta_249|chemberta_253|chemberta_256|chemberta_260|chemberta_262|chemberta_263|chemberta_264|chemberta_267|chemberta_268|chemberta_270|chemberta_271|chemberta_279|chemberta_280|chemberta_282|chemberta_284|chemberta_285|chemberta_286|chemberta_287|chemberta_290|chemberta_291|chemberta_292|chemberta_293|chemberta_296|chemberta_300|chemberta_302|chemberta_304|chemberta_305|chemberta_306|chemberta_307|chemberta_308|chemberta_310|chemberta_311|chemberta_312|chemberta_313|chemberta_314|chemberta_318|chemberta_320|chemberta_321|chemberta_322|chemberta_323|chemberta_324|chemberta_325|chemberta_326|chemberta_330|chemberta_333|chemberta_337|chemberta_340|chemberta_341|chemberta_344|chemberta_345|chemberta_353|chemberta_359|chemberta_360|chemberta_362|chemberta_363|chemberta_364|chemberta_365|chemberta_372|chemberta_373|chemberta_375|chemberta_377|chemberta_379|chemberta_380|chemberta_384|chemberta_386|chemberta_387|chemberta_389|chemberta_390|chemberta_395|chemberta_396|chemberta_397|chemberta_400|chemberta_401|chemberta_402|chemberta_404|chemberta_406|chemberta_412|chemberta_416|chemberta_418|chemberta_420|chemberta_422|chemberta_424|chemberta_426|chemberta_427|chemberta_428|chemberta_429|chemberta_431|chemberta_438|chemberta_439|chemberta_441|chemberta_442|chemberta_444|chemberta_449|chemberta_450|chemberta_451|chemberta_455|chemberta_457|chemberta_460|chemberta_463|chemberta_465|chemberta_466|chemberta_472|chemberta_475|chemberta_476|chemberta_482|chemberta_486|chemberta_487|chemberta_492|chemberta_493|chemberta_503|chemberta_504|chemberta_506|chemberta_508|chemberta_510|chemberta_512|chemberta_513|chemberta_514|chemberta_516|chemberta_522|chemberta_524|chemberta_528|chemberta_529|chemberta_534|chemberta_535|chemberta_536|chemberta_537|chemberta_539|chemberta_540|chemberta_543|chemberta_544|chemberta_545|chemberta_546|chemberta_547|chemberta_549|chemberta_550|chemberta_554|chemberta_556|chemberta_558|chemberta_561|chemberta_562|chemberta_565|chemberta_567|chemberta_570|chemberta_573|chemberta_579|chemberta_581|chemberta_582|chemberta_586|chemberta_587|chemberta_591|chemberta_592|chemberta_593|chemberta_596|chemberta_601|chemberta_602|chemberta_604|chemberta_607|chemberta_609|chemberta_612|chemberta_617|chemberta_622|chemberta_623|chemberta_625|chemberta_626|chemberta_630|chemberta_634|chemberta_635|chemberta_637|chemberta_639|chemberta_642|chemberta_648|chemberta_650|chemberta_653|chemberta_657|chemberta_659|chemberta_663|chemberta_665|chemberta_672|chemberta_675|chemberta_676|chemberta_677|chemberta_678|chemberta_680|chemberta_681|chemberta_682|chemberta_688|chemberta_691|chemberta_692|chemberta_694|chemberta_695|chemberta_697|chemberta_698|chemberta_700|chemberta_702|chemberta_704|chemberta_705|chemberta_706|chemberta_709|chemberta_710|chemberta_711|chemberta_713|chemberta_715|chemberta_716|chemberta_718|chemberta_721|chemberta_722|chemberta_723|chemberta_724|chemberta_726|chemberta_730|chemberta_731|chemberta_733|chemberta_735|chemberta_739|chemberta_740|chemberta_741|chemberta_748|chemberta_753|chemberta_754|chemberta_758|chemberta_760|chemberta_763
BiGRU,ChemBERTa,307,0.9121,0.9181,0.887,0.9748,0.9181,0.8992,0.8552,0.8454,0.8094,0.792,0.9545,0.8094,0.796,0.7429,MutualInformation,chemberta_3|chemberta_10|chemberta_12|chemberta_15|chemberta_17|chemberta_20|chemberta_23|chemberta_30|chemberta_31|chemberta_34|chemberta_41|chemberta_43|chemberta_45|chemberta_46|chemberta_51|chemberta_52|chemberta_56|chemberta_58|chemberta_59|chemberta_63|chemberta_64|chemberta_66|chemberta_67|chemberta_68|chemberta_69|chemberta_70|chemberta_72|chemberta_73|chemberta_76|chemberta_81|chemberta_83|chemberta_84|chemberta_91|chemberta_94|chemberta_97|chemberta_98|chemberta_100|chemberta_101|chemberta_107|chemberta_110|chemberta_113|chemberta_118|chemberta_123|chemberta_127|chemberta_128|chemberta_132|chemberta_134|chemberta_136|chemberta_145|chemberta_146|chemberta_147|chemberta_149|chemberta_150|chemberta_158|chemberta_160|chemberta_161|chemberta_169|chemberta_171|chemberta_172|chemberta_174|chemberta_180|chemberta_184|chemberta_186|chemberta_190|chemberta_193|chemberta_198|chemberta_199|chemberta_204|chemberta_212|chemberta_213|chemberta_214|chemberta_215|chemberta_220|chemberta_222|chemberta_224|chemberta_230|chemberta_232|chemberta_233|chemberta_235|chemberta_236|chemberta_239|chemberta_240|chemberta_243|chemberta_245|chemberta_248|chemberta_249|chemberta_253|chemberta_256|chemberta_260|chemberta_262|chemberta_263|chemberta_264|chemberta_267|chemberta_268|chemberta_270|chemberta_271|chemberta_279|chemberta_280|chemberta_282|chemberta_284|chemberta_285|chemberta_286|chemberta_287|chemberta_290|chemberta_291|chemberta_292|chemberta_293|chemberta_296|chemberta_300|chemberta_302|chemberta_304|chemberta_305|chemberta_306|chemberta_307|chemberta_308|chemberta_310|chemberta_311|chemberta_312|chemberta_313|chemberta_314|chemberta_318|chemberta_320|chemberta_321|chemberta_322|chemberta_323|chemberta_324|chemberta_325|chemberta_326|chemberta_330|chemberta_333|chemberta_337|chemberta_340|chemberta_341|chemberta_344|chemberta_345|chemberta_353|chemberta_359|chemberta_360|chemberta_362|chemberta_363|chemberta_364|chemberta_365|chemberta_372|chemberta_373|chemberta_375|chemberta_377|chemberta_379|chemberta_380|chemberta_384|chemberta_386|chemberta_387|chemberta_389|chemberta_390|chemberta_395|chemberta_396|chemberta_397|chemberta_400|chemberta_401|chemberta_402|chemberta_404|chemberta_406|chemberta_412|chemberta_416|chemberta_418|chemberta_420|chemberta_422|chemberta_424|chemberta_426|chemberta_427|chemberta_428|chemberta_429|chemberta_431|chemberta_438|chemberta_439|chemberta_441|chemberta_442|chemberta_444|chemberta_449|chemberta_450|chemberta_451|chemberta_455|chemberta_457|chemberta_460|chemberta_463|chemberta_465|chemberta_466|chemberta_472|chemberta_475|chemberta_476|chemberta_482|chemberta_486|chemberta_487|chemberta_492|chemberta_493|chemberta_503|chemberta_504|chemberta_506|chemberta_508|chemberta_510|chemberta_512|chemberta_513|chemberta_514|chemberta_516|chemberta_522|chemberta_524|chemberta_528|chemberta_529|chemberta_534|chemberta_535|chemberta_536|chemberta_537|chemberta_539|chemberta_540|chemberta_543|chemberta_544|chemberta_545|chemberta_546|chemberta_547|chemberta_549|chemberta_550|chemberta_554|chemberta_556|chemberta_558|chemberta_561|chemberta_562|chemberta_565|chemberta_567|chemberta_570|chemberta_573|chemberta_579|chemberta_581|chemberta_582|chemberta_586|chemberta_587|chemberta_591|chemberta_592|chemberta_593|chemberta_596|chemberta_601|chemberta_602|chemberta_604|chemberta_607|chemberta_609|chemberta_612|chemberta_617|chemberta_622|chemberta_623|chemberta_625|chemberta_626|chemberta_630|chemberta_634|chemberta_635|chemberta_637|chemberta_639|chemberta_642|chemberta_648|chemberta_650|chemberta_653|chemberta_657|chemberta_659|chemberta_663|chemberta_665|chemberta_672|chemberta_675|chemberta_676|chemberta_677|chemberta_678|chemberta_680|chemberta_681|chemberta_682|chemberta_688|chemberta_691|chemberta_692|chemberta_694|chemberta_695|chemberta_697|chemberta_698|chemberta_700|chemberta_702|chemberta_704|chemberta_705|chemberta_706|chemberta_709|chemberta_710|chemberta_711|chemberta_713|chemberta_715|chemberta_716|chemberta_718|chemberta_721|chemberta_722|chemberta_723|chemberta_724|chemberta_726|chemberta_730|chemberta_731|chemberta_733|chemberta_735|chemberta_739|chemberta_740|chemberta_741|chemberta_748|chemberta_753|chemberta_754|chemberta_758|chemberta_760|chemberta_763
BiLSTM,ChemBERTa,307,0.9416,0.9402,0.924,0.9822,0.9402,0.9313,0.9015,0.8387,0.7845,0.7889,0.9491,0.7845,0.7857,0.7251,MutualInformation,chemberta_3|chemberta_10|chemberta_12|chemberta_15|chemberta_17|chemberta_20|chemberta_23|chemberta_30|chemberta_31|chemberta_34|chemberta_41|chemberta_43|chemberta_45|chemberta_46|chemberta_51|chemberta_52|chemberta_56|chemberta_58|chemberta_59|chemberta_63|chemberta_64|chemberta_66|chemberta_67|chemberta_68|chemberta_69|chemberta_70|chemberta_72|chemberta_73|chemberta_76|chemberta_81|chemberta_83|chemberta_84|chemberta_91|chemberta_94|chemberta_97|chemberta_98|chemberta_100|chemberta_101|chemberta_107|chemberta_110|chemberta_113|chemberta_118|chemberta_123|chemberta_127|chemberta_128|chemberta_132|chemberta_134|chemberta_136|chemberta_145|chemberta_146|chemberta_147|chemberta_149|chemberta_150|chemberta_158|chemberta_160|chemberta_161|chemberta_169|chemberta_171|chemberta_172|chemberta_174|chemberta_180|chemberta_184|chemberta_186|chemberta_190|chemberta_193|chemberta_198|chemberta_199|chemberta_204|chemberta_212|chemberta_213|chemberta_214|chemberta_215|chemberta_220|chemberta_222|chemberta_224|chemberta_230|chemberta_232|chemberta_233|chemberta_235|chemberta_236|chemberta_239|chemberta_240|chemberta_243|chemberta_245|chemberta_248|chemberta_249|chemberta_253|chemberta_256|chemberta_260|chemberta_262|chemberta_263|chemberta_264|chemberta_267|chemberta_268|chemberta_270|chemberta_271|chemberta_279|chemberta_280|chemberta_282|chemberta_284|chemberta_285|chemberta_286|chemberta_287|chemberta_290|chemberta_291|chemberta_292|chemberta_293|chemberta_296|chemberta_300|chemberta_302|chemberta_304|chemberta_305|chemberta_306|chemberta_307|chemberta_308|chemberta_310|chemberta_311|chemberta_312|chemberta_313|chemberta_314|chemberta_318|chemberta_320|chemberta_321|chemberta_322|chemberta_323|chemberta_324|chemberta_325|chemberta_326|chemberta_330|chemberta_333|chemberta_337|chemberta_340|chemberta_341|chemberta_344|chemberta_345|chemberta_353|chemberta_359|chemberta_360|chemberta_362|chemberta_363|chemberta_364|chemberta_365|chemberta_372|chemberta_373|chemberta_375|chemberta_377|chemberta_379|chemberta_380|chemberta_384|chemberta_386|chemberta_387|chemberta_389|chemberta_390|chemberta_395|chemberta_396|chemberta_397|chemberta_400|chemberta_401|chemberta_402|chemberta_404|chemberta_406|chemberta_412|chemberta_416|chemberta_418|chemberta_420|chemberta_422|chemberta_424|chemberta_426|chemberta_427|chemberta_428|chemberta_429|chemberta_431|chemberta_438|chemberta_439|chemberta_441|chemberta_442|chemberta_444|chemberta_449|chemberta_450|chemberta_451|chemberta_455|chemberta_457|chemberta_460|chemberta_463|chemberta_465|chemberta_466|chemberta_472|chemberta_475|chemberta_476|chemberta_482|chemberta_486|chemberta_487|chemberta_492|chemberta_493|chemberta_503|chemberta_504|chemberta_506|chemberta_508|chemberta_510|chemberta_512|chemberta_513|chemberta_514|chemberta_516|chemberta_522|chemberta_524|chemberta_528|chemberta_529|chemberta_534|chemberta_535|chemberta_536|chemberta_537|chemberta_539|chemberta_540|chemberta_543|chemberta_544|chemberta_545|chemberta_546|chemberta_547|chemberta_549|chemberta_550|chemberta_554|chemberta_556|chemberta_558|chemberta_561|chemberta_562|chemberta_565|chemberta_567|chemberta_570|chemberta_573|chemberta_579|chemberta_581|chemberta_582|chemberta_586|chemberta_587|chemberta_591|chemberta_592|chemberta_593|chemberta_596|chemberta_601|chemberta_602|chemberta_604|chemberta_607|chemberta_609|chemberta_612|chemberta_617|chemberta_622|chemberta_623|chemberta_625|chemberta_626|chemberta_630|chemberta_634|chemberta_635|chemberta_637|chemberta_639|chemberta_642|chemberta_648|chemberta_650|chemberta_653|chemberta_657|chemberta_659|chemberta_663|chemberta_665|chemberta_672|chemberta_675|chemberta_676|chemberta_677|chemberta_678|chemberta_680|chemberta_681|chemberta_682|chemberta_688|chemberta_691|chemberta_692|chemberta_694|chemberta_695|chemberta_697|chemberta_698|chemberta_700|chemberta_702|chemberta_704|chemberta_705|chemberta_706|chemberta_709|chemberta_710|chemberta_711|chemberta_713|chemberta_715|chemberta_716|chemberta_718|chemberta_721|chemberta_722|chemberta_723|chemberta_724|chemberta_726|chemberta_730|chemberta_731|chemberta_733|chemberta_735|chemberta_739|chemberta_740|chemberta_741|chemberta_748|chemberta_753|chemberta_754|chemberta_758|chemberta_760|chemberta_763
